Id	Name	OriginalTitle	Path	Genres	OriginalLanguage	ProductionYear	Studios
f16852ef-1f49-aa4a-75d3-d23949adccb6	#blackAF	#blackAF	N:\Series\#blackAF	Comédia	en	2020	Netflix
2d7835db-ae18-ccea-3ceb-e5f77968a4cc	(fdp)	(fdp)	N:\Series\fdp	Comédia|Drama	pt	2012	HBO Brasil|
f169c07b-eab9-4068-9b9e-439f124acb6d	(In)Vulneráveis	(In)Vulneráveis	N:\Series\(In)Vulneráveis		pt	2026	Universal Channel
1cb24e46-a733-88e2-13f0-990245f945c9	011ZE: Nova Geração	O11CE: Nueva generación	N:\Series\011ZE - Nova Geração	Drama	es	2026	Disney+
7af8b3ea-8914-329a-4511-863e83575858	1 Contra Todos	1 Contra Todos	N:\Series\1 Contra Todos	Drama|Crime	pt	2016	Fox Brasil
588f036c-42ee-b1c8-d5b0-19ed2490e4e6	11.22.63	11.22.63	N:\Series\11.22.63	Drama|Sci-Fi & Fantasy	en	2016	Hulu
bebdad6e-d3d3-4b7a-c35e-6635b0c13f7b	13 Reasons Why	13 Reasons Why	N:\Series\13 Reasons Why	Drama|Mistério	en	2017	Netflix
c596aa99-b397-1eea-d003-1a03b7d1d3f1	1670	1670	N:\Series\1670	Comédia	pl	2023	Netflix
1e044063-9a7c-282a-9f70-39d95874608c	1883	1883	N:\Series\1883	Drama|Faroeste	en	2021	Paramount+
151daca7-d210-c54c-bc7e-47fc887acd26	1899	1899	N:\Series\1899	Mistério|Drama	de	2022	Netflix
fc650a57-dde6-02f9-6ff2-f10492a713d1	1923	1923	N:\Series\1923	Drama|Faroeste	en	2022	Paramount+
7193a480-2eeb-c8ef-2da5-86f61f188830	24 Horas	24	N:\Series\24 Horas	Action & Adventure|Drama|Crime	en	2001	FOX
193134fb-e534-23a9-fb7c-45ad158b4fbb	24 Horas: O Legado	24: Legacy	N:\Series\24 Horas - O Legado	Crime|Drama|Mistério	en	2017	FOX
26a1857b-ab43-0d1e-2e24-efbb05ccbb8f	28 Dias Assombrados	28 Days Haunted	N:\Series\28 Dias Assombrados	Reality	en	2022	Netflix
104e070c-9944-aeed-aec8-7494e4806831	3 Tonelada$: Assalto ao Banco Central	3 Tonelada$: Assalto ao Banco Central	N:\Series\3 ToneladaS - Assalto ao Banco Central	Documentário	pt	2022	Netflix
dcdcb4ae-3d1f-4401-0013-b288d049d53f	3.2.1, Adeus e Ponto Final	NULL	N:\Series\3.2.1, Adeus e Ponto Final	Liderança Feminina	NULL	2026	
2cfd04e8-44c0-6d5d-96b6-072065f43087	30 Moedas	30 monedas	N:\Series\30 Monedas	Crime|Mistério|Drama	es	2020	HBO España|HBO Max
e26d9f46-55e8-22b2-c604-5b511b705dd5	30 Segundos	30 Segundos	N:\Series\30 Segundos	Documentário	pt	2022	HBO Max
c9da6e17-c609-89ce-c6be-e36aaa661681	4 Blocks	4 Blocks	N:\Series\4 Blocks	Crime|Drama	de	2017	TNT Serie
73ee4bae-7fde-638c-ab76-2640c96976a1	4 Contra o Apocalipse	The Last Kids on Earth	N:\Series\4 Contra o Apocalipse	Animação|Comédia|Sci-Fi & Fantasy	en	2019	Netflix
b9cf7453-b78f-bcc3-93e7-e2057c424eb0	44 Gatos	44 Gatti	N:\Series\44 Gatos	Animação|Comédia|Kids|Action & Adventure|Família	it	2018	Rai YoYo
bf04a5bb-df2f-367c-3565-c9686408f852	50 Segundos: O Caso Fernando Báez Sosa	50 segundos: El caso Fernando Báez Sosa	N:\Series\50 Segundos - O Caso Fernando Báez Sosa	Documentário|Crime	es	2025	Netflix
92dcf5ef-3380-c3b0-9bf5-c3f4d6205c6b	50M²	50M²	N:\Series\50M2	Crime|Mistério	tr	2021	Netflix
d4eda0ef-591f-5f31-f844-e063f774be71	56 Dias	56 Days	N:\Series\56 Dias	Drama|Crime|Mistério	en	2026	Prime Video
cffe05b8-6dde-7f8c-d14e-f50c6e8fe2f6	5x Comédia	5x Comédia	N:\Series\5x Comédia	Comédia	pt	2021	Prime Video
26452814-1a01-a6ce-6c0a-0189909225a5	7 Faces	7YÜZ	N:\Series\7 Faces	Drama|Mistério	tr	2017	BluTV
d829700c-95ed-dc41-a9ae-930ea4807257	8 Dias	8 Tage	N:\Series\8 Dias	Action & Adventure|Drama|Sci-Fi & Fantasy	de	2019	Sky One
d6674c23-fff4-9790-fcd8-267deaa76286	86 EIGHTY-SIX	８６―エイティシックス―	N:\Series\86 Eighty-Six	Animação|Action & Adventure|Sci-Fi & Fantasy|War & Politics	ja	2021	Gunma TV|Tokyo MX|BS11|Tochigi TV
e6978104-5dcc-5b19-45c3-95bdf3b5f6e5	9-1-1	9-1-1	N:\Series\9-1-1	Drama|Crime|Action & Adventure	en	2018	ABC|FOX
a71985bf-d038-1fbc-1875-eeef74e14c5d	9-1-1: Lone Star	9-1-1: Lone Star	N:\Series\9-1-1 - Lone Star	Drama|Action & Adventure|Crime	en	2020	FOX
e4082816-3011-00e3-037e-d3308d7016c3	9-1-1: Nashville	9-1-1: Nashville	N:\Series\9-1-1 - Nashville	Drama|Action & Adventure	en	2025	ABC
49c10ba5-6195-0e1b-5a99-64dcc2b181ee	90 Dias Na Cama: Tô na Caça!	90 Day: Hunt For Love Between the Sheets	N:\Series\90 Dias Na Cama - Tô na Caça!	Reality	en	2025	TLC
00043c79-9ff7-2ae1-18db-e519c09ee91b	90 Dias na Cozinha	90 Day: Foody Call	N:\Series\90 Dias na Cozinha	Reality	en	2021	discovery+
140659ea-d694-8fcc-64c1-d3bb33c2f1e2	90 Dias Para Casar	90 Day Fiancé	N:\Series\90 Dias Para Casar	Reality	en	2014	TLC
1760aacd-74a8-91e1-ceaa-6dfc4f06dfa0	90 Dias Para Casar - Reino Unido	90 Day Fiancé UK	N:\Series\90 Dias Para Casar - Reino Unido	Reality	en	2022	discovery+
411c8d29-8ec6-7796-c6d9-7d3fc6f1b3bb	90 Dias para Casar Do Outro Lado: Contra Ataque	90 Day Fiancé: TOW Strikes Back!	N:\Series\90 Dias para Casar Do Outro Lado - Contra Ataque	Reality	en	2021	discovery+
8c07895c-b79e-087a-dbbf-8f9c70e4957d	90 Dias Para Casar: A Última Chance	90 Day: The Last Resort	N:\Series\90 Dias Para Casar - A Última Chance	Reality	en	2023	TLC
24dfa0c1-624a-2245-04b8-88ee679f28c1	90 Dias para Casar: Antes dos 90 Dias	90 Day Fiancé: Before the 90 Days	N:\Series\90 Dias para Casar - Antes dos 90 Dias	Reality	en	2017	TLC
c3bee51e-356f-d9a9-1441-73639b42052e	90 Dias para Casar: Do Outro Lado	90 Day Fiancé: The Other Way	N:\Series\90 Dias para Casar - Do Outro Lado	Reality	en	2019	TLC
95300368-119f-74c7-ad33-bcd940512d34	90 Dias Para Casar: Felizes Para Sempre?	90 Day Fiancé: Happily Ever After?	N:\Series\90 Dias Para Casar - Felizes Para Sempre_	Reality	en	2016	TLC
c3548ddd-9882-eb3f-55d2-dcb4e4324ab1	90 Dias Para Ficar Milionário	Undercover Billionaire	N:\Series\90 Dias Para Ficar Milionário	Reality	en	2019	Discovery
5b2752bd-6850-36b3-46ed-7435b92f91e0	90 Dias: De Volta Pra Pista	90 Day: The Single Life	N:\Series\90 Dias - De Volta Pra Pista	Reality|Drama	en	2021	TLC|discovery+
dc6f08da-a0a2-c220-06b2-bc45c8a19b35	90 Dias: Tô na Caça!	90 Day: Hunt for Love	N:\Series\90 Dias - Tô na Caça!	Reality	en	2025	TLC
a4e5e375-ca21-f1e0-d86c-e237b36f60d0	90 Minutos	90 Minutes	N:\Series\90 Minutos	Drama	en	2025	Peacock
0b7c4af9-2c57-d1d1-a891-e96a32b23cea	91 Days	91Days	N:\Series\91 Days	Animação|Crime|Drama	ja	2016	TBS
bd5e3bd8-0fb5-c175-5c5a-a382245a1de8	99 Amuletos, 99 Desilusões	NULL	N:\Series\99 Amuletos, 99 Desilusões		NULL	NULL	
30253b1c-ac9a-8e81-5730-7774315417ab	99 Perdões, Um Adeus	NULL	N:\Series\99 Perdões, Um Adeus		NULL	NULL	
bce0e395-44b8-dc23-2344-a88062b5e105	99 Promessas de Amor, Um Adeus em Um Segundo	NULL	N:\Series\99 Promessas de Amor, Um Adeus em Um Segundo		NULL	NULL	
81c78959-0958-dfa8-ac2d-197f7319cbfa	A 99ª Prova de um Amor Superado	NULL	N:\Series\A 99ª Prova de um Amor Superado	Relacionamento Tóxico|Liderança Feminina	NULL	2025	
255b112e-2339-5569-2732-7d47bf8f8342	A Academia	La academia	N:\Series\A Academia (2024)	Drama	es	2024	TV3
3dc3694a-f70f-c4e8-59e4-29c3c2d1a478	A Agência	Menajerimi Ara	N:\Series\A Agência (2020)	Drama|Comédia|Documentário	tr	2020	Star TV
b5a23d1e-54a5-4622-abd1-b533e7f4fa90	A Agência	The Agency	N:\Series\A Agência (2024)	Drama|Mistério	en	2024	Paramount+|Paramount+ with Showtime
9788ab19-f687-c6a2-1483-d3d6ffc198ae	A Agente	Legenden	N:\Series\A Agente (2025)	Drama|Crime	da	2025	Netflix
d9aa80d3-6633-fadb-7b48-b6563ced398a	A Agente Secreta que Enriquecia com a Família	NULL	N:\Series\A Agente Secreta que Enriquecia com a Família		NULL	NULL	
4e2c650f-9d0c-922c-8bfa-2443c9702cc7	A Amante Contratada do Bilionário	NULL	N:\Series\A Amante Contratada do Bilionário		NULL	NULL	
9e851295-5e25-f512-861f-dc1389253660	A Andorinha de Ouro Volta ao Ninho	NULL	N:\Series\A Andorinha de Ouro Volta ao Ninho		NULL	NULL	
6b80fe42-4f03-a64a-049f-8b4e8fc72d16	A Arte de Sarah	레이디 두아	N:\Series\A Arte de Sarah	Crime|Mistério|Drama	ko	2026	Netflix
ec70779b-a87c-8812-f44b-b5e17431898e	A Árvore Familiar dos Croods	The Croods: Family Tree	N:\Series\A Árvore Familiar dos Croods	Animação|Família|Action & Adventure|Comédia|Kids	en	2021	Hulu|Peacock
b7ae8840-c9dc-2170-0755-668403f90c83	A Ascensão da Serpente Suprema	NULL	N:\Series\A Ascensão da Serpente Suprema		NULL	NULL	
22a392a2-1cb8-5a39-4253-d8ec7f1c32d2	A Ascensão e a Queda dos Faraós	Pharaohs: Rise and Fall	N:\Series\A Ascensão e a Queda dos Faraós	Documentário	en	2025	
5715d561-eace-2361-2b5c-69311fc34567	A Ascensão Imortal	凡人修仙传	N:\Series\A Ascensão Imortal (LEG)	Drama|Sci-Fi & Fantasy	zh	2025	Youku
7b999be0-4b13-9c54-5bab-3c5b31b02725	A Atriz	Aktris	N:\Series\A Atriz	Drama|Crime	tr	2023	Disney+
8f5189c7-92ae-7d70-9f0e-2795f401d448	A Autonomia	אוטונומיות	N:\Series\A Autonomia	Drama	he	2018	HOT3
e813fd52-261e-71d7-941a-c9c7778fe619	A Baía	The Bay	N:\Series\A Baía	Drama|Crime	en	2019	ITV1
364e7fa2-7e0c-ff5b-7831-d6013db06608	A Barganha do Bebe do Bilionario	NULL	N:\Series\A Barganha do Bebe do Bilionario		NULL	NULL	
8b3d7cf9-1ed9-812a-3160-879aead302f6	A Batalha das Pizzas	Best in Dough	N:\Series\A Batalha das Pizzas	Reality	en	2022	Hulu
bcd7cab6-3156-2b7a-84c5-6c7d5f38b469	A Batalha dos 100: México	Habilidad física: 100-México	N:\Series\A Batalha dos 100	Reality	es	2026	Netflix
0eda87c1-1b5b-03fe-6d92-7a760be18ecc	A Batalha dos Carrinhos	Guy's Grocery Games	N:\Series\A Batalha dos 100 - Ásia	Reality	en	2013	Food Network
188153e2-0102-6c5c-db58-fa2ad93386ab	A Batalha dos Carrinhos	Guy's Grocery Games	N:\Series\A Batalha dos 100 Cozinheiros	Reality	en	2013	Food Network
72ddb5e0-6aaa-44dd-81ed-3ab6fad16bd8	A Batalha dos Carrinhos	Guy's Grocery Games	N:\Series\A Batalha dos 100 - México	Reality	en	2013	Food Network
74faa8f8-a7f6-e74e-2d5b-b45e9a0334b7	A Batalha dos Carrinhos	Guy's Grocery Games	N:\Series\A Batalha dos 100 - Itália	Reality	en	2013	Food Network
41757141-4754-d1da-db59-8dc0c32b1143	A Bela e o Padeiro	The Baker and the Beauty	N:\Series\A Bela e o Padeiro	Comédia|Drama	en	2020	ABC
6c85caee-740f-b5a3-7ec5-a672f49e37bb	A Bela e o Sr. Romantico	미녀와 순정남	N:\Series\A Bela e o Sr. Romantico	Drama|Família	ko	2024	KBS2
aeb106e6-1f07-81f0-b3a4-5f8f6955b8e8	A Bíblia	The Bible	N:\Series\A Bíblia	Drama	en	2013	History
ed4c7667-681f-580e-d68d-e747546503d8	A Bilionária, o Mordomo e o Namorado	L'Affaire Bettencourt : Scandale chez la femme la plus riche du monde	N:\Series\A Bilionária, o Mordomo e o Namorado	Documentário|Crime	fr	2023	Netflix
3e770975-1203-00a4-044a-77b8949aae0c	A Boa Vizinhança	The Neighborhood	N:\Series\A Boa Vizinhança	Comédia	en	2018	CBS
e38451ad-fcd4-4b0e-c16a-167a20d9d7e9	A Bolsista que Conquistou a Escola das Elites	NULL	N:\Series\A Bolsista que Conquistou a Escola das Elites		NULL	NULL	
13028ab0-8c68-1fbf-04b9-fa4fa4d76a8d	A Boneca	Lalka	N:\Series\A Boneca	Drama	pl	2026	Netflix
3d14eded-269e-0787-2ebb-46bba85022af	A Bruxa do Bem	Good Witch	N:\Series\A Bruxa do Bem	Comédia|Drama|Sci-Fi & Fantasy	en	2015	Hallmark Channel
f06bd10f-f07a-e31d-a8e5-1a0e487a7da4	A Bruxa do Tribunal	마녀의 법정	N:\Series\A Bruxa do Tribunal	Crime|Drama	ko	2017	KBS2
e75cb5a3-9707-14fc-fb91-9a46be39d3a7	A Cabeça de Joaquín Murrieta	La cabeza de Joaquín Murrieta	N:\Series\A Cabeça de Joaquín Murrieta	Drama|Faroeste|Action & Adventure	es	2023	Prime Video
3737a86a-e3a6-e55a-027f-3d8b5595c840	A Cabulosa Herdeira Retorna	NULL	N:\Series\A Cabulosa Herdeira Retorna		NULL	NULL	
286db528-0300-a344-ae4b-4f84e3f3fa1f	A Caçada	Traqués	N:\Series\A Caçada	Drama|Mistério	fr	2026	Apple TV
cb8a4c1e-3e08-6c2d-1453-7f4cc92e0b22	A Cadeira	The Chair Company	N:\Series\A Cadeira (2025)	Comédia|Drama|Mistério	en	2025	HBO
c017e244-c349-7ecf-915b-d34d399e09fa	A Caminho do Céu	무브 투 헤븐: 나는 유품정리사입니다	N:\Series\A Caminho do Céu	Drama	ko	2021	Netflix
410b6c9d-aabb-2121-e246-3708203c47d6	A Canção do Samurai: Dias de Juventude em Edo	ちるらん 新撰組鎮魂歌 江戸青春篇	N:\Series\A Canção do Samurai	Action & Adventure	ja	2026	TBS
6d136a2b-70e1-6ccf-25fb-99eedafe145a	A Candidata	La candidata	N:\Series\A Candidata	Drama	es	2016	Las Estrellas
82838b19-37ff-7209-314e-f8438b471352	A Cara do Pai	A Cara do Pai	N:\Series\A Cara do Pai	Comédia|Família	pt	2016	TV Globo|Globoplay
86395e89-cf28-e152-073f-5e55a49ffee4	A Casa Coruja	The Owl House	N:\Series\A Casa Coruja	Animação|Action & Adventure|Comédia|Sci-Fi & Fantasy|Família	en	2020	Disney Channel
e92ab926-a7d1-28e3-d997-00521e54e4e2	A Casa da Raven	Raven's Home	N:\Series\A Casa da Raven	Família|Comédia|Drama	en	2017	Disney Channel
e24328d1-6fa4-26d0-34ea-9b97f014d819	A Casa das Sete Mulheres	A Casa das Sete Mulheres	N:\Series\A Casa das Sete Mulheres	Action & Adventure|Drama	pt	2003	TV Globo
4d746430-0887-6eb0-1ed6-657c15a6f5ad	A Casa de Moda	La Maison	N:\Series\A Casa de Moda	Drama	en	2024	Apple TV
a6abb27d-ebbd-3f22-a9c2-95259a9972e1	A Casa do Dragão	House of the Dragon	N:\Series\A Casa do Dragão	Sci-Fi & Fantasy|Drama|Action & Adventure	en	2022	HBO
5f4ea098-3544-1c93-a825-b3a4edb428d7	A Casa do Mickey Mouse	Mickey Mouse Clubhouse	N:\Series\A Casa do Mickey Mouse	Kids|Animação|Comédia|Sci-Fi & Fantasy|Action & Adventure	en	2006	Disney Channel|Disney Junior
2dae235d-2bb7-9284-b79d-fb98d197777b	A Casa dos Espíritos	The House of the Spirits	N:\Series\A Casa dos Espíritos	Drama	en	2026	Prime Video
7a2bc810-a8bf-9e17-a717-8b6062c607a4	A Casa Mágica da Gabby	Gabby's Dollhouse	N:\Series\A Casa Mágica da Gabby	Kids|Comédia|Animação|Sci-Fi & Fantasy	en	2021	Netflix
8c3f2764-c6d9-efd7-c9b6-3046623af681	A Caverna Encantada	A Caverna Encantada	N:\Series\A Caverna Encantada	Soap|Família|Action & Adventure|Drama	pt	2024	SBT
3f40d446-3c4d-c9e9-f1ee-4012406170ee	A Chave para o Coração da Fênix	雀骨	N:\Series\A Chave para o Coração da Fênix	Drama	zh	2026	iQiyi
b69359b2-1df5-4938-b5f3-5168443ec7e6	A Chefa Não Finge Mais	NULL	N:\Series\A Chefa Não Finge Mais		NULL	NULL	
b17cbb61-57ee-c408-a50f-71088a1f410a	A Chefe Legista Largou Tudo	NULL	N:\Series\A Chefe Legista Largou Tudo		NULL	NULL	
50e0a0eb-8f60-8be4-65de-9fad63b82da5	A Cidade e a Lei	서초동	N:\Series\A Cidade e a Lei (LEG)	Drama	ko	2025	tvN
e85a2b6a-f1a3-535b-a3c8-97fb4f7e0e0f	A Cidade É Nossa	We Own This City	N:\Series\A Cidade É Nossa	Crime|Drama	en	2022	HBO
5f3116a9-bec9-9b95-d7a8-531926bc8431	A Cinderela Silenciosa do Rei Alfa	NULL	N:\Series\A Cinderela Silenciosa do Rei Alfa		NULL	NULL	
35a3b8e3-1e73-ee18-d8ae-d9770b38e441	A Colina do Cão	Wzgórze psów	N:\Series\A Colina do Cão	Mistério|Crime|Drama	pl	2025	Netflix
fcea9486-bc23-76bf-1f21-3bc2ec3b6f55	A Comédia da Vida Privada	A Comédia da Vida Privada	N:\Series\A Comédia da Vida Privada	Comédia	pt	1994	TV Globo
3e03b1e5-532a-a13a-ccaa-89414bf09de0	A Comissária de Bordo	The Flight Attendant	N:\Series\The Flight Attendant	Drama|Mistério|Comédia	en	2020	HBO Max
3e409075-c1a2-867e-59f9-e53923d0fc88	A Companheira Amaldicoada do Alfa	NULL	N:\Series\A Companheira Amaldicoada do Alfa		NULL	NULL	
fa8daabe-b526-f8b7-a06c-b6201c567a81	A Companheira Não Reclamada do Alfa——Eu Ascendi à Realeza Lican	NULL	N:\Series\A Companheira Não Reclamada do Alfa——Eu Ascendi à Realeza Lican		NULL	NULL	
b41b86e0-4e44-6a09-7f65-379679569328	A Concierge Pokémon	ポケモンコンシェルジュ	N:\Series\A Concierge Pokémon	Animação|Família	ja	2023	Netflix
ce8cf39b-58d1-fccd-cf69-94f2638f21a8	A Cor do Poder	Noughts + Crosses	N:\Series\A Cor do Poder	Drama|Sci-Fi & Fantasy	en	2020	BBC One
318c73a2-80c6-e1db-84c2-cc70f56c89af	A Coroa Além do Túmulo	NULL	N:\Series\A Coroa Além do Túmulo		NULL	NULL	
5cc0f267-1746-fdab-7df3-400d62b09340	A Coroa Dele Nasceu das Feridas	NULL	N:\Series\A Coroa Dele Nasceu das Feridas		NULL	NULL	
59127723-4658-3950-ed50-edab856c49fb	A Coroa Perfeita	21세기 대군부인	N:\Series\A Coroa Perfeita	Comédia|Drama	ko	2026	MBC
ade4c72d-25d3-c440-56b0-b6ebbee34bd5	A Couple of Cuckoos	カッコウの許嫁	N:\Series\A Couple of Cuckoos	Animação|Comédia	ja	2022	HTB|tv asahi|Nagoya TV|Tokyo MX|KBC|ABC TV|NCC|OAB|ABA|Niigata Television Network 21|khb|KFB|HOME|KSB|Kagoshima Broadcasting|Iwate Asahi TV|Akita Asahi Broadcasting|Yamagata Television System|Shizuoka Asahi TV|Asahi Broadcasting Nagano|Hokuriku Asahi Broadcasting|Ehime Asahi TV|Yamaguchi Asahi Broadcasting|Kumamoto Asahi Broadcasting|Ryu-Q Asahi Broadcasting
e9b311b9-ca55-fe3a-1c09-e19671d9ecec	A Cozinha Divertida do Duff	Duff's Happy Fun Bake Time	N:\Series\A Cozinha Divertida do Duff	Reality|Família	en	2021	Food Network
56c2f81f-6c58-3afa-eb32-52bf6cef2ff0	A Cozinheira de Castamar	La cocinera de Castamar	N:\Series\A Cozinheira de Castamar	Drama|Soap	es	2021	Atresplayer
022b3542-9313-273c-f96b-95a13e10ec19	A Criatura de Gyeongseong	경성크리처	N:\Series\A Criatura de Gyeongseong	Sci-Fi & Fantasy|Mistério|Action & Adventure|Drama	ko	2023	Netflix
5437f83b-c09b-70ca-8c62-66cd2759050e	A Criatura de Gyeongseong	경성크리처	N:\Series\A Criatura	Sci-Fi & Fantasy|Mistério|Action & Adventure|Drama	ko	2023	Netflix
337f7387-4a69-a64b-1d80-7d1bad291088	A Crise dos 3 Poderes	NULL	N:\Series\A Crise dos 3 Poderes		NULL	NULL	
d7075569-69ce-b720-30ec-95f0645320b5	A Crise dos Caras	Alphamännchen	N:\Series\A Crise dos Caras	Comédia	de	2025	Netflix
cf380f2f-e882-f639-0c21-14aaf60dcf98	A Crise dos Sete Anos	NULL	N:\Series\A Crise dos Sete Anos		NULL	NULL	
e1f537b2-3a78-97a5-f704-0119aec0b7db	A Culpa é do Cabral	A Culpa é do Cabral	N:\Series\A Culpa é do Cabral	Comédia|Talk	pt	2016	Comedy Central
a9c71529-ee16-ed97-d207-67f614d66458	A Cura do General	NULL	N:\Series\A Cura do General		NULL	NULL	
bd3c440f-4461-0cd2-72f8-f0aead083f55	A Dama	The Lady	N:\Series\A Dama	Drama|Crime	en	2026	ITV1
e1d4f896-3d5c-f5e3-b4f9-d480b3c2b770	A Dama Chefe - Da Traída à Amada	NULL	N:\Series\A Dama Chefe - Da Traída à Amada		NULL	NULL	
4635bfd8-347b-ba46-f943-83d1a4382368	A Dama de Companhia	Manual para señoritas	N:\Series\A Dama de Companhia	Drama|Comédia	es	2025	Netflix
afefaf64-d3b7-0ded-4a9a-06e641e9af95	A Dança da Morte	The Stand	N:\Series\A Dança da Morte	Sci-Fi & Fantasy|Drama	en	1994	ABC
38cd6868-8cea-dc40-2624-11a9aebecde5	A Desalmada	La desalmada	N:\Series\A Desalmada	Soap|Drama	es	2021	Las Estrellas
d28a949a-d6c3-44f2-da38-53ec63dac4d3	A Descoberta das Bruxas	A Discovery of Witches	N:\Series\A Descoberta das Bruxas	Sci-Fi & Fantasy|Drama	en	2018	Sky One|Sky Max
35346e1d-8e9a-5166-96c3-183697775188	A Desordem que Ficou	El desorden que dejas	N:\Series\A Desordem que Ficou	Drama|Mistério	es	2020	Netflix
7d7ed48a-3550-eb27-1d05-1eba4b175bc8	A Diarista	A Diarista	N:\Series\A Diarista	Comédia	pt	2004	TV Globo
74ff98f4-b7d1-8cff-ce19-786c7d3d088e	A Diplomata	The Diplomat	N:\Series\A Diplomata	Drama|War & Politics	en	2023	Netflix
d9eadf7e-2f61-f940-0a13-5854f7ddeddb	A Direita no Brasil	A Direita no Brasil	N:\Series\A Direita no Brasil	Documentário	pt	2023	
d71352de-b092-962b-b61c-afdb5126288c	A Diva do Microfone	NULL	N:\Series\A Diva do Microfone		NULL	NULL	
b58e5067-1ecd-4c3c-fe2b-8c1cb265e7ec	A Divisão	A Divisão	N:\Series\A Divisão	Action & Adventure|Crime|Drama	pt	2019	Globoplay
cf9ddd1a-161f-0c62-1352-023f701dae91	A Doce Esposa Grávida Mimada pelo Marido Milionário	NULL	N:\Series\A Doce Esposa Grávida Mimada pelo Marido Milionário		NULL	NULL	
fbe93565-f784-246f-fa88-b94fb99630ae	A Doçura Amarga de Vê-la Divorciada	NULL	N:\Series\A Doçura Amarga de Vê-la Divorciada		NULL	NULL	
1fa9ef03-bfd7-2886-dbbc-487fc3d19b4c	A Dona	Soy tu dueña	N:\Series\A Dona	Drama	es	2010	Las Estrellas
e5ea0932-4b56-1bd4-c52e-face69a4367c	A Dona da Bola	Running Point	N:\Series\A Dona da Bola	Comédia	en	2025	Netflix
bb63a4ab-e3e7-cb39-4fab-abc74436ecd6	A Dona do Pedaço	A Dona do Pedaço	N:\Series\A Dona do Pedaço	Soap|Drama|Comédia|Crime	pt	2019	TV Globo
99e49bb6-6597-a1a5-62ff-ed23503e9111	A Enciclopédia de Istambul	İstanbul Ansiklopedisi	N:\Series\A Enciclopédia de Istambul	Drama	tr	2025	Netflix
ab503c58-3ded-6bdc-660d-e629cb90efe0	A Era de Miyu	蜜语纪	N:\Series\A Era de Miyu	Drama|Família|Soap	zh	2026	iQiyi|Tencent Video
9d7d613f-d0e4-7a74-1bcb-35744acc6b38	A Era dos Titãs - Despertei Dez Feras Ancestrais	NULL	N:\Series\A Era dos Titãs - Despertei Dez Feras Ancestrais		NULL	NULL	
7ae282db-c5a2-d0fc-86fb-3a38061fb607	A Escada	The Staircase	N:\Series\A Escada	Drama|Crime	en	2022	HBO Max
e9beff09-ec93-1476-4886-c6552e1f5d21	A Escolha	Babil	N:\Series\Babil	Drama	tr	2020	Star TV
14e840fe-62fe-1d9c-28c6-cc4f4ab46c99	A Escrava Isaura	A Escrava Isaura	N:\Series\A Escrava Isaura (2004)	Drama|Soap	pt	2004	Record
04edae80-6ade-cf4b-ab11-61dda2837db7	A Escuta	The Wire	N:\Series\A Escuta	Crime|Drama	en	2002	HBO
1f6ee521-3e68-c91e-b748-e7c00cbe9f62	A Esposa do Meu Marido	내 남편과 결혼해줘	N:\Series\A Esposa do Meu Marido	Drama|Sci-Fi & Fantasy|Comédia	ko	2024	tvN
03f66a42-5419-4063-c4b4-48c9ced69cc9	A Esposa do Meu Marido: Japão	私の夫と結婚して	N:\Series\A Esposa do Meu Marido - Japão	Drama|Comédia|Sci-Fi & Fantasy	ja	2025	Prime Video
5a483c52-6598-9f96-12fa-e6785d678f28	A Esposa Mandona do Duque	NULL	N:\Series\A Esposa Mandona do Duque		NULL	NULL	
57ac57b3-016c-0e29-f6ef-aeca3180cedb	A Ética do Silêncio	A Ética do Silêncio	N:\Series\A Ética do Silêncio		pt	2023	
01033895-a696-bdd1-8ce8-f8a0c2965b35	A Ex Chorou Lágrimas de Sangue	NULL	N:\Series\A Ex Chorou Lágrimas de Sangue		NULL	NULL	
4b22664f-1305-fd62-65a2-7c0e8eb2d0f4	A Extraordinária Mãe do Bilionário	NULL	N:\Series\A Extraordinária Mãe do Bilionário		NULL	NULL	
494aa987-fadd-a6cb-e92e-019396f3fffe	A Fada do Levantamento de Peso, Kim Bok-Joo	역도요정 김복주	N:\Series\A Fada do Levantamento de Peso, Kim Bok-Joo	Comédia|Drama	ko	2016	MBC
73b75e74-0317-4b39-fa9f-daddaecfb6bc	A Fada e o Pastor	견우와 선녀	N:\Series\A Fada e o Pastor	Sci-Fi & Fantasy|Drama|Comédia	ko	2025	tvN
b68bf083-3c79-154c-7dfc-951bc23a7a40	A falecida Luna do Alfa	NULL	N:\Series\A falecida Luna do Alfa		NULL	NULL	
a7419881-9fe8-269a-c1f9-2e1d95ec368d	A Família Baxter	The Baxters	N:\Series\A Família Baxter	Drama|Família	en	2024	Prime Video
644ce869-bf98-0a2b-b3f5-2af8b47c2945	A Família Derrico	Doubling Down with the Derricos	N:\Series\A Família Derrico	Reality	en	2020	TLC
873f29a3-0448-760b-5736-e7ca671a0fdc	A Família Hunter	Hunter Street	N:\Series\A Família Hunter	Família|Action & Adventure|Comédia|Kids|Mistério	en	2017	Nickelodeon|TeenNick
fda36430-20f7-4cf4-69a0-4e5bc4711250	A Família que me Condenou Agora me Quer de Volta	NULL	N:\Series\A Família que me Condenou Agora me Quer de Volta		NULL	NULL	
6f3041d7-dd6b-9fa1-1321-47ed0bc08b13	A Família Radical	The Proud Family	N:\Series\A Família Radical	Animação|Comédia|Kids|Família	en	2001	Disney Channel
f04fe158-7fc2-3731-255a-dad1a1994ab4	A Família Radical: Maior e Melhor	The Proud Family: Louder and Prouder	N:\Series\A Família Radical - Maior e Melhor	Família|Animação|Comédia	en	2022	Disney+
4f444136-fe7c-1cf3-a12a-9bfa144e4629	A Família Stallone	The Family Stallone	N:\Series\A Família Stallone	Reality	en	2023	Paramount+
543243cf-da61-1cbf-ca36-288fbf4e3c52	A Favorita	A Favorita	N:\Series\A Favorita	Soap|Drama|Mistério	pt	2008	TV Globo
a8653fb5-25e9-5e00-54e2-170d7b6671ae	A Favorita Grávida	NULL	N:\Series\A Favorita Grávida		NULL	NULL	
39f56b77-9823-b6d8-3e71-ff7c8eed1d40	A Faxineira	The Cleaning Lady	N:\Series\A Faxineira	Crime|Drama	en	2022	FOX
db90379d-e677-bca3-e7ac-56795192ff7c	A Feiticeira	Bewitched	N:\Series\A Feiticeira	Sci-Fi & Fantasy|Comédia|Família|Drama	en	1964	ABC
92bb47fe-ee47-5159-032f-d7be494be7f8	A Filha de Zeus	NULL	N:\Series\A Filha de Zeus		NULL	NULL	
cc9896a3-518b-5fef-ed4a-bcb9e39a1d1f	A Filha do Mariachi	La Hija Del Mariachi	N:\Series\A Filha do Mariachi	Drama|Família|Comédia	es	2025	RCN
11d7494f-c7e5-1dea-87ea-cd9fc53c5a31	A Filha Esquecida - 99 Motivos de Dor	NULL	N:\Series\A Filha Esquecida - 99 Motivos de Dor		NULL	NULL	
9ecb90b3-9cff-8c2c-72cb-ef3746081082	A Filha Legítima, Gênio Escolar	NULL	N:\Series\A Filha Legítima, Gênio Escolar		NULL	NULL	
f2a074b0-9ee1-09df-abb1-dedde68e6491	A Filha no Lugar Errado	NULL	N:\Series\A Filha no Lugar Errado		NULL	NULL	
117b4d4f-1aa2-0165-b8d8-36210c0c25d6	A Filha Perdida do Imperador	NULL	N:\Series\A Filha Perdida do Imperador		NULL	NULL	
4e41c4c0-3e14-33f4-3e85-e048ad59c7fc	A Flor Guerreira	밤에 피는 꽃	N:\Series\A Flor Guerreira	Drama|Comédia|Mistério|Action & Adventure	ko	2024	MBC
35fb2620-f585-efcc-a485-557440c3f8d4	A Flor Mais Bela	La flor más bella	N:\Series\A Flor Mais Bela	Comédia	es	2022	Netflix
47b5fe2b-ae98-9269-9b56-2b00ce9a2af1	A Folha - Tradição e Tráfico	NULL	N:\Series\A Folha - Tradição e Tráfico		NULL	NULL	
cfffbe20-53c1-0fe2-7f62-0febbe46750c	A Força do Querer	A Força do Querer	N:\Series\A Força do Querer	Soap|Comédia|Drama|Crime	pt	2017	TV Globo
a54f42ab-abc4-6731-3c4b-94bcda263de8	A Fragilidade dos Corpos	La fragilidad de los cuerpos	N:\Series\A Fragilidade dos Corpos	Drama|Mistério	es	2017	Flow|eltrece
ac2c7564-6163-bf9f-e6a1-6fb058e7f91f	A Franquia	The Franchise	N:\Series\A Franquia	Comédia	en	2024	HBO
4a1c8be0-5074-9a99-39ae-035a66c45c81	A Fraude do Século	D'argent et de sang	N:\Series\A Fraude do Século	Drama	fr	2023	Canal+
cde4bec8-8e68-d390-f168-fd293ae8a938	A Friend of the Family	A Friend of the Family	N:\Series\A Friend of the Family	Crime|Drama	en	2022	Peacock
7f77c64c-c973-5f86-0ac4-f355cb8e1065	A Fúria de Paris	Furies	N:\Series\A Fúria de Paris	Action & Adventure|Crime	fr	2024	Netflix
bc9dbe49-0864-b299-91d9-319968c1a52d	A Gangue da Luva Verde	Gang Zielonej Rękawiczki	N:\Series\A Gangue da Luva Verde	Crime|Comédia	pl	2022	Netflix
6ede253c-4689-7a2c-81b1-4899283b8e0b	A Garota da Limpeza	La muchacha que limpia	N:\Series\A Garota da Limpeza	Drama|Crime	es	2021	HBO Latin America
a01a88c0-0619-49a1-1ef1-58725ceebf05	A Garota da Moto	A Garota da Moto	N:\Series\A Garota da Moto	Action & Adventure|Drama	pt	2016	SBT|FOXlife
a8ae32b4-1abc-3974-fda2-fbb9e7d6d4ea	A Garota do Blog	Gossip Girl	N:\Series\Gossip Girl (2021)	Drama	en	2007	The CW
f987727d-061d-5331-d347-ab83d3fbd3f8	A Garota do Blog	Gossip Girl	N:\Series\Gossip Girl	Drama	en	2007	The CW
8380702b-673f-e4b4-2e18-81afcb4bf30f	A Garota do Remo	Crew Girl	N:\Series\A Garota do Remo	Drama	en	2026	Netflix
7972ca99-d741-d60f-10fe-bca8c9ed694c	A Garota Encontra o Seu Amor	NULL	N:\Series\A Garota Encontra o Seu Amor		NULL	NULL	
9644ef92-c348-f27d-209d-9ad0382942fd	A Garota na Fita	La chica de nieve	N:\Series\A Garota na Fita	Crime|Mistério	es	2023	Netflix
fd067334-3088-3153-21a6-390c5a13e3b4	A Garota Que Ele Nunca Notou	The Girl He Never Noticed	N:\Series\A Garota Que Ele Nunca Notou	Drama	en	2022	
c883d131-de13-3699-1759-3e0e1237d535	A Garota Roubada	The Stolen Girl	N:\Series\A Garota Roubada	Drama|Mistério	en	2025	Disney+
435df4c4-fa7d-7b94-af50-08d4497d7fff	A Gata Comeu	A Gata Comeu	N:\Series\A Gata Comeu	Soap|Comédia	pt	1985	TV Globo
8a2dfa39-05c7-b0f2-bd28-3fe2457f932b	A General e O Príncipe Guerreiro	NULL	N:\Series\A General e O Príncipe Guerreiro		NULL	NULL	
a8ac539b-f7f7-a9fe-5df8-cae89ad3dfa2	A Gente Tenta	모두가 자신의 무가치함과 싸우고 있다	N:\Series\A Gente Tenta	Drama	ko	2026	JTBC
528af06a-64c8-a539-a39d-564bad5dd07b	A Grã-Mestra	NULL	N:\Series\A Grã-Mestra		NULL	NULL	
625acf41-be61-f76a-9c20-5fc56401f6dd	A Grande Corrida: Volta ao Mundo	Race Across the World	N:\Series\A Grande Corrida - Volta ao Mundo	Reality	en	2019	BBC One|BBC Two
c31f1192-685f-9cb5-9749-d2f16d579102	A Grande Descoberta	Genombrottet	N:\Series\A Grande Descoberta	Drama|Crime	sv	2025	Netflix
4d355b51-4761-a498-440d-eb5b36fed1bf	A Grande Família	A Grande Família	N:\Series\A Grande Família	Comédia|Família	pt	2001	TV Globo
a29ca316-7095-16bc-f45a-e60906b99515	A Grande Ilusão	Fool Me Once	N:\Series\A Grande Ilusão	Drama|Crime|Mistério	en	2024	Netflix
eb57f59e-4665-a401-8b6b-955af5658d59	A Guarda do Leão	The Lion Guard	N:\Series\A Guarda do Leão	Kids|Animação	en	2016	Disney Junior|Disney Channel
075bcd6a-63af-3978-a143-3470a1da3736	A Guardiã da Floresta	The Girl in the Woods	N:\Series\A Guardiã da Floresta	Mistério|Sci-Fi & Fantasy	en	2021	Peacock
2c3c3217-79a3-638a-d6e2-e205f745dcf3	A Guerra dos Reinos	Die Nibelungen - Kampf der Königreiche	N:\Series\A Guerra dos Reinos	Action & Adventure|Sci-Fi & Fantasy|Drama	de	2025	RTL+
4c81a77d-952c-d8fd-2b66-3cfddf2d9526	A Guerreira Esquecida	NULL	N:\Series\A Guerreira Esquecida		NULL	NULL	
96287f35-1d78-a3c6-0731-57ce4ab277f1	A Helena Transmigrou Para Um Romance	NULL	N:\Series\A Helena Transmigrou Para Um Romance		NULL	NULL	
728f689c-7858-5de6-e01c-188c6d9fcde0	A Herdeira	선산	N:\Series\A Herdeira	Drama|Mistério|Crime	ko	2024	Netflix
9b9e4ff4-6e5d-7e45-8b33-357b2732fc67	A Herdeira da Máfia	The Mafia's Daughter	N:\Series\A Herdeira da Máfia	Drama	en	2026	CineDramaTV
b4e23620-9f78-f359-2826-c9cdc5d00077	A Herdeira Deslumbrante	NULL	N:\Series\A Herdeira Deslumbrante		NULL	NULL	
5230a861-63c4-f89e-96dc-bf4e41105650	A Herdeira foi Trocada ao Nascer	NULL	N:\Series\A Herdeira foi Trocada ao Nascer_		NULL	NULL	
e5623450-c034-1917-71b3-acfb60c897ce	A Herdeira Pôs o Marido na Lista Negra	A Herdeira Pos o Marido na Lista Negra	N:\Series\A Herdeira Pôs o Marido na Lista Negra	Drama	pt	2025	
06a9d565-2825-1015-c229-287b14b4b49b	A Herdeira Retorna	NULL	N:\Series\A Herdeira Retorna		NULL	NULL	
bf084201-1725-f9f5-879c-6e77056a35bb	A Herdeira Supera o Seu Marido	NULL	N:\Series\A Herdeira Supera o Seu Marido		NULL	NULL	
62247b35-c9fc-1cb7-e7ea-ba017d288147	A História da Minha Família	Storia della mia famiglia	N:\Series\A História da Minha Família	Drama|Comédia	it	2025	Netflix
48060a57-54fd-8485-aef7-49f34650b2c9	A História de Deus com Morgan Freeman	The Story of God with Morgan Freeman	N:\Series\A História de Deus com Morgan Freeman	Documentário	en	2016	National Geographic
1b1242b2-8bce-deed-afff-dabd1366724b	A História de Ester	A História de Ester	N:\Series\A História de Ester	Drama	pt	2010	Record
6429b78a-f3c0-a771-ff81-bd55f0c03acd	A História Delas	A História Delas	N:\Series\A História Delas	Drama	pt	2023	Star+
06cf0922-ecff-3009-cc7f-fc0113ad5469	A História Distorcida de Amanda Knox	The Twisted Tale of Amanda Knox	N:\Series\A História Distorcida de Amanda Knox	Drama	en	2025	Hulu
a4127051-6ca9-c5b9-6ae1-27c54c876572	A Hora do Arrepio	R. L. Stine's The Haunting Hour	N:\Series\A Hora do Arrepio	Família|Drama	en	2010	Hub Network|Discovery Family
71451a30-6fcb-101c-c6aa-43db5bd14533	A Hora do Diabo	The Devil's Hour	N:\Series\A Hora do Diabo	Mistério|Crime|Drama	en	2022	Prime Video
5f2a7261-7cf1-6447-900a-7815a31d2d08	A Hóspede	La huésped	N:\Series\A Hóspede	Drama	es	2025	Netflix
2824033c-b56a-cb64-109d-23311e5d29c6	A Idade Dourada	The Gilded Age	N:\Series\A Idade Dourada	Drama	en	2022	HBO
38dff63e-923d-e84e-3f00-ea477c252de8	A Ilha da Fantasia	Fantasy Island	N:\Series\A Ilha da Fantasia (2021)	Sci-Fi & Fantasy|Drama|Comédia	en	1978	ABC
d7829970-5adf-136c-f67d-34c92389f9cc	A Ilha da Fantasia	Fantasy Island	N:\Series\A Ilha	Sci-Fi & Fantasy|Drama|Comédia	en	1978	ABC
f32f549b-e05b-19cf-357c-35ba17ad8205	A Imperatriz	Die Kaiserin	N:\Series\A Imperatriz	Drama	de	2022	Netflix
9170e5f8-fd7b-9b20-94e0-8d9ca165de1b	A Imperatriz Esquecida	NULL	N:\Series\A Imperatriz Esquecida		NULL	NULL	
4e5066e9-60b4-c23d-8278-380fdc391e17	A Indomada	A Indomada	N:\Series\A Indomada	Soap|Drama|Comédia	pt	1997	TV Globo
88f3e74a-3c6e-d98b-8170-6ecffa69633e	A Indomável Duquesa	NULL	N:\Series\A Indomável Duquesa		NULL	NULL	
39e943dd-7ad4-9965-3aa5-fa4f1069200e	A Infância de Romeu e Julieta	A Infância de Romeu e Julieta	N:\Series\A Infância de Romeu e Julieta	Drama|Família|Soap	pt	2023	SBT|Prime Video
9381247f-6d3b-c8d7-f932-99ed78bd6ddd	A Influenciadora	La Influencer	N:\Series\A Influenciadora	Drama	es	2023	Netflix
60811b6e-4008-5109-0360-02ef74c89bc7	A Inglesa	The English	N:\Series\A Inglesa	Drama|Faroeste	en	2022	BBC Two
dbc062e5-13ea-7227-b2a5-85a0bc488af7	A Inimiga do Povo	Kansan vihollinen	N:\Series\A Inimiga do Povo	Drama|Crime	fi	2022	C More
680eaaeb-4950-31aa-18b9-157d41135876	A Intrusa	La intrusa	N:\Series\A Intrusa	Drama	es	2001	Las Estrellas
70599c18-b57f-6fbe-33da-42f9c2fa7043	A Inundação do Milênio	Wielka woda	N:\Series\A Inundação do Milênio	Drama	pl	2022	Netflix
c3927bd3-d453-e44c-5c36-93e666b6ebff	A Invocação Mais Fraca, o Poder Mais Forte	NULL	N:\Series\A Invocação Mais Fraca, o Poder Mais Forte		NULL	NULL	
13bd67bb-6f21-d802-d19e-0dc3d8c55a71	A Irmã do Meio	Stuck in the Middle	N:\Series\A Irmã do Meio	Comédia|Família	en	2016	Disney Channel
6dcdbe72-926a-f439-9f84-8ee8fbfe54e8	A irmã voltou! ajoelhem se todos!	A irmã voltou! ajoelhem se todos!	N:\Series\A Irmã Voltou! Ajoelhem-se Todos!		pt	2025	
a2c4a7da-34e6-c7b6-cd39-a41651edf6f7	A Isca	Bait	N:\Series\A Isca	Drama|Comédia|Sci-Fi & Fantasy	en	2026	Prime Video
9b9821cc-e2c8-daae-4fc6-ae48abbac08f	A Jogada	The Catch	N:\Series\The Catch	Drama|Crime|Comédia	en	2016	ABC
f635a7c7-979f-6203-a3d3-2fb7b9115913	A Jogada da Vitória	트라이: 우리는 기적이 된다	N:\Series\A Jogada da Vitória	Drama|Comédia	ko	2025	SBS
ea533efd-c6ce-0f94-46b3-d3ec17feea8a	A Jornada da Lenda	赴山海	N:\Series\A Jornada da Lenda	Drama	zh	2025	iQiyi|Tencent Video
6c002f05-0e8d-efd8-537e-b7187de97610	A Juíza do Inferno	지옥에서 온 판사	N:\Series\A Juíza do Inferno	Drama|Sci-Fi & Fantasy|Crime|Mistério	ko	2024	SBS
f7e226aa-ba1e-693b-0a8f-6c0ef7f6b4b3	A Justiceira	유부녀 킬러	N:\Series\A Justiceira	Drama|Action & Adventure|Mistério|Crime	ko	2026	MBC
6598b67c-c5f7-bf0d-580a-609a3be5be0a	A Killer Paradox	살인자ㅇ난감	N:\Series\A Killer Paradox	Crime|Comédia|Mistério|Drama	ko	2024	Netflix
a3869987-3d28-0ac0-f4b6-713559e96fc4	A League of Their Own	A League of Their Own	N:\Series\A League of Their Own	Comédia	en	2010	Sky One|Sky Max
8e0122d9-737a-4f9a-86d9-f1c189a7b6e7	A Lei de Milo Murphy	Milo Murphy's Law	N:\Series\A Lei de Milo Murphy	Animação|Kids|Família|Comédia	en	2016	Disney XD
0bee70be-10c4-1d10-0c5d-c771c84ef5e9	A Lei do Amor	A Lei do Amor	N:\Series\A Lei do Amor	Drama|Soap	pt	2016	TV Globo
9f830c6d-3715-f060-2952-3a3a899fe025	A Lei do Riso - Crimes Bizarros	NULL	N:\Series\A Lei do Riso - Crimes Bizarros		pt	2018	
b3f39826-9e69-beaf-83e8-8ce4dbc9dcd8	A Lenda da General	锦月如歌	N:\Series\A Lenda da Generala (LEG)	Drama	zh	2025	Mango TV|Tencent Video
2b57e499-5533-97ba-26da-a931272d60fa	A Lenda das Nuvens Rosadas	NULL	N:\Series\A Lenda das Nuvens Rosadas		NULL	NULL	
bbcd46bc-97b5-6c4b-9336-5650c8f9b317	A Lenda de Korra	The Legend of Korra	N:\Series\Avatar - A Lenda De Korra	Animação|Action & Adventure|Sci-Fi & Fantasy	en	2012	Nickelodeon
db7e3367-3e06-a937-c3b2-a7b06e9b5d6e	A Lenda de Lady Ferrari	Легенда Феррари	N:\Series\A Lenda de Lady Ferrari	Action & Adventure|Drama	ru	2020	NTV 
3392830c-3b2d-924e-5c61-622e6b01addf	A Lenda de Shahmaran	Şahmaran	N:\Series\A Lenda de Shahmaran	Drama|Sci-Fi & Fantasy|Mistério|Action & Adventure	tr	2023	Netflix
fd9a1148-fcef-b67d-fb6e-7b0a61bed391	A Lenda de Sleepy Hollow	Sleepy Hollow	N:\Series\Sleepy Hollow	Drama|Mistério|Sci-Fi & Fantasy	en	2013	FOX
0a987709-0520-bff7-9f10-53610a9494ff	A Lenda de Vox Machina	The Legend of Vox Machina	N:\Series\A Lenda de Vox Machina	Animação|Sci-Fi & Fantasy|Action & Adventure	en	2022	Prime Video
878c1de7-c799-96b2-4724-477a159c1379	A Lenda Do Senhor Guerreiro	The Legend of the Warrior Lord	N:\Series\A Lenda do Senhor Guerreiro	Drama	pt	2025	
f22114ac-8954-58ad-0430-43f7602b0c43	A Lenda do Tesouro Perdido: No Limiar da História	National Treasure: Edge of History	N:\Series\A Lenda do Tesouro Perdido - No Limiar da História	Action & Adventure	en	2022	Disney+
f5999563-fd60-ad68-7023-d6675e7b369f	A Leste do Palácio	동궁	N:\Series\A Leste do Palácio	Mistério|Action & Adventure|Sci-Fi & Fantasy|Drama	ko	2026	Netflix
a3548e48-c466-ce91-f445-8dc7cdb24332	A Lista Terminal	The Terminal List	N:\Series\A Lista Terminal	Action & Adventure|Drama	en	2022	Prime Video
b43d9699-e616-508c-5d24-6a249f297931	A Lista Terminal: Lobo Negro	The Terminal List: Dark Wolf	N:\Series\A Lista Terminal - Lobo Negro	Action & Adventure|Drama	en	2025	Prime Video
bbafdc63-a412-30cd-9943-fc9bb6e6000d	A Lógica Falha, O Amor Não Atrapalha	NULL	N:\Series\A Lógica Falha, O Amor Não Atrapalha		NULL	NULL	
08466b39-e3bb-d78d-d31a-5d567e27c44f	A Lua Me Disse	A Lua Me Disse	N:\Series\A Lua Me Disse	Soap|Comédia|Drama	pt	2005	TV Globo
7cd08ac7-75b9-6d6f-b456-418f17af4231	A Luna do Alfa e Seu Beta	NULL	N:\Series\A Luna do Alfa e Seu Beta		NULL	NULL	
75a4a767-0d6d-1317-855f-a8c6ee562ead	A Luna Que Você Esqueceu de Amar	NULL	N:\Series\A Luna Que Você Esqueceu de Amar		NULL	NULL	
65eee1f8-9411-5656-394a-c3022488d294	A Luz do Futuro	二十世紀電氣目録-ユーレカ・エヴリカ-	N:\Series\A Luz do Futuro	Animação|Drama|Sci-Fi & Fantasy	ja	2026	Tokyo MX
ad926d9f-257c-f4a1-7b9b-b2331263625b	A Máfia dos Tigres	Tiger King	N:\Series\A Máfia dos Tigres	Documentário|Crime	en	2020	Netflix
10689943-0cb0-0794-db65-49457d4b9c2d	A Magia de Aruna	A Magia de Aruna	N:\Series\A Magia de Aruna	Sci-Fi & Fantasy	pt	2023	Disney+
6603a9a3-1367-171a-fd12-b03b0e9f5d0c	A Magia do Disney's Animal Kingdom	Magic of Disney's Animal Kingdom	N:\Series\A Magia do Disney's Animal Kingdom	Documentário|Reality	en	2020	National Geographic|Disney+
743005e1-b7cf-4de2-afcd-fb95657a5281	A Mais Pura Verdade	True Story	N:\Series\A Mais Pura Verdade	Drama|Crime	en	2021	Netflix
cc03882f-d695-6c36-ada9-8b2ed464a005	A Maldição da Mansão Bly	The Haunting of Bly Manor	N:\Series\A Maldição da Mansão Bly	Mistério|Drama	en	2020	Netflix
90eb8491-75f3-616c-d159-117e00bdd8db	A Maldição da Residência Hill	The Haunting of Hill House	N:\Series\A Maldição da Residência Hill	Mistério|Drama	en	2018	Netflix
b1b15288-f10d-53d6-5252-193d712e1ac2	A Mansão Foster para Amigos Imaginários	Foster's Home for Imaginary Friends	N:\Series\A Mansão Foster para Amigos Imaginários	Kids|Animação|Família|Sci-Fi & Fantasy|Comédia	en	2004	Cartoon Network
513494d6-506f-bf38-ac17-68749d82dc14	A Mão do Eurico	A Mão do Eurico	N:\Series\A Mão do Eurico	Documentário	pt	2023	Globoplay
8973a081-b3a8-0ca0-cf9b-71eb10da7b14	A Máquina do Destino	The Big Door Prize	N:\Series\A Máquina do Destino	Comédia|Sci-Fi & Fantasy	en	2023	Apple TV
3cca4a3c-d11b-3d7b-8aa9-2d5acdf78d4f	A Máscara do Bilionário	A Máscara do Bilionário	N:\Series\A Máscara do Bilionário	Drama	pt	2024	
1e8cd44f-d1c9-a216-3cc9-a002ce4dacc6	A Matilha	La jauría	N:\Series\La Jauría	Drama|Crime	es	2020	Prime Video
9199ba45-f797-1e00-9085-5891ab935adf	A Melhor Irmã	The Better Sister	N:\Series\A Melhor Irmã	Drama|Crime|Mistério	en	2025	Prime Video
27d290e5-c60f-ff17-ce84-edcb2769e5bd	A Menina e o Porquinho	E.B. White's Charlotte's Web	N:\Series\A Menina e o Porquinho	Animação|Drama|Família	en	2025	HBO Max
b4473cc2-6f16-c4ee-17cd-2c03add27217	A Menina que Matou os Pais: A Série	A Menina que Matou os Pais: A Série	N:\Series\A Menina que Matou os Pais - A Série	Drama|Crime	pt	2024	Prime Video
57388aad-02d5-ba59-fd96-fde3094d0796	A Mensagem Errada Para o Inimigo	NULL	N:\Series\A Mensagem Errada Para o Inimigo		NULL	NULL	
397a95a2-80f7-8379-aa9d-6e8f68ee405b	A Mente do Poder	La mente del poder	N:\Series\A Mente do Poder	Drama|Mistério	es	2024	TNT Latin America
cbbed291-3cbb-9297-6216-f861e4dc82db	A Mentira	La Mentira	N:\Series\A Mentira	Soap	es	1998	Las Estrellas
7bdaed49-c4bf-9f36-5e92-0ec08a3556c3	A Mimada Pelo Irmão	NULL	N:\Series\A _Mimada_ Pelo Irmão		NULL	NULL	
3a99ecb1-9e19-480c-977f-b706d28a77d5	A Misteriosa Sociedade Benedict	The Mysterious Benedict Society	N:\Series\A Misteriosa Sociedade Benedict	Família|Action & Adventure|Drama	en	2021	Disney+
722547ac-cec2-b057-0284-dae58700ab0d	A Morte da Esposa do Pastor	Death of the Pastor's Wife	N:\Series\A Morte da Esposa do Pastor	Documentário|Crime	en	2026	Netflix
b9b30523-267c-3d75-4e5d-5977e3a4be91	A Morte Entre Outros Mistérios	Death and Other Details	N:\Series\A Morte Entre Outros Mistérios	Mistério|Drama|Crime	en	2024	Hulu
acbae263-b832-4876-2d4c-070c26dada0f	A Mulher da Casa Abandonada	A Mulher da Casa Abandonada	N:\Series\A Mulher da Casa Abandonada	Documentário	pt	2025	Prime Video
4372edbf-3986-4f93-8194-5daa6cfe2559	A Mulher do Diabo	La mujer del diablo	N:\Series\A Mulher do Diabo	Drama	es	2022	ViX
ac19754c-b229-6d0c-2176-491737123496	A Mulher do Viajante no Tempo	The Time Traveler's Wife	N:\Series\A Mulher do Viajante no Tempo	Sci-Fi & Fantasy|Drama	en	2022	HBO
2344d901-2a06-98b1-8ab7-a5dab270115a	A Mulher dos Mortos	Totenfrau	N:\Series\A Mulher dos Mortos	Drama|Crime	de	2022	ORF 1|Netflix
7addc9c1-9595-fa65-7c09-3aef27416f57	A Mulher Invisível	A Mulher Invisível	N:\Series\A Mulher Invisível	Comédia	pt	2011	TV Globo
9b0da435-5eb6-5696-cc6f-47c5437adf60	A Mulher na Parede	The Woman in the Wall	N:\Series\A Mulher na Parede	Crime|Drama|Mistério	en	2023	BBC One
00fe274c-94f2-78fd-30c4-0fbe7733564e	A Mulher no Lago	Lady in the Lake	N:\Series\A Mulher no Lago	Drama|Crime	en	2024	Apple TV
5dad037e-6256-01e1-3c26-9f9ddb237826	A Mulher Proibida	La mujer prohibida	N:\Series\A Mulher Proibida	Drama|Soap	es	2026	Netflix
15543be0-4ca9-ee2d-5e81-1524ac4aec41	A Muralha	A Muralha	N:\Series\A Muralha (2000)	Drama	pt	1968	TV Excelsior
65420902-bcc1-d56c-eb52-27b00602dc29	A Namorada Genial	天才，女友	N:\Series\A Namorada Genial	Drama	zh	2026	iQiyi
dd8f867d-1730-2ac0-07c6-2f9829bbac51	A Namorada Ideal	The Girlfriend	N:\Series\A Namorada Ideal	Drama|Mistério	en	2025	Prime Video
c2f07618-9ff7-c0ea-3d6d-5b4e2e57de21	A Neta Escolhida	La nieta elegida	N:\Series\A Neta Escolhida	Mistério|Drama	es	2021	RCN
3bd0b660-13a2-68c3-110d-38ef208befe2	A Nobreza do Amor	A Nobreza do Amor	N:\Series\A Nobreza do Amor	Drama|Sci-Fi & Fantasy|Soap	pt	2026	TV Globo
588fe75f-591a-033f-eb8d-31bf7144c38b	A Noiva de Sacrifício do Príncipe Alfa	NULL	N:\Series\A Noiva de Sacrifício do Príncipe Alfa		NULL	NULL	
141ae4c1-2930-f456-5813-4a53836bf8c9	A noiva desaparecida	NULL	N:\Series\A noiva desaparecida		NULL	NULL	
79208088-7de9-17a0-592c-aa2bb170ef2a	A Noiva do Bilionário, O Desejo da Irmã	NULL	N:\Series\A Noiva do Bilionário, O Desejo da Irmã		NULL	NULL	
85811d09-8d2c-01ed-49bc-2311ae993774	A Noiva do Mafioso - De Volta à Coroa	NULL	N:\Series\A Noiva do Mafioso - De Volta à Coroa		NULL	NULL	
33b2eeb0-6cce-9ba7-50a6-1c0928c47beb	A Noiva Falsa e a Família que Lê Mentes	NULL	N:\Series\A Noiva Falsa e a Família que Lê Mentes		NULL	NULL	
13683755-f323-f87b-16fe-eeb7a547cd05	A Noiva Fantasma	彼岸之嫁	N:\Series\A Noiva Fantasma	Mistério|Drama|Sci-Fi & Fantasy	zh	2020	Netflix
82d6913e-df39-c871-b532-2451ca499ba6	A Noiva Fantasma que Eu Beijei	NULL	N:\Series\A Noiva Fantasma que Eu Beijei		NULL	NULL	
df07f691-5edb-e03f-01e2-d447da6c274b	A Noiva Trocada do Rei Alfa	NULL	N:\Series\A Noiva Trocada do Rei Alfa		NULL	NULL	
a085a094-5f61-326a-ddca-7eab8d5ff1cc	A Nova Escola do Imperador	The Emperor's New School	N:\Series\A Nova Escola do Imperador	Comédia|Kids|Animação|Sci-Fi & Fantasy	en	2006	Disney Channel
4b8964e4-fdd8-9a13-75c4-abe61582d5ec	A Nova Força	Skiftet	N:\Series\A Nova Força	Drama	sv	2025	Netflix
a893bc7e-f451-afb4-ccdf-a1720cf225a0	A Nova Vida de Ana	Ana de nadie	N:\Series\A Nova Vida de Ana	Soap|Drama	es	2023	RCN
6386b774-cf3a-cf4a-931f-14d0d9f2955f	A Nova Vida de Toby	Fleishman Is in Trouble	N:\Series\A Nova Vida de Toby	Drama	en	2022	Hulu
7fddafc8-8361-d854-6f0f-5706367c0f58	A Obsessão da Máfia	NULL	N:\Series\A Obsessão da Máfia		NULL	NULL	
af72b8f2-bed6-bd3b-1560-28d31c43e3ad	A Obsessão do CEO	NULL	N:\Series\A Obsessão do CEO		NULL	NULL	
9b1c81d5-86c3-e1f2-e298-0db8193d4eb0	A Obsessão do Meu Rival	NULL	N:\Series\A Obsessão do Meu Rival		NULL	NULL	
6344b91e-cf6b-886b-67b6-089c5f128442	A Oferta	The Offer	N:\Series\A Oferta	Drama	en	2022	Paramount+
4e45b5a4-c36c-44d3-67bf-e0b5de19ac90	A Oliveira Branca	白色橄榄树	N:\Series\A Oliveira Branca	Drama|Action & Adventure	zh	2025	iQiyi
03ec83fc-4a99-0a37-6526-a3bf17022e96	A Ordem	The Order	N:\Series\A Ordem	Drama|Mistério|Sci-Fi & Fantasy	en	2019	Netflix
949e9440-e8c4-5b45-4620-d9845aeb5b31	A Outra Oh Hae Young	또 오해영	N:\Series\Another Miss Oh	Comédia|Drama	ko	2016	tvN
25fff9c4-20e3-2365-d67c-d62765530b38	A Paixão	The Passion	N:\Series\A Paixão	Drama	en	2008	BBC One
4be89baa-8840-74e7-45ae-7fcee57de959	A Paranormal	Medium	N:\Series\Paranormal (2020)	Crime|Drama|Mistério|Sci-Fi & Fantasy	en	2005	NBC|CBS
a3139e4d-9761-a704-0795-ba4111651f12	A Paranormal	Medium	N:\Series\A Paranormal	Crime|Drama|Mistério|Sci-Fi & Fantasy	en	2005	NBC|CBS
494eb9d0-e668-94a8-be32-a50a761d508c	A Pegadinha Que Nos Separou	NULL	N:\Series\A Pegadinha Que Nos Separou		NULL	NULL	
9c8d0854-63d2-ffd8-ef63-0d8a087b55cf	A Pequena Doçura dos Bilionários	NULL	N:\Series\A Pequena Doçura dos Bilionários		NULL	NULL	
bb5af210-e5b6-7c33-e8cd-3e52c160220d	A Pequena Redenção da Mamãe	NULL	N:\Series\A Pequena Redenção da Mamãe		NULL	NULL	
531462cc-44ef-00ec-e0bd-931213c2a0dc	A Pequena Sereia	The Little Mermaid	N:\Series\A Pequena Sereia	Família|Animação|Kids|Sci-Fi & Fantasy	en	1992	CBS
af4813b8-b4ca-04c0-5070-f355840ac202	A Peste	La peste	N:\Series\A Peste	Action & Adventure|Crime|Drama	es	2018	Movistar Plus
14c39c7c-cb7a-f786-4e0e-2e02fe8485ee	A Pior das Bruxas	The Worst Witch	N:\Series\A Pior das Bruxas	Kids|Mistério|Sci-Fi & Fantasy	en	2017	CBBC
91b08b1f-5885-4384-0b27-a69a630112b5	A Ponte: The Bridge Brasil	A Ponte: The Bridge Brasil	N:\Series\A Ponte - The Bridge Brasil	Reality	pt	2022	HBO Max
f978f449-9111-0836-3db5-3e67a5a90867	A Pousada Bizarra do Kian84	대환장 기안장	N:\Series\A Pousada Bizarra do Kian84	Reality	ko	2025	Netflix
a4ed5cd0-9501-7491-18af-7564fa838fe1	A Pousada do Jae-seok	유재석 캠프	N:\Series\A Pousada do Jae-seok	Reality|Comédia	ko	2026	Netflix
c093e7e0-10d7-5347-3984-893c374a9eea	A Primeira Arte	A Primeira Arte	N:\Series\A Primeira Arte	Documentário	pt	2021	Instany|Brasil Paralelo
db3a54ef-d236-6f2c-64a2-271936ca0153	A Primeira Noite Com o Duque	남주의 첫날밤을 가져버렸다	N:\Series\A Primeira Noite Com o Duque (LEG)	Sci-Fi & Fantasy|Comédia|Drama	ko	2025	KBS2
a91310c2-5e12-f7fa-ec8e-e781b55a0dfc	A Primeira Vez	La primera vez	N:\Series\A Primeira Vez	Drama	es	2023	Netflix
b8249bdc-95df-e874-43fb-65b6cdf14162	A Princesa da Nova Família	NULL	N:\Series\A Princesa da Nova Família		NULL	NULL	
5a711c87-0d05-2b9f-9b90-d0043683b1e9	A Princesa Mimada Pela Família Rica	NULL	N:\Series\A Princesa Mimada Pela Família Rica		NULL	NULL	
cd5ffc28-9f2a-c93c-977f-83f4038fb59d	A Princesa Reversa	NULL	N:\Series\A Princesa Reversa		NULL	NULL	
0f20c7bd-b7fd-b11a-a5e3-406836ad3eb5	A Prisioneira da Beleza	折腰	N:\Series\A Prisioneira da Beleza (LEG)	Drama	zh	2025	Tencent Video
a3d0abef-ea8b-7c10-b33b-62d747f009a1	A Promessa	La promesa	N:\Series\A Promessa	Drama|Mistério|Soap	es	2023	Netflix|La 1|RTVE Play
01427858-f344-5f8e-df8f-ac457bd66508	A Promessa do Veterano	NULL	N:\Series\A Promessa do Veterano		NULL	NULL	
37b0c3f7-dea4-d9d5-b0d0-876961583c29	A Prometida do Dragão Negro	NULL	N:\Series\A Prometida do Dragão Negro		NULL	NULL	
cf035550-3d50-88cb-148f-3b1e778841b6	A prometida do príncipe vampiro	NULL	N:\Series\A prometida do príncipe vampiro		NULL	NULL	
3aee2109-9533-8ed6-08e8-743bb61021bf	A Prometida Virou Chefe da Máfia	NULL	N:\Series\A Prometida Virou Chefe da Máfia		NULL	NULL	
fc9f4ff2-c9dd-409c-89cb-28c9e1070953	A Próxima Aposta	카지노	N:\Series\A Próxima Aposta	Drama|Action & Adventure|Crime	ko	2022	Disney+
87ceef00-a37a-58a0-22c1-4a6f2dcf1009	A Próxima Vítima	A Próxima Vítima	N:\Series\A Próxima Vítima	Soap|Crime|Drama	pt	1995	TV Globo
fb291972-3ebc-9949-9a5b-d0438e20b522	A Próxima Vítima	A Próxima Vítima	N:\Series\A Vítima	Soap|Crime|Drama	pt	1995	TV Globo
57ff677e-3be0-0ac4-c4a0-d2612af9e933	A Queda Argentina	A Queda Argentina	N:\Series\A Queda Argentina	Documentário	pt	2021	Instany|Brasil Paralelo
1d0f1254-094f-eb2d-3e96-336ada1ef9be	A Queda da Casa de Usher	The Fall of the House of Usher	N:\Series\A Queda da Casa de Usher	Mistério|Drama	en	2023	Netflix
8582e8ea-d591-191f-f977-380016df3421	A Queda da Noiva Mercenária	NULL	N:\Series\A Queda da Noiva Mercenária		NULL	NULL	
24fe4cc6-7f29-c142-e7d9-47fd8b759aa8	A Queda de P.Diddy	The Fall of Diddy	N:\Series\A Queda de P.Diddy	Documentário|Crime	en	2025	Investigation Discovery
ec358ce5-26dd-439c-5932-52b9a4a26545	A Química da Morte	The Chemistry of Death	N:\Series\A Química da Morte	Crime	en	2023	Paramount+
35195416-cd94-f18d-9407-f8a916c677a4	A rainha da cozinha - Uma receita para o divórcio	NULL	N:\Series\A rainha da cozinha - Uma receita para o divórcio		NULL	NULL	
644046a6-977f-f78e-ba4a-ac516680aa80	A Rainha da Máfia Se Apaixonou Por Mim	NULL	N:\Series\A Rainha da Máfia Se Apaixonou Por Mim		NULL	NULL	
082436a0-c94a-0bb7-f0c3-240b5b7ab18a	A Rainha da Pérsia	A Rainha da Pérsia	N:\Series\A Rainha da Pérsia	Drama|Soap|War & Politics|Action & Adventure|Mistério	pt	2024	Record|Univer Video
f3a44303-8c04-7e7e-bf95-ab51e0d70668	A Rainha das Vilãs	極悪女王	N:\Series\A Rainha das Vilãs	Drama	ja	2024	Netflix
5d9e992d-0d9b-2c17-8998-f64280f31263	A Rainha do Desapego	NULL	N:\Series\A Rainha do Desapego		NULL	NULL	
86bcc0d7-a212-5a9d-c1df-67e18129000f	A Rainha do Fluxo	La Reina del Flow	N:\Series\A Rainha do Fluxo	Drama|Crime	es	2018	Caracol TV
c58c8971-d93d-2d5c-75cb-8e95c39d3131	A Rainha do Mistério	추리의 여왕	N:\Series\A Rainha do Mistério	Comédia|Mistério|Crime	ko	2017	KBS2
a0bda8c8-b34c-9c72-97b2-c80a55f00655	A Rainha do Submundo	NULL	N:\Series\A Rainha do Submundo		NULL	NULL	
8781cc24-7aee-da2c-d373-eaee108d58e9	A Rainha do Sul	Queen of the South	N:\Series\A Rainha do Sul	Crime|Drama	en	2016	USA Network
68e91cc1-b2d3-cadc-91ec-cf3f81248106	A Rainha dos Golpes	컨피던스 맨 KR	N:\Series\A Rainha dos Golpes	Crime|Comédia|Drama	ko	2025	TV Chosun
59669dea-a8b8-c628-d407-4c13f104f7f2	A Rainha Loba Alfa Retorna	NULL	N:\Series\A Rainha Loba Alfa Retorna		NULL	NULL	
00cc6f5f-002d-d412-b6af-76cd6c36f8c7	A Rainha Não Ama, Só Conquista	A Rainha Não Ama, Só Conquista	N:\Series\A Rainha Não Ama, Só Conquista		pt	NULL	
7a11c62b-006a-ccf4-c2f4-ec838acf0c76	A Rainha que Superou a Todos	NULL	N:\Series\A Rainha que Superou a Todos		NULL	NULL	
b2bd7ed0-94da-5431-f0e8-ecfa89dd6a1e	A Rainha Serpente	The Serpent Queen	N:\Series\A Rainha Serpente	Drama	en	2022	STARZ
30658c73-5526-0519-1666-3940e920d226	A Recompensa de Uma Boa Ação	NULL	N:\Series\A Recompensa de Uma Boa Ação		NULL	NULL	
89f44465-1fee-2ba9-fc88-4ce721fa642a	A Regra do Jogo	A Regra do Jogo	N:\Series\A Regra do Jogo	Soap|Drama|Crime|Comédia	pt	2015	TV Globo
64010b01-f335-9e67-1dfc-c249d8c22e95	A Reinvenção do Flamengo	A Reinvenção do Flamengo	N:\Series\A Reinvenção do Flamengo	Documentário	pt	2025	
9d157153-a316-e544-d54b-84a809fd1f84	A Renegada Luna é a Rainha Alfa	NULL	N:\Series\A Renegada Luna é a Rainha Alfa		NULL	NULL	
e676b4d8-8dbb-99d7-839a-a5db5797d6d7	A Roda do Tempo	The Wheel of Time	N:\Series\A Roda do Tempo	Sci-Fi & Fantasy|Drama	en	2021	Prime Video
5156da96-88aa-3eb1-949e-461713778001	A Saga Wingfeather	The Wingfeather Saga	N:\Series\A Saga Wingfeather	Animação|Sci-Fi & Fantasy|Action & Adventure	en	2022	Angel
e70e2e1e-23f1-a163-b4eb-6706550ec4d6	A Saída	Exit	N:\Series\A Saída (2021)	Drama	no	2019	NRK1
05c8cb92-7c0a-9be6-6893-b82187042d51	A Salsa de Salcedo	Salcedo, cuero y boogaloo	N:\Series\A Salsa de Salcedo	Drama	es	2026	
31061e32-591e-80b9-1163-2456a240daca	A Seleção dos EUA na Copa do Mundo Feminina	Under Pressure: The U.S. Women's World Cup Team	N:\Series\A Seleção dos EUA na Copa do Mundo Feminina	Documentário	en	2023	Netflix
220fd947-d334-f9f0-70d9-66e321493a35	A Serpente de Essex	The Essex Serpent	N:\Series\A Serpente de Essex	Drama	en	2022	Apple TV
f4bcf9f4-c1d3-0292-39d0-4a99537286de	A Sete Palmos	Six Feet Under	N:\Series\A Sete Palmos	Drama	en	2001	HBO
8daf0bbe-3c5f-924e-c018-95cbaa93f3ca	A Sétima Arte	A Sétima Arte	N:\Series\A Sétima Arte	Documentário	pt	2021	Brasil Paralelo
3606cb6d-ee6f-d332-d4d5-244e65d139c5	A Sinfonia Bem Orquestrada Com Meu Patrao	A Sinfonia Bem Orquestrada Com Meu Patrao	N:\Series\A Sinfonia Bem Orquestrada com Meu Patrão		pt	2025	
b72c7210-6048-05d4-8991-ee4fe2e574ce	A Small Light	A Small Light	N:\Series\A Small Light	Drama|War & Politics	en	2023	National Geographic
67039715-4171-49d8-d9ba-2fa0c84fc1cf	A Sogra Que Te Pariu	A Sogra Que Te Pariu	N:\Series\A Sogra Que Te Pariu	Comédia	pt	2022	Netflix
6097627b-2e03-7340-6f30-72470a76b43c	A Sombra do Batman	Beware the Batman	N:\Series\A Sombra do Batman	Action & Adventure|Animação|Kids	en	2013	Cartoon Network|Adult Swim
770133ce-06c2-ec2b-07f8-16dd67fe16fd	A Sonhada Casa de Campo	Chasing the West	N:\Series\A Sonhada Casa de Campo	Reality	en	2025	HGTV
1aa5bd32-ddc5-bf77-8103-a8c4a92bcbc7	A Sonhada Casa do Lago	Lakefront Bargain Hunt Renovation	N:\Series\A Sonhada Casa do Lago	Reality	en	2017	HGTV|DIY Network|Magnolia Network
f3ea1f18-300a-c42c-2aef-78ce4fbb184e	A Sonhadora	Erkenci Kuş	N:\Series\A Sonhadora	Drama|Comédia|Soap	tr	2018	Star TV
58449491-fc60-dae5-5100-55bef89dd7c2	A Sorte de Loli	La suerte de Loli	N:\Series\A Sorte de Loli	Comédia|Família|Drama	es	2021	Telemundo
99fbfa63-dcd9-4fce-bee1-8642f21efedd	A Substituta Virgem do Bilionário	NULL	N:\Series\A Substituta Virgem do Bilionário		NULL	NULL	
eeafcc4f-736a-8b90-ad55-39893caabeb1	A Sucessora	A Sucessora	N:\Series\A Sucessora	Drama|Soap	pt	1978	TV Globo
c16c4126-fe0b-65d4-bdbf-23dbc99afefd	A Super Máquina	Knight Rider	N:\Series\A Super Máquina	Action & Adventure|Sci-Fi & Fantasy|Crime	en	1982	NBC
fe61f091-4b0e-a803-b54f-20c43009cf73	A Superfantástica História do Balão	A Superfantástica História do Balão	N:\Series\A Superfantástica História do Balão	Documentário	pt	2023	Star+
d168599a-7872-c931-41c4-8c2ef3514285	A Taça é Nuestra	Robo mundial	N:\Series\A Taça é Nuestra	Comédia|Drama	es	2022	Star+
65d9fa42-fa69-ce68-32c3-28c4ab034e06	A Teacher	A Teacher	N:\Series\A Teacher	Drama	en	2020	Hulu
f02b3d2e-9a39-1351-83d7-e3e1c7d26f91	A Teia	A Teia	N:\Series\A Teia	Drama	pt	2018	TVI
7257bad3-4c09-9fd1-6376-b5ef2cfe3ec2	A Tentação dos Príncipes Sombrios	NULL	N:\Series\A Tentação dos Príncipes Sombrios		NULL	NULL	
a235b838-b0cc-8dc6-8c03-8fdaf463bb47	A Terapia, por Sebastian Fitzek	Sebastian Fitzeks Die Therapie	N:\Series\A Terapia, por Sebastian Fitzek	Mistério|Drama	de	2023	Prime Video
0ef8b93f-3ab9-a304-5d46-d67d54cb9575	A Terra Prometida	A Terra Prometida	N:\Series\A Terra Prometida	Soap	pt	2016	Record
a78edd15-7f4c-60b8-9f16-73feb356ca7b	A Testemunha	The Witness	N:\Series\A Testemunha	Drama|Crime	en	2026	Netflix
2e33476b-4284-e94d-6c5c-3ef1dbf072fc	A Thin Line	A Thin Line	N:\Series\A Thin Line	Drama|Crime	de	2023	Paramount+
894aacc4-8790-6dbc-6bb3-fb6cacbb75e2	A Tia é Top	Chicago Party Aunt	N:\Series\A Tia é Top	Animação|Comédia	en	2021	Netflix
37945975-636b-f793-eb7f-f3d7a10cac90	A Todo Vapor, Rumo ao Amor	NULL	N:\Series\A Todo Vapor, Rumo ao Amor		NULL	NULL	
5c054f81-82c3-9f56-1dc5-a5369133a25e	A Traição da Noiva, O Inferno de Dante	NULL	N:\Series\A Traição da Noiva, O Inferno de Dante		NULL	NULL	
115a465a-6829-4e02-f346-10f462ac7f67	A Traição do Alfa, Minha Vingança	NULL	N:\Series\A Traição do Alfa, Minha Vingança		NULL	NULL	
961e8b61-025e-d84d-d63b-02cef8b5e625	A Turma do Charlie Brown e Snoopy	The Charlie Brown and Snoopy Show	N:\Series\A Turma do Charlie Brown e Snoopy	Animação|Comédia	en	1983	CBS
2c1a0111-9fb7-d0a5-e7fa-187b7ae489ed	A Turma do Pateta	Goof Troop	N:\Series\A Turma do Pateta	Comédia|Kids|Animação	en	1992	ABC|Syndication
da35fa0a-1cce-ac25-2a58-c94a5ced2690	A Ultima Batida por Amor	A Ultima Batida por Amor	N:\Series\A Última Batida por Amor		pt	2025	
747c29e1-5b86-7f34-073e-c39720191420	A Última Coisa Que Ele Me Falou	The Last Thing He Told Me	N:\Series\A Última Coisa Que Ele Me Falou	Mistério|Drama	en	2023	Apple TV
e6a7d837-e750-4611-b07f-ea305e92a6a5	A Última Fronteira	The Last Frontier	N:\Series\A Última Fronteira (2025)	Drama|Crime	en	2025	Apple TV
02522771-d867-85cb-7c3c-0ee9a5fcca12	A Última Noite em Tremor	La última noche en Tremor	N:\Series\A Última Noite em Tremor	Drama|Mistério	es	2024	Netflix
f476a3ec-bfe8-3b5c-83ec-69ac54dcac7d	A Última Prece	NULL	N:\Series\A Última Prece		NULL	NULL	
7190a19d-a064-33cf-682e-9fe138c66b49	A Unidade: Tropa de Elite	The Unit	N:\Series\A Unidade	Action & Adventure|Drama	en	2006	CBS
b908687b-fcd3-3aa2-293b-b74f68f6e638	A Usurpadora	La usurpadora	N:\Series\A Usurpadora (2019)	Drama|Soap	es	1998	Las Estrellas
dadeb180-f93b-4512-78f7-f8a1acf1d75d	A Usurpadora	La usurpadora	N:\Series\A Usurpadora	Drama|Soap	es	1998	Las Estrellas
31d979db-4c70-129a-7f0b-ca80ecb800fa	A Valquíria e o Divórcio com o Deus da Guerra	NULL	N:\Series\A Valquíria e o Divórcio com o Deus da Guerra		NULL	NULL	
be813601-572f-9cec-7343-1773805e1eb3	A Verdade da Mentira: Uma Nova Missão	True Lies	N:\Series\A Verdade da Mentira - Uma Nova Missão	Action & Adventure|Comédia	en	2023	CBS
2f5bd189-cedb-97a8-0b0f-4be786257cd9	A Verdade por Trás das Minhas Mentiras	Toda la verdad de mis mentiras	N:\Series\A Verdade por Trás das Minhas Mentiras	Drama|Comédia	es	2026	Netflix
ab409ac4-2a98-fa76-0965-7d1c50837598	A Verdade Sempre Vem à Tona	NULL	N:\Series\A Verdade Sempre Vem à Tona		NULL	NULL	
5d45d37c-3b48-b76e-e0b4-26036b7a82d3	A Verdade Sobre a Sra Neves	NULL	N:\Series\A Verdade Sobre a Sra. Neves		NULL	NULL	
d2085ce7-19fa-463b-a456-50dfde5e7ac3	A Verdade Sobre o Caso Harry Quebert	The Truth About the Harry Quebert Affair	N:\Series\A Verdade Sobre o Caso Harry Quebert	Crime|Drama	en	2018	Sky Witness
1d5d7e7e-38eb-b8a5-ec48-71abf434de34	A Veterana Pitica da Firma	うちの会社の小さい先輩の話	N:\Series\A Veterana Pitica da Firma	Animação|Comédia	ja	2023	HTB|tv asahi|Nagoya TV|KBC|ABC TV|NCC|OAB|ABA|Niigata Television Network 21|khb|KFB|HOME|KSB|Kagoshima Broadcasting|Iwate Asahi TV|Akita Asahi Broadcasting|Yamagata Television System|Shizuoka Asahi TV|Asahi Broadcasting Nagano|Hokuriku Asahi Broadcasting|Ehime Asahi TV|Yamaguchi Asahi Broadcasting|Kumamoto Asahi Broadcasting|Ryu-Q Asahi Broadcasting
2c191771-489b-9f64-a842-27cf39ac5e42	A Vez Dela de Cair	NULL	N:\Series\A Vez Dela de Cair		NULL	NULL	
3c76efb8-a846-1d63-123a-e701801163b9	A Viagem	A Viagem	N:\Series\A Viagem	Soap|Drama	pt	1975	TV Tupi
cad726e5-1f42-e4a8-24d1-e75268cae992	A Vida da Gente	A Vida da Gente	N:\Series\A Vida da Gente	Soap|Drama	pt	2011	TV Globo
6139cc72-cf3c-ae09-e92d-8ed0916bc816	A Vida de Dug	Dug Days	N:\Series\A Vida de Dug	Animação|Comédia|Família	en	2021	Disney+
5e88f9ed-0314-f148-1233-665e20f45ce1	A Vida de Jazz	I Am Jazz	N:\Series\A Vida de Jazz	Reality	en	2015	TLC
04c23fcc-45af-7da0-9b67-f2340f37c451	A Vida de Jó	A Vida de Jó	N:\Series\A Vida de Jó	Drama	pt	2025	Univer Video
7ba52510-77a0-157b-1e1c-4e4bfb3d0d19	A Vida Depois do Tombo	A Vida Depois do Tombo	N:\Series\A Vida Depois do Tombo	Documentário	pt	2021	Globoplay
7147d5de-9d3d-0069-dce2-af3fd9ee67e6	A Vida dos Sonhos do Sr. Kim	서울 자가에 대기업 다니는 김 부장 이야기	N:\Series\A Vida dos Sonhos do Sr. Kim	Comédia|Drama	ko	2025	JTBC
d1e1a39a-89e8-7d5c-b906-6ae6d1bde303	A Vida Dupla do Meu Marido Bilionário	NULL	N:\Series\A Vida Dupla do Meu Marido Bilionário		NULL	NULL	
dbae9cbe-ea7e-ef54-073f-24167976b7b0	A Vida e a História de Madam C.J. Walker	Self Made: Inspired by the Life of Madam C.J. Walker	N:\Series\A Vida e a História de Madam C.J. Walker	Drama	en	2020	Netflix
0d48860d-2a42-ba1f-a694-8503dbc1fa0d	A Vida em Outros Planetas	Alien Worlds	N:\Series\A Vida em Outros Planetas	Documentário	en	2020	Netflix
dbec30fa-2e4f-44ed-79b0-6ed80c07c675	A Vida Mentirosa dos Adultos	La vita bugiarda degli adulti	N:\Series\A Vida Mentirosa dos Adultos	Drama	it	2023	Netflix
c2835a8e-f2a2-0b16-f39d-8eabb93f8353	A Vida Moderna de Rocko	Rocko's Modern Life	N:\Series\A Vida Moderna de Rocko	Animação|Comédia|Kids	en	1993	Nickelodeon
653fa826-c916-74b4-3887-5ec4548a92bc	A Vida no Nosso Planeta	Life on Our Planet	N:\Series\A Vida no Nosso Planeta	Documentário	en	2023	Netflix
652596da-5f2b-2d79-cdda-2d7bdaf802e1	A Vida Pela Frente	A Vida Pela Frente	N:\Series\A Vida Pela Frente	Drama	pt	2023	Globoplay
5a92cf5b-da94-0b22-84a6-0d6f7567d8b1	A Vida que Você Queria	La vita che volevi	N:\Series\A Vida que Você Queria	Drama	it	2024	Netflix
c7dfabdf-99d1-3a3a-5ac5-a395ca728b2b	A Vida Secreta da Minha Secretária	초면에 사랑합니다	N:\Series\A Vida Secreta da Minha Secretária	Comédia	ko	2019	SBS
e458e633-3b87-fd04-ea0e-57b4bdef01fa	A Vida Secreta da Minha Vizinha	NULL	N:\Series\A Vida Secreta da Minha Vizinha		NULL	NULL	
1f82249b-b6f3-380f-c4a9-5d53e9cfbef9	A Vida Secreta do meu Marido Bilionario	A Vida Secreta do meu Marido Bilionario	N:\Series\A Vida Secreta do Meu Marido Bilionário	Drama	pt	2025	
0f805c9f-d7ff-0ae1-5a9b-d4b1d422f457	A Vida Secreta dos Animais	The Secret Lives of Animals	N:\Series\A Vida Secreta dos Animais	Documentário	en	2024	Apple TV
de68bdeb-9ab8-8bb0-9f77-2ea9e7437b8e	A Vida Sexual das Universitárias	The Sex Lives of College Girls	N:\Series\A Vida Sexual das Universitárias	Comédia|Drama	en	2021	HBO Max|Max
2ff79dc9-a268-324c-c433-90e3ccb3aed8	A Vila	A Vila	N:\Series\A Vila	Comédia	pt	2017	Multishow
ca652ccf-2f46-3b12-9a05-275733246430	A Vilã e Seus Mordomos Demônios	NULL	N:\Series\A Vilã e Seus Mordomos Demônios		NULL	NULL	
412029db-c2e3-5995-2bd2-f466af8d673e	A Vingança da Bela Adormecida	NULL	N:\Series\A Vingança da Bela Adormecida		NULL	NULL	
ca54e02f-1489-2b3c-70f8-4b84efb5af1a	A Vingança da Branca de Neve	스캔들	N:\Series\A Vingança da Branca de Neve	Drama|Mistério	ko	2024	KBS2
72b46397-4bff-51a7-2879-32ec0ccca7cc	A Vingança da Esposa CEO	NULL	N:\Series\A Vingança da Esposa CEO		NULL	NULL	
67a7f8d5-f842-ce4d-4450-a0b22a7897c3	A Vingança da Esposa Desesperada	NULL	N:\Series\A Vingança da Esposa Desesperada		NULL	NULL	
16c8d78c-9047-50e1-2394-fa91ee6cd408	A Vingança da Filha Libertada	NULL	N:\Series\A Vingança da Filha Libertada		NULL	NULL	
c54013cb-777d-a7dd-16f1-5a48ca12a0e4	A Vingança da Herdeira Descartada	NULL	N:\Series\A Vingança da Herdeira Descartada		NULL	NULL	
98a2c983-00e4-2b97-4306-93b6115a7371	A Vingança das Juanas	La venganza de las Juanas	N:\Series\A vingança das Juanas	Drama|Mistério|Crime	es	2021	Netflix
f9fa3507-8e10-1199-2649-e31ada25ae2f	A Vingança de Analía	La venganza de Analía	N:\Series\A Vingança de Analía	Drama	es	2020	Caracol TV
5205e997-dac2-f623-c966-a1888ce3a9e4	A Vingança de Renata	NULL	N:\Series\A Vingança de Renata		NULL	NULL	
9bd5cfeb-e662-05cf-ccde-50bd5facf7a4	A Virgem e o Bilionário	A Virgem e o Bilionario	N:\Series\A Virgem e o Bilionário		pt	2025	
2d2cc457-7f12-f853-c0d0-2b6df20f7b95	A Vizinha da Mulher na Janela	The Woman in the House Across the Street from the Girl in the Window	N:\Series\A Vizinha da Mulher na Janela	Mistério|Crime|Comédia	en	2022	Netflix
28716e48-9a3f-c8e6-2167-c5f02ce6d31b	A Volta da Herdeira Caida	A Volta da Herdeira Caida	N:\Series\A Volta da Herdeira Caída		pt	2025	
96785314-e5d3-0c81-9446-9f2a81af1d8c	A Voz Ausente	La voz ausente	N:\Series\A Voz Ausente	Drama|Crime	es	2024	Disney+
019cad05-974c-2dac-5405-f7b5d5a533f8	A Voz do Carnaval	A Voz do Carnaval	N:\Series\A Voz do Carnaval	Reality	pt	2025	Multishow
c2968f36-422c-063d-e02c-0d72c58386ba	A Xerife Callie no Oeste	Sheriff Callie's Wild West	N:\Series\A Xerife Callie no Oeste	Animação|Faroeste|Sci-Fi & Fantasy|Kids	en	2013	Disney Junior
831fe6fa-a19e-951c-b0a1-c0ec3a904178	Abandonada pela Família, Ganhei um Irmão Milionário	NULL	N:\Series\Abandonada pela Família, Ganhei um Irmão Milionário	Liderança Feminina	NULL	2026	
9dd4c488-9c9b-1aed-8931-dae888c32074	Abandonada pelo Don, Coroada pela Máfia	NULL	N:\Series\Abandonada pelo Don, Coroada pela Máfia		NULL	NULL	
a981e221-4248-3a34-a884-759315390422	Abandonei o Rei dos Deuses no Altar	NULL	N:\Series\Abandonei o Rei dos Deuses no Altar		NULL	NULL	
c4c57442-10bc-5fc7-158f-0bfbcb1edb03	Abbott Elementary	Abbott Elementary	N:\Series\Abbott Elementary	Comédia	en	2021	ABC
01196bf3-5c8e-6b23-f2d0-e43164377968	Abdução em Manhattan	The Manhattan Alien Abduction	N:\Series\Abdução em Manhattan	Documentário	en	2024	Netflix
e77c8743-90a1-9e72-34c6-f6e75f19cc9e	Abel, O Grande	Abel, O Grande	N:\Series\Abel, O Grande	Documentário	pt	2025	Disney+
c4ffff87-eb3f-f41a-6632-b10ae8894d8d	Aberto ao Público	Aberto ao Público	N:\Series\Aberto ao Público	Comédia|Reality|Talk	pt	2025	TV Globo
46f7f238-cc45-27b7-3709-846d983fdb7c	Abismo de Paixão	Abismo de pasión	N:\Series\Abismo de Paixão	Drama	es	2012	Las Estrellas
e4a50350-0605-4c72-84cd-f9c53a6de86f	Abra Seus Olhos, Meu Marido Bilionário	NULL	N:\Series\Abra Seus Olhos, Meu Marido Bilionário		NULL	NULL	
57cfa68b-bbf4-b28d-7427-ac7a19eed0ce	Abstrato: A Arte do Design	Abstract: The Art of Design	N:\Series\Abstrato - A Arte do Design	Documentário	en	2017	Netflix
05e0ca8b-5bc6-07ba-db5c-f8e0cbabca48	Academia de Vampiros	Vampire Academy	N:\Series\Academia de Vampiros	Drama|Sci-Fi & Fantasy	en	2022	Peacock
78ec521e-eef5-a87c-5fd3-c357c68f9808	Academia Unicórnio	Unicorn Academy	N:\Series\Academia Unicórnio	Animação|Kids|Sci-Fi & Fantasy|Action & Adventure|Comédia|Família	en	2023	Netflix
8572beb0-ce88-0d08-9306-c53219d0cc9d	Academia Unicórnio: Segredos Revelados	Unicorn Academy: Secrets Revealed	N:\Series\Academia Unicórnio - Segredos Revelados	Animação|Kids|Sci-Fi & Fantasy	en	2026	Netflix
bfd5f0d0-3070-d248-15d6-9291b1ff23a9	Acampados	BUNK'D: Learning the Ropes	N:\Series\Acampados	Comédia	en	2015	Disney Channel
fa3766ab-f1f7-95bd-8cbb-92d2c5db0651	Acampamento de Magia para Jovens Bruxos	Acampamento de Magia para Jovens Bruxos	N:\Series\Acampamento de Magia para Jovens Bruxos	Action & Adventure|Sci-Fi & Fantasy	pt	2023	Globoplay
59efffa7-c0a5-0543-7d20-8a0638a2d6de	Acampamento de Verão	Summer Camp Island	N:\Series\Acampamento de Verão	Animação|Comédia|Sci-Fi & Fantasy|Família	en	2018	Cartoon Network|HBO Max
39f0558f-a179-0cec-282e-36f0179943ae	Acampamento Mágico	Magicampers	N:\Series\Acampamento Mágico	Kids|Animação	en	2026	Disney Junior
ea5abf26-4ded-247a-20b6-97aefea9a136	Acapulco	Acapulco	N:\Series\Acapulco	Comédia|Drama	en	2021	Apple TV
017984ab-b058-3370-edcd-32a53181adf5	Acapulco Shore	Acapulco Shore	N:\Series\Acapulco Shore	Reality	es	2014	MTV Latin America
bb7125ca-ad40-f3a2-e5e3-f99ad3312c17	Acasalada com Meu Selvagem Alfa	NULL	N:\Series\Acasalada com Meu Selvagem Alfa		NULL	NULL	
c49af8d1-5e4b-6c10-5f58-a0ba1c849422	Ace Attorney	逆転裁判〜その「真実」、異議あり！〜	N:\Series\Ace Attorney	Animação|Crime|Drama|Mistério	ja	2016	YTV
4252807c-7465-e08a-6027-7e6f43e942a7	Ace of the Diamond	ダイヤのA	N:\Series\Ace of the Diamond	Animação	ja	2013	TV Tokyo|TV Aichi|TVQ|TV Osaka|TVh|TSC
62cc2c29-ce9d-247c-e6a2-73fad9585426	Aceleradas	Desenfrenadas	N:\Series\Aceleradas	Drama	es	2020	Netflix
f9c0b693-5f27-4a54-202d-f3b74e00f657	Acesso Total: Palmeiras	Acesso Total: Palmeiras	N:\Series\Acesso Total - Palmeiras	Documentário	pt	2025	
371ef657-9fdd-6d51-4793-2c15ce220104	Acima de Qualquer Suspeita	Presumed Innocent	N:\Series\Acima de Qualquer Suspeita	Drama|Mistério	en	2024	Apple TV
3ce7dc2d-c1a5-94f4-a85b-19d538c28111	Acorda, Carlo!	Acorda, Carlo!	N:\Series\Acorda, Carlo!	Action & Adventure|Animação	pt	2023	Netflix
6a893c5a-7e24-90fb-6d5d-6e95703e71e6	Acordar Casada com Meu Crush	NULL	N:\Series\Acordar Casada com Meu Crush		NULL	NULL	
6e92983c-81b6-933a-59ad-ac330b771e38	Acorde o marido sustentado	NULL	N:\Series\Acorde o marido sustentado		NULL	NULL	
d5227c4e-7198-0929-2b95-588692f6813a	Acorrentada	Acorrentada	N:\Series\Acorrentada	Soap|Drama	pt	1983	SBT
9f088fd3-e67d-25ba-813e-e3d7998605e8	Acredite,  é Verdade!	Weird But True!	N:\Series\Acredite, é Verdade!	Documentário|Família|Kids	en	2016	National Geographic|Disney+
725c79c5-62d5-17ee-0df9-d27bb8fbba35	Active Raid: Kidou Kyoushuushitsu Dai Hachi Gakari	アクティヴレイド -機動強襲室第八係-	N:\Series\Active Raid	Animação|Action & Adventure|Crime	ja	2016	Tokyo MX|TV Aichi|KBS Kyoto|TBS|Nippon TV|Sun TV
c9559a83-41d3-69d7-c70f-86808bcb3841	Acusado	Accused	N:\Series\Acusado	Crime|Drama	en	2023	FOX
4b85497a-7e6c-05fd-d9fa-7adde03e119f	Ada Batista, cientista	Ada Twist, Scientist	N:\Series\Ada Batista, cientista	Kids|Animação|Comédia|Família	en	2021	Netflix
f16da228-5467-2fbc-e30e-faf7656f77ea	Adachi and Shimamura	安達としまむら	N:\Series\Adachi to Shimamura	Animação|Comédia|Drama	ja	2020	TBS
69a4681f-bc34-efda-79ad-ba4987ac9c45	Adamas: O Diamante Assassino	아다마스	N:\Series\Adamas - O Diamante Assassino	Mistério|Drama	ko	2022	tvN
3e18a67d-f1b2-02a1-1094-40444e0931c7	Addicted: Vidas em Recuperação	Бывшие	N:\Series\Addicted - Vidas em Recuperação	Drama	ru	2018	Super|START
4500a911-490e-7db7-6122-3d5feded31c0	Adeus ao Casamento que Não Era Meu	NULL	N:\Series\Adeus ao Casamento que Não Era Meu		NULL	NULL	
28a6767b-cbf3-6e62-fcbe-3f9ea87c9de6	Adeus, Terra	종말의 바보	N:\Series\Adeus, Terra	Drama	ko	2024	Netflix
a48d3135-e655-e0c8-1e01-f1aa3c3bd353	Adolepeixes	Fish Hooks	N:\Series\Adolepeixes	Animação|Comédia|Kids	en	2010	Disney Channel
ea5fa6ca-f836-7d4b-0183-81add289deab	Adolescência	Adolescence	N:\Series\Adolescência	Drama|Crime	en	2025	Netflix
1ab56fb1-9542-bc1f-52e5-eb72219b3335	Adoração	Adorazione	N:\Series\Adoração	Drama|Mistério	it	2024	Netflix
fa2252df-f399-aea7-98fa-9646401f6aa4	Adoráveis Mulheres	Little Women	N:\Series\Adoráveis Mulheres	Drama	en	2017	BBC One
af9fa5f1-a645-9720-b787-6a248ca2de50	Adorável Corredora	선재 업고 튀어	N:\Series\Adorável Corredora (LEG)	Drama|Sci-Fi & Fantasy|Comédia|Mistério	ko	2024	tvN
1dc90d52-0ea7-adc9-dd20-59d2fa01fbad	Adotada	Adotada	N:\Series\Adotada	Reality|Comédia	en	2014	MTV
66be1867-e170-c30b-dc77-e60754f160da	Adriano Imperador	Adriano Imperador	N:\Series\Adriano Imperador	Documentário	pt	2022	Paramount+
5eacb310-297e-30a8-6bf7-2f77b4e6aeff	Adult Material	Adult Material	N:\Series\Adult Material	Drama|Comédia	en	2020	Channel 4
da1571a4-5d7b-85b8-edc3-6d74931be5d6	Adultos	Adults	N:\Series\Adultos	Comédia	en	2025	FX|FXX
f0568fb0-63ea-b704-11dd-fa33a3ffed1d	Aeroporto - Área Restrita: Estados Unidos	Contraband: Seized at the Airport	N:\Series\Aeroporto - Área Restrita - Estados Unidos	Documentário|Crime|Reality	en	2024	Discovery
1dc10c1f-6fcb-9202-f525-fd7117487f14	Aeroporto Miami	Airport 24/7: Miami	N:\Series\Aeroporto Miami	Reality|Documentário	en	2012	Travel Channel
0cfc1e89-7af3-abb4-6320-cef9f2195f59	Aeroporto: Área Restrita	Aeroporto: Área Restrita	N:\Series\Aeroporto - Área Restrita	Documentário	pt	2017	Discovery
2657be59-c41f-15be-09e5-20126daea3e6	Aeroporto: Estados Unidos	To Catch a Smuggler	N:\Series\Aeroporto - Estados Unidos	Documentário	en	2020	National Geographic
3ebf39f8-570e-18c1-87c4-d452cacfcead	Agatha Desde Sempre	Agatha All Along	N:\Series\Agatha Desde Sempre	Sci-Fi & Fantasy|Mistério	en	2024	Disney+
a6269e96-5c86-c57d-fa3c-0a12cb964c39	Agência de Celebridades	연예인 매니저로 살아남기	N:\Series\Agência de Celebridades	Drama|Comédia	ko	2022	tvN
49366be9-7f86-3ef7-cc31-04106267bf31	Agenda Proibida	The Client List	N:\Series\Agenda Proibida	Drama	en	2012	Lifetime
f497479a-9c9c-e515-0105-2c64e1345854	Agente Butterfly	Butterfly	N:\Series\Agente Butterfly	Action & Adventure|Drama	en	2025	Prime Video
cb7499f2-cfb0-dd5d-07e8-1d67bf1d52ff	Agente Elvis	Agent Elvis	N:\Series\Agente Elvis	Animação|Comédia|Action & Adventure	en	2023	Netflix
9b01c1ae-fa04-1bc5-a403-0e7e0cb760e3	Agente K.C	K.C. Undercover	N:\Series\Agente K.C	Kids|Comédia|Família|Drama	en	2015	Disney Channel
a0111449-64b9-212f-2dbc-c54e7fc8c5be	Agente Kim: Reativado	김부장	N:\Series\Agente Kim - Reativado	Action & Adventure|Crime|Drama	ko	2026	SBS
509d37cf-1df7-bff0-e11e-5b2228265fe5	Agente P. Disfarçado	Agent P Under C	N:\Series\Agent P, Under C	Action & Adventure|Família|Animação|Comédia	en	2026	Disney+
1995aea6-1790-5702-32e2-0e2b884f7abe	Agentes da S.H.I.E.L.D. da Marvel	Marvel's Agents of S.H.I.E.L.D.	N:\Series\Agentes da SHIELD	Drama|Sci-Fi & Fantasy|Action & Adventure	en	2013	ABC
697b4501-595c-0731-1b7b-e5c450d1aaea	Agentes do Caos	Agents of Chaos	N:\Series\Agentes do Caos	Documentário	en	2020	HBO
fcb85ed9-e668-b0e9-4144-cd39c4e7232a	Agentes do FBI	Class of '09	N:\Series\Agentes do FBI	Drama|Mistério|Crime|Sci-Fi & Fantasy	en	2023	Hulu
c40c3109-2f2c-af59-1505-28f03ba47aca	Agentes do Mistério	미스터리 수사단	N:\Series\Agentes do Mistério	Reality	ko	2024	Netflix
8120f949-b464-2775-4844-597f73303164	Agents of the Four Seasons: Dance of Spring	春夏秋冬代行者 春の舞	N:\Series\Agents of the Four Seasons - Dance of Spring	Animação|Drama|Sci-Fi & Fantasy	ja	2026	Gunma TV|Tokyo MX|BS11|Tochigi TV
df0c8539-289a-0412-9e56-736d2c181bda	Aggretsuko	アグレッシブ烈子	N:\Series\Aggretsuko	Animação|Comédia	ja	2018	Netflix
6be725d1-64eb-d57f-ecbf-ebb82d4cec44	Agora é Que São Elas	Agora é Que São Elas	N:\Series\Agora é Que São Elas	Soap|Comédia|Família	pt	2003	TV Globo
12b235e8-8db2-b91d-b460-8edcfd1ba06c	Agora Eles Sabem Quem Perderam	NULL	N:\Series\Agora Eles Sabem Quem Perderam		NULL	NULL	
edff599d-0894-eb24-57e3-6fcdd6bee0b0	Agora Muppets	Muppets Now	N:\Series\Agora Muppets	Comédia|Família	en	2020	Disney+
de39216d-7bae-de73-bcf6-e5f62fcdc152	Agosto	Agosto	N:\Series\Agosto	Crime|Drama|Mistério	pt	1993	TV Globo
865d63a6-42ce-42b3-e6ee-f6e01dbb8bba	Ahsoka	Ahsoka	N:\Series\Ahsoka	Sci-Fi & Fantasy|Action & Adventure	en	2023	Disney+
40916f57-2d15-8728-ff7b-5358e464f951	Aile: Laços De Paixão	Aile	N:\Series\Aile - Laços De Paixão	Action & Adventure|Crime|Drama	tr	2023	Show TV
c6d38f42-3288-2336-03b3-df817a0819c0	Ainda Acordados	Still Up	N:\Series\Ainda Acordados	Comédia	en	2023	Apple TV
9ec477ce-d587-ab42-b364-5a95195372d7	AJ and the Queen	AJ and the Queen	N:\Series\AJ and the Queen	Comédia|Drama	en	2020	Netflix
f3180767-b2dd-6daa-8431-2b13afcd0861	AJIN: Demi-Human	亜人	N:\Series\Ajin	Animação|Action & Adventure|Mistério	ja	2016	TBS
a7530fa4-40ed-b238-6d6a-7311310e8ad3	aka Charlie Sheen	aka Charlie Sheen	N:\Series\aka Charlie Sheen	Documentário	en	2025	Netflix
20fdb552-5d90-cde6-d535-203f551394d0	Akame ga Kill!	アカメが斬る！	N:\Series\Akame ga Kill	Animação|Drama|Action & Adventure	ja	2014	Tokyo MX
d8f5d55b-1711-6a34-ca5d-afd50c823817	Akane-banashi	あかね噺	N:\Series\Akane-banashi	Animação|Drama	ja	2026	tv asahi|Nagoya TV|KBC|ABC TV|NCC|OAB|ABA|Niigata Television Network 21|khb|KFB|HOME|KSB|Kagoshima Broadcasting|Iwate Asahi TV|Akita Asahi Broadcasting|Yamagata Television System|Shizuoka Asahi TV|Asahi Broadcasting Nagano|Hokuriku Asahi Broadcasting|Ehime Asahi TV|Yamaguchi Asahi Broadcasting|Kumamoto Asahi Broadcasting|Ryu-Q Asahi Broadcasting
361fbf89-4027-5534-a910-fefadca4e5d5	Akudama Drive	アクダマドライブ	N:\Series\Akudama Drive	Animação|Mistério|Action & Adventure|Sci-Fi & Fantasy|Crime	ja	2020	AT-X
a2371877-3f29-83d2-beba-ae1349cad074	Alasca: Em Busca da Notícia	Alaska Daily	N:\Series\Alasca - Em Busca da Notícia	Drama|Crime	en	2022	ABC
25a94618-9898-8f3a-3326-acb1087c97fb	Alasca: Reabilitação Selvagem	Alaska Animal Rescue	N:\Series\Alasca - Reabilitação Selvagem	Reality|Documentário	en	2020	Nat Geo Wild
67b70f59-959a-fb25-41e5-1c50f215e79c	Alavancada no Jogo - A Patroa de Cozinha do CEO	NULL	N:\Series\Alavancada no Jogo - A Patroa de Cozinha do CEO		NULL	NULL	
a1cff06a-0c7e-1e11-8983-0a70dde9a707	Além da Ilha	Além da Ilha	N:\Series\Além da Ilha	Comédia	pt	2018	Globoplay
2446e214-99ed-135a-1024-90240bf3f8f2	Além da Ilusão	Além da Ilusão	N:\Series\Além da Ilusão	Soap|Drama	pt	2022	TV Globo
5caf49e7-9f04-9b36-dc2d-b1337bc87e09	Além da Imaginação	The Twilight Zone	N:\Series\Além da Imaginação	Sci-Fi & Fantasy|Mistério|Drama	en	1959	CBS
66b74010-6604-a33e-0d8e-71ec3fd1b133	Além da Margem	Outer Range	N:\Series\Além da Margem	Drama|Mistério|Sci-Fi & Fantasy	en	2022	Prime Video
8b039eb5-b28d-4d81-4372-5db22042d2ce	Além da Usurpadora	Más allá de... La usurpadora	N:\Series\Além da Usurpadora	Drama|Soap	es	1998	Las Estrellas
642cb841-ecd2-2920-1140-a579fcdcb65a	Além do Direito	에스콰이어: 변호사를 꿈꾸는 변호사들	N:\Series\Além do Direito	Drama	ko	2025	JTBC
d7858a2d-53d3-1589-a537-2bbb00b492f6	Além do Guarda-Roupa	Além do Guarda-Roupa	N:\Series\Além do Guarda-Roupa	Drama|Sci-Fi & Fantasy	pt	2023	HBO Max
88b5830d-dc4d-a8b4-257b-95b350828425	Além do Horizonte	Além do Horizonte	N:\Series\Além do Horizonte	Soap|Drama	pt	2013	TV Globo
d64040d7-2285-777b-11c0-0bac6c11271e	Além do Tempo	Além do Tempo	N:\Series\Além do Tempo	Soap|Drama	pt	2015	TV Globo
8bfd4ba6-fa4e-f092-84de-87a24e81f1f3	Alert: Unidade de Pessoas Desaparecidas	Alert: Missing Persons Unit	N:\Series\Alert - Unidade de Pessoas Desaparecidas	Drama|Crime	en	2023	FOX
35d951e3-1895-2722-c38e-daebee85e07c	Alex Rider	Alex Rider	N:\Series\Alex Rider	Drama|Action & Adventure	en	2020	Prime Video|IMDb TV|Amazon Freevee
46e51f23-648c-7502-a051-9a4a085ddda3	Alex, Inc.	Alex, Inc.	N:\Series\Alex, Inc	Comédia	en	2018	ABC
28fdb5c6-9f45-b29d-0459-d84970e164b7	Alexa e Katie	Alexa & Katie	N:\Series\Alexa e Katie	Comédia	en	2018	Netflix
a1b0cbb8-4e7e-e6b9-8495-c2f04ad68915	Alexandre: O Nascimento de um Deus	Alexander: The Making of a God	N:\Series\Alexandre - O Nascimento de um Deus	Documentário|Drama	en	2024	Netflix
3627e8cb-b9a2-d2f9-2564-f3b7a43ebf08	ALF, o ETeimoso	ALF	N:\Series\ALF o ETeimoso	Comédia|Família|Sci-Fi & Fantasy	en	1986	NBC
60d4d1b7-af4d-f66c-6755-0a2a1884de77	Alfa Não É Meu Tipo	NULL	N:\Series\Alfa Não É Meu Tipo		NULL	NULL	
8f971a36-ad39-a6ad-f5d1-106907562737	Algo Horrível Vai Acontecer	Something Very Bad Is Going to Happen	N:\Series\Algo Horrível Vai Acontecer	Drama|Mistério	en	2026	Netflix
4b02eb67-4d53-7b80-7f33-34f4a36d7859	Alguém em Algum Lugar	Somebody Somewhere	N:\Series\Somebody	Comédia|Drama	en	2022	HBO
76966670-257c-7f6b-2a85-75bda6773c5c	Alguém em Algum Lugar	Somebody Somewhere	N:\Series\Alguém Em Algum Lugar	Comédia|Drama	en	2022	HBO
e5469e60-f27e-6390-e358-aed7224a025b	Alguém tem que morrer	Alguien tiene que morir	N:\Series\Alguém tem que morrer	Drama	es	2020	Netflix
ad6e3961-8e56-fca3-00d7-7d9e60bda771	Alguém Tem Que Saber	Alguien tiene que saber	N:\Series\Alguém Tem Que Saber	Drama|Crime|Mistério	es	2026	Netflix
1de5d7c6-9271-beaf-7768-0fd7dfdb4739	Aliança Híbrida - Minha Irmã Roubou Meu Marido Bestial	NULL	N:\Series\Aliança Híbrida - Minha Irmã Roubou Meu Marido Bestial		NULL	NULL	
927377d8-de3a-5582-123e-efccb931fac8	Alias Grace	Alias Grace	N:\Series\Alias Grace	Crime|Drama	en	2017	CBC Television
9472dfb2-bdcd-7f59-3c24-ce66dfca4d93	Alice and Steve	Alice and Steve	N:\Series\Alice and Steve	Comédia|Drama	en	2026	Disney+
19c871c5-b51e-ad4e-2828-b7a252505477	Alice in Borderland	今際の国のアリス	N:\Series\Alice in Borderland	Mistério|Drama|Action & Adventure	ja	2020	Netflix
caf10d60-8472-a835-09df-aea1dbe51817	Alien TV	Alien TV	N:\Series\Alien TV	Animação|Comédia|Família|Kids	en	2020	Netflix
894c5fd3-b515-d955-746b-ba966b008501	Alien: Earth	Alien: Earth	N:\Series\Alien - Earth	Sci-Fi & Fantasy|Drama	en	2025	FX|Hulu
93ce241e-6ed0-4c92-dccd-e1dca68ebf9d	All American	All American	N:\Series\All American	Drama	en	2018	The CW
c44888b9-e298-e4bb-be6d-c4a59139f4fa	All American: Novos Começos	All American: Homecoming	N:\Series\All American - Novos Começos	Drama	en	2022	The CW
ee3d4206-5544-b4b2-08fb-6141243059be	All of Us Are Dead	지금 우리 학교는	N:\Series\All of Us Are Dead	Action & Adventure|Drama|Sci-Fi & Fantasy	ko	2022	Netflix
7d02f87a-7092-f46a-4c20-c18682aa8222	All Star Shore	All Star Shore	N:\Series\All Star Shore	Reality	en	2022	MTV|Paramount+
bbc149e4-0dfb-45ce-6528-f0517e244a27	All the Queen's Men	All the Queen's Men	N:\Series\All the Queen's Men	Drama	en	2021	BET+|Paramount+
1bdd090c-ac14-94fb-27d9-0fec28107675	Allen contra Farrow	Allen v. Farrow	N:\Series\Allen v. Farrow	Documentário	en	2021	HBO
0bdc275f-eff1-e78b-d6bf-117adccb0f9a	Alma de Cozinheira	Alma de Cozinheira	N:\Series\Alma de Cozinheira	Talk	pt	2023	GNT
465d6b92-4f83-9fc1-021e-7be47c569701	Alma Gêmea	Alma Gêmea	N:\Series\Alma Gêmea (2026)	Soap|Drama|Comédia|Mistério	pt	2005	TV Globo
79feeb9b-1ceb-a101-ec2b-411910e83888	Alma Gêmea	Alma Gêmea	N:\Series\Alma Gêmea	Soap|Drama|Comédia|Mistério	pt	2005	TV Globo
c27a323e-515b-daee-8f52-8cb0d89a5a9c	Alma Gemea Indesejada	Alma Gemea Indesejada	N:\Series\Alma Gêmea Indesejada		pt	2025	
353a41f8-6a16-cd6b-5004-b0d9ab9c9122	Alma Indomável	Alma Indomable	N:\Series\Alma Indomável	Drama|Soap	es	2009	Venevisión
9662918e-03a7-e1ae-1024-ba980eb8ff7b	Alma Rebelde	Alma Rebelde	N:\Series\Alma	Soap|Drama	es	1999	Las Estrellas
8830f1f9-4358-8c7f-c581-ffa7a93bfe23	Alma-chan Wants to Be a Family!	アルマちゃんは家族になりたい	N:\Series\Alma-chan Wants to Be a Family!	Animação|Comédia	ja	2025	Tokyo MX|Sun TV
3247c9ee-9021-5f2f-60c6-49e9599bcfab	Almost Paradise	Almost Paradise	N:\Series\Almost Paradise	Action & Adventure|Drama|Crime	en	2020	WGN America|Amazon Freevee
5958f7cd-c394-994b-f874-25a3c5019378	Alphonse	Alphonse	N:\Series\Alphonse	Comédia|Drama	fr	2023	Prime Video
88c872ae-8446-5d4d-a0a2-04dc4193066f	Alquimia das Almas	환혼	N:\Series\Alquimia das Almas	Drama|Sci-Fi & Fantasy|Action & Adventure|Mistério	ko	2022	tvN
47f27f2d-f24d-44c4-4b80-0a9aa0d3328f	Alta Fidelidade	High Fidelity	N:\Series\High Fidelity	Comédia|Drama	en	2020	Hulu
d6ce6ed8-4dc9-21ae-8b73-71494f556a9e	Alta Fidelidade	High Fidelity	N:\Series\Alta Fidelidade (2025)	Comédia|Drama	en	2020	Hulu
e56c2688-745a-beb8-a0e5-c572c9dd4d3e	Altered Carbon	Altered Carbon	N:\Series\Altered Carbon	Sci-Fi & Fantasy|Drama	en	2018	Netflix
e95dc877-b3ed-be87-fe8b-555e37679d93	Alto Astral	Alto Astral	N:\Series\Alto Astral	Soap|Drama	pt	2014	TV Globo
bd6dd3b6-e9fb-bade-7a3b-b0ec9b0da2db	Alto Luxo, Baixo Custo	Luxe for Less	N:\Series\Alto Luxo, Baixo Custo	Reality	en	2022	HGTV
41eedcda-2f7d-578d-9fc3-fc531a315c41	Alto Mar	Alta mar	N:\Series\Alto Mar	Crime|Drama	es	2019	Netflix
88ac0471-f953-24a0-e70a-fc6ad9589708	Alucinação	Alucinação	N:\Series\Alucinação	Drama	pt	2026	Canal Brasil
86b3a5d0-1496-2543-d6dd-7f2631e8338a	Aluga-se um Paraíso	The World's Most Amazing Vacation Rentals	N:\Series\Aluga-se um Paraíso	Reality|Documentário	en	2021	Netflix
bdc273ff-d327-928b-4906-b616d1729e2a	Aluguei um marido bilionário para o Natal	NULL	N:\Series\Aluguei um marido bilionário para o Natal		NULL	NULL	
481e5ed1-6fca-b73c-8e63-21630425e00b	Alvinnn!!! E os Esquilos	Alvinnn!!! and The Chipmunks	N:\Series\Alvinnn!!! E os Esquilos	Animação|Comédia|Família|Kids	en	2015	Nickelodeon|M6
df496783-6fe1-3ecd-65ba-a6c5d3783d33	Alvo Primário	Prime Target	N:\Series\Alvo Primário	Drama|Action & Adventure	en	2025	Apple TV
64c7e628-42ea-d387-b0e6-408b415caab5	Alya Sometimes Hides Her Feelings in Russian	時々ボソッとロシア語でデレる隣のアーリャさん	N:\Series\Alya Sometimes Hides Her Feelings in Russian	Animação|Comédia	ja	2024	Tokyo MX
92fb7183-2938-6023-9b06-a53b0a3806e4	Amada e Ultrajada: O Exército na História do Brasil	Amada e Ultrajada: O Exército na História do Brasil	N:\Series\Amada e Ultrajada - O Exército na História do Brasil	Documentário	pt	2024	
2c625d7b-a534-3c51-7834-48b1e62a2ede	Amantes Anônimos	Adsız Aşıklar	N:\Series\Amantes Anônimos	Drama|Comédia	tr	2025	Netflix
3f87ceb9-9919-f2a6-ce2c-6137d063811f	Amar à Distância	Besos al aire	N:\Series\Amar à Distância	Comédia|Drama	es	2021	Disney+
d98d5fff-4c17-1af2-c729-64aae51968b2	Amar a Morte	Amar a Muerte	N:\Series\Amar a Morte	Drama|Soap	es	2018	Univision|Las Estrellas
e47fa6e2-edf4-8e2f-535a-3cfb8a9791ba	Amar Demais	Amar Demais	N:\Series\Amar Demais	Drama|Mistério|Soap	pt	2020	TVI
bfeabb12-8e14-ca8c-e779-0996e14f30a3	Amar é Para os Fortes	Amar é Para os Fortes	N:\Series\Amar é Para os Fortes	Drama	pt	2023	Prime Video
b2efe0cd-b3bb-349a-819f-487056a92105	Amar em Corpos Alheios	NULL	N:\Series\Amar em Corpos Alheios		NULL	NULL	
08a8bca4-2244-7a0d-d727-4532ff031e64	Amar Você É a Minha Rotina	NULL	N:\Series\Amar Você É a Minha Rotina		NULL	NULL	
dd712db0-a098-a022-abdf-0d701b517540	Amar, Cair e Recomeçar	NULL	N:\Series\Amar, Cair e Recomeçar		NULL	NULL	
94178ff3-2eeb-bca6-baac-ea82a0cedeff	Amar, Perder…	Ayrılık da Sevdaya Dahil	N:\Series\Amar, Perder…	Drama	tr	2026	Netflix
3f5979c6-1780-d639-979e-2863b494ba7a	Amarração no Amor	Amarres	N:\Series\Amarração no Amor	Comédia|Drama	es	2021	HBO Max
b4196394-e6f0-7425-48d8-09d964ae02d1	Amber Brown	Amber Brown	N:\Series\Amber Brown	Kids|Família|Comédia	en	2022	Apple TV
be684f4f-cc58-0f44-e93b-2f20066ced69	Ambulância: Histórias de Emergência	Inside the Ambulance	N:\Series\Ambulância - Histórias de Emergência	Documentário|Reality	en	2016	U&W
24aa1263-d9f9-61de-d8df-4a89bc5ef620	Ame-a ou Deixe-a: Vancouver	Love it or List it Vancouver	N:\Series\Ame-a ou Deixe-a - Vancouver	Reality	en	2013	W Network|Home Network
4492e9e7-3533-8207-15a9-d85505b99652	Ame-me Outra Vez	NULL	N:\Series\Ame-me Outra Vez		NULL	NULL	
cd428049-3c9f-691f-1973-7d5d0ee5f193	América do Sul: Animais Extraordinários	South America's Weirdest Animals	N:\Series\América do Sul - Animais Extraordinários	Documentário	en	2020	National Geographic
88fcac02-cfb2-0db3-4991-61c65c799a01	American Crime Story	American Crime Story	N:\Series\American Crime Story	Crime|Drama	en	2016	FX
42be323b-ff8d-35d6-58df-eb00e5eb6b1f	American Dad!	American Dad!	N:\Series\American Dad!	Animação|Comédia	en	2005	FOX|TBS
277309f3-acf6-119d-2b1f-d75009d65e55	American Horror Stories	American Horror Stories	N:\Series\American Horror Stories	Drama|Mistério|Sci-Fi & Fantasy	en	2021	Hulu
007230d7-9a6b-f440-fe9e-544430225c55	American Horror Story	American Horror Story	N:\Series\American Horror Story	Drama|Mistério|Sci-Fi & Fantasy	en	2011	FX
f4c7d440-10f6-6938-7852-e441b6036791	American Rust	American Rust	N:\Series\American Rust	Drama|Crime	en	2021	Showtime|Prime Video|Amazon Freevee
d86c9017-5b97-958a-9d99-3bcdf98ec09a	American Sports Story: Aaron Hernandez	American Sports Story: Aaron Hernandez	N:\Series\American Sports Story	Drama	en	2024	FX
4ade7d7b-c02c-c7c1-7c0c-968d6d3921a2	American Vandal	American Vandal	N:\Series\American Vandal	Comédia|Crime	en	2017	Netflix
caff78dd-3249-779f-2f49-76385854e9d6	Amigas a Qualquer Hora	Best Friends Whenever	N:\Series\Amigas a Qualquer Hora	Comédia|Família|Sci-Fi & Fantasy	en	2015	Disney Channel
ef1b2c42-c8e7-fc9e-fbba-120a14f4fc87	Amigas para Sempre	Firefly Lane	N:\Series\Amigas para Sempre	Drama	en	2021	Netflix
239e89e4-cf76-eb37-b989-1458286d1772	Amigos da Faculdade	Friends from College	N:\Series\Amigos da Faculdade	Comédia	en	2017	Netflix
c413288d-96cf-8461-0acf-ffa70ec58e57	Amizade Dolorida	Bonding	N:\Series\Amizade Dolorida	Drama|Comédia	en	2019	Netflix
56b2843b-39df-9e6a-a601-84024cd0dbe0	Amo o Jeito que Você Mente	NULL	N:\Series\Amo o Jeito que Você Mente		NULL	NULL	
c09916f6-e824-409b-22d2-42e656edce12	Among Us	Among Us	N:\Series\Among Us	Animação|Comédia|Mistério|Sci-Fi & Fantasy	en	2026	Paramount+
0c217134-3e15-b5d7-eda0-235fb1921ff4	Amor a Toda Velocidade	NULL	N:\Series\Amor a Toda Velocidade		NULL	NULL	
9f9702e2-fa13-ca65-cfef-d9d487248551	Amor à Vida	Amor à Vida	N:\Series\Amor à Vida	Soap|Drama|Família	pt	2013	TV Globo
0c6624be-3b4e-794b-9efd-5ab21e014182	Amor ao Primeiro Voo	NULL	N:\Series\Amor ao Primeiro Voo		NULL	NULL	
2915b2e0-0b2f-19d9-cc6d-422f1a038393	Amor Após o Renascimento - Mimada pelo Tio do Meu Marido	NULL	N:\Series\Amor Após o Renascimento - Mimada pelo Tio do Meu Marido		NULL	NULL	
1ae09e22-df2a-01d7-b281-e750879f93f7	Amor às Forças - Minha Namorada É Zumbi e Chefona	NULL	N:\Series\Amor às Forças - Minha Namorada É Zumbi e Chefona		NULL	NULL	
75d5a87c-a9ec-9ef0-d2a5-24ba96f8fada	Amor até o Fim	A muerte	N:\Series\Amor até o Fim	Comédia|Drama	es	2025	Apple TV
f2717799-c84e-553c-def5-c09666e70370	Amor Bem Dominado	奈何BOSS又如何	N:\Series\Amor Bem Dominado (LEG)	Comédia|Drama	zh	2020	Mango TV
ade769f6-0104-5283-4c2f-a48152a8f23f	Amor Calado, Ódio Findo, e o Resto sem Laço	NULL	N:\Series\Amor Calado, Ódio Findo, e o Resto sem Laço		NULL	NULL	
e326e7b8-1fe0-b569-583a-d29fe2b6e080	Amor chega seis anos atraso	NULL	N:\Series\Amor chega seis anos atraso		NULL	NULL	
49ed01e8-8841-2395-0656-e321e5f40d8a	Amor com Amor Se Paga	Amor com Amor Se Paga	N:\Series\Amor com Amor Se Paga	Comédia|Soap	pt	1984	TV Globo
30c0ffc3-3bad-8419-d39e-b6500afb9c06	Amor da Minha Vida	Amor da Minha Vida	N:\Series\Amor da Minha Vida	Drama|Comédia	pt	2024	Disney+
e3b8e697-7189-8f23-4da0-7d79760fc805	Amor de Aluguel	Kiralık Aşk	N:\Series\Amor de Aluguel	Comédia	tr	2015	Star TV
c548557b-ffbe-4fb7-490a-888ccfbb7eed	Amor de Mãe	Amor de Mãe	N:\Series\Amor de Mãe	Soap|Drama|Crime|Família	pt	2019	TV Globo
5c9e7691-d99c-cf67-91a1-4749518fc7f5	Amor de Mentirinha	우주메리미	N:\Series\Amor de Mentirinha	Comédia|Drama	ko	2025	SBS
5ca17ebd-cf23-6e4e-910a-ac8ef465cb10	Amor Depois das Mentiras	NULL	N:\Series\Amor Depois das Mentiras		NULL	NULL	
43d2776b-dcff-f1b9-7314-a72d67add740	Amor dos Jogos - Despedida para Valer	NULL	N:\Series\Amor dos Jogos - Despedida para Valer		NULL	NULL	
3c853a9e-2618-85a7-9e26-a7eec7a05c9a	Amor e Anarquia	Kärlek & anarki	N:\Series\Amor e Anarquia	Comédia|Drama	sv	2020	Netflix
a13200db-772c-30fd-887a-ec498f320159	Amor e Batatas	감자연구소	N:\Series\Amor e Batatas	Comédia|Drama	ko	2025	tvN
50959eb2-d483-341f-7fcf-520cc48c3f87	Amor e Dor que Sentimos na Pele	NULL	N:\Series\Amor e Dor que Sentimos na Pele		NULL	NULL	
312a5cea-4161-6499-6089-939265f4d2d0	Amor e Morte	Love & Death	N:\Series\Amor e Morte	Crime|Drama	en	2023	HBO Max|Max
1bd2d83b-e572-ace4-cd1d-ac30bb432cae	Amor e Ódio	Amor e Ódio	N:\Series\Amor e Ódio	Soap|Drama|Mistério	pt	2001	SBT
6db246ee-f537-8a6c-3b0c-0e9bb9d8d9cc	Amor e Outros Dramas	우리들의 블루스	N:\Series\Amor e Outros Dramas	Drama	ko	2022	tvN
91635cd2-6e03-f3ef-b26c-9ae8e8ef51a5	Amor e Revolução	Amor e Revolução	N:\Series\Amor e Revolução (2011)	Drama|Soap|War & Politics	pt	2011	SBT
ee6b189e-f6fe-6b0e-a914-630d883785cd	Amor em Quatro Atos	Amor em Quatro Atos	N:\Series\Amor em Quatro Atos	Drama	pt	2011	TV Globo
618f0180-4b4a-7c58-a7f6-e62cb42db006	Amor em Ruínas	Amor em Ruínas	N:\Series\Amor em Ruínas	Soap|Drama	pt	2026	Record|Univer Video
4e61ab06-6ca6-7b8f-25d3-3e82ef338554	Amor em Velocidades Perigosas	NULL	N:\Series\Amor em Velocidades Perigosas		NULL	NULL	
325ca69f-1cc4-3bcd-6a04-af8d2a7100d0	Amor Entre Linhas	轧戏	N:\Series\Amor Entre Linhas	Drama|Mistério	zh	2026	iQiyi
7c07a582-ffdf-eee5-e69d-f60514fe3f25	Amor Entre Segredos	Amor Entre Segredos	N:\Series\Amor Entre Segredos		pt	2025	
b9801b4c-2d51-d1f7-1ba2-a4d6628cc585	Amor Escondido Sob o Nome de Primos	NULL	N:\Series\Amor Escondido Sob o Nome de Primos		NULL	NULL	
5eddc37a-1d9b-cdf9-f587-74575341f71d	Amor Eterno	Kardeşlerim	N:\Series\Amor Eterno Amor	Família|Drama	tr	2021	atv
0ac89c60-bf26-f273-f32d-76d5371758fe	Amor Fora das Grades	Love After Lockup	N:\Series\Amor Fora das Grades	Reality	en	2018	WE tv
b96f51b1-57af-0e5e-59bd-6aa4ae190382	Amor Imenso	Big Love	N:\Series\Amor Imenso	Drama	en	2006	HBO
3b779a32-1107-9420-c269-6ea63e3896de	Amor Inacessível	NULL	N:\Series\Amor Inacessível		NULL	NULL	
dd092fc3-dd6c-6e5a-c9d8-1793f97eb934	Amor Interestelar - 6 Comandantes Obcecados por Mim	NULL	N:\Series\Amor Interestelar - 6 Comandantes Obcecados por Mim		NULL	NULL	
3cb48e51-954e-7f9f-5679-786ea11a1060	Amor Moderno	Modern Love	N:\Series\Amor Moderno	Comédia	en	2019	Prime Video
8a699713-c78f-8f70-b954-f15b1dc3cba7	Amor na Ilha	Ada Masalı	N:\Series\Amor na Ilha	Drama|Comédia	tr	2021	Star TV
8707cdc3-f0ab-7c3a-e660-61c85c4c8ac7	Amor na Primeira Neve	NULL	N:\Series\Amor na Primeira Neve		NULL	NULL	
f154f5b3-ba60-c2ef-28f6-cdd6717449d8	Amor no Escritório	Amor de oficina	N:\Series\Amor no Escritório	Comédia	es	2026	Netflix
b60c9641-4973-9304-5e9c-0e2ce28d4b0d	Amor no Espectro	Love on the Spectrum	N:\Series\Amor no Espectro	Documentário|Reality	en	2022	Netflix
7231d3ce-632a-cb71-dbfc-0117addeec49	Amor Oculto	偷偷藏不住	N:\Series\Amor Oculto	Drama	zh	2023	Youku
ae24b4e2-ff18-c430-4b90-3ea1cc87891a	Amor Perfeito	Amor Perfeito	N:\Series\Amor Perfeito	Soap|Drama	pt	2023	TV Globo
5eb72d7a-3456-eedf-10ad-49e2d1ea9166	Amor Platônico	Platonic	N:\Series\Platônico (2025)	Comédia	en	2023	Apple TV
ef05f321-ba1d-725d-842c-4d93405fa3a3	Amor Platônico	Platonic	N:\Series\Amor Platônico	Comédia	en	2023	Apple TV
6a5ff029-94fa-d050-cfc8-dd804d3865ea	Amor presente em vidas passadas	NULL	N:\Series\Amor presente em vidas passadas (LEG)		NULL	NULL	
54159353-4814-2059-b3be-d0adafcce21c	Amor Proibido em Três Vidas	NULL	N:\Series\Amor Proibido em Três Vidas		NULL	NULL	
e2dee848-cb44-54d3-7fc9-c15357bb055c	Amor que Fere, Dor que Fica	NULL	N:\Series\Amor que Fere, Dor que Fica		NULL	NULL	
a6514a66-b86a-4db5-edb7-6da375d31126	Amor que Não Volta Mais	NULL	N:\Series\Amor que Não Volta Mais		NULL	NULL	
d0838195-fc70-f288-bd80-e3fbe0e3db87	Amor Renascido no Apocalipse	NULL	N:\Series\Amor Renascido no Apocalipse		NULL	NULL	
284fe2c2-8203-8186-c2ea-e2057832595b	Amor Rural	어쩌다 전원일기	N:\Series\Amor Rural	Drama|Comédia	ko	2022	Netflix|Kakao TV
e42daef5-08f2-e4c4-c1bb-cf1298deeae5	Amor Sem Fim	Kara Sevda	N:\Series\Amor Sem Fim	Drama	tr	2015	Star TV
9008a143-a1f7-4619-a3ff-5a98865d67d1	Amor sem Idade	The Later Daters	N:\Series\Amor sem Idade	Reality	en	2024	Netflix
1c80536b-78ca-8cfc-f4df-fd6f27cc0f1c	Amor sem Igual	Amor sem Igual	N:\Series\Amor sem Igual	Soap|Drama	pt	2019	Record
3409daba-9210-cb12-f22e-df4c7c24eb1c	Amor Sem Limites	Hudutsuz Sevda	N:\Series\Sem Limites	Drama|Crime|Soap	tr	2023	FOX
0729a53a-dd1b-fa6e-42d8-332a96a3828f	Amor Sem Nome - O Retorno da Rainha da Máfia	NULL	N:\Series\Amor Sem Nome - O Retorno da Rainha da Máfia		NULL	NULL	
5f5cc9ae-03bd-970c-cef3-2357304a5609	Amor Silencioso	NULL	N:\Series\Amor Silencioso		NULL	NULL	
b16e41eb-b980-e6a1-c045-fa2c9c2a0c70	Amor Sombrio	与晋长安	N:\Series\Amor Sombrio	Drama	zh	2025	iQiyi
bb786613-6d4d-c907-b727-12a4975d1bb4	Amor Titânico Após o Renascimento	NULL	N:\Series\Amor Titânico Após o Renascimento		NULL	NULL	
977d5d5c-140e-b1f6-27a6-8c9f194966dd	Amor Traiçoeiro	Inganno	N:\Series\Amor Traiçoeiro	Drama|Mistério	it	2024	Netflix
fae23526-f2ec-79f8-c04e-6b38ba95552c	Amor Vingado	逆爱	N:\Series\Amor Vingado (LEG)	Drama|Action & Adventure	zh	2025	Viki
424bc50f-67d0-25bc-d5dc-4ac485b9ce67	Amor, Casamento e Divórcio	결혼작사 이혼작곡	N:\Series\Amor, Casamento e Divórcio	Drama	ko	2021	TV Chosun
515ad2be-a4d8-05b4-3178-7e21a8bb60ab	Amor, Golpe e Vingança	Love Con Revenge	N:\Series\Amor, Golpe e Vingança	Crime|Documentário	en	2025	Netflix
c7f27740-7cf6-aa1d-cd62-0d629a3287b2	Amor, Jamais Perdeu para Memória	NULL	N:\Series\Amor, Jamais Perdeu para Memória		NULL	NULL	
27185d8c-1b89-d404-3448-fd700520a9af	Amor, Morte e Ressurreição	NULL	N:\Series\Amor, Morte e Ressurreição		NULL	NULL	
367d4853-b4f9-0e8b-13c3-8ffe487b7318	Amor, Take Two	첫, 사랑을 위하여	N:\Series\Amor, Take Two (LEG)	Comédia|Família|Drama	ko	2025	tvN
e09f325a-2e9a-a8a3-ef69-d2ea5c1f34b9	Amor: Verdade ou Consequência – Sardenha	Amor con fianza: Destino Cerdeña	N:\Series\Amor - Verdade ou Consequência - Sardenha	Reality	es	2022	Netflix
f76da7e4-fc81-74f1-8088-ac83871a5454	Amores Bandidos	ラヴ上等	N:\Series\Amores Bandidos	Reality	ja	2025	Netflix
c7e33205-0478-8ad5-616e-927d9059fa99	Amores Roubados	Amores Roubados	N:\Series\Amores Roubados	Drama	pt	2014	TV Globo
ecd25065-f34d-9f8c-74cb-9ce9c8962e3c	Amorteamo	Amorteamo	N:\Series\Amorteamo	Drama	pt	2015	TV Globo
ec00bfa9-c01e-3cb6-72ce-f3303113a50c	Amphibia	Amphibia	N:\Series\Amphibia	Animação|Action & Adventure|Comédia|Sci-Fi & Fantasy|Família	en	2019	Disney Channel
86ad026f-d71b-430c-b6c8-e48ca437f519	Amy e Tammy: Irmãs Contra o Peso	1000-lb Sisters	N:\Series\Amy e Tammy - Irmãs contra o peso	Reality	en	2020	TLC
ee448d0e-1c02-b9fe-4fb7-a1931b6fc237	Amy Schumer na Cozinha – Sem Censura	Amy Schumer Learns to Cook	N:\Series\Amy Schumer na Cozinha – Sem Censura	Reality|Comédia	en	2020	Food Network
26fac8cd-d6e4-1343-a26e-120539f29863	Ana Pimentinha	Pepper Ann	N:\Series\Ana	Animação|Comédia|Família|Kids	en	1997	ABC|UPN|Toon Disney
844993d2-378b-9622-a05d-19ebfd8eb089	Anatomia do Crime	Anatomia do Crime	N:\Series\Anatomia do Crime	Documentário|Crime	pt	2017	Investigação Discovery
1dbdbf10-aedc-b6e5-bc0d-ea5c973841c1	And Just Like That... Um Novo Capítulo de Sex and the City	And Just Like That…	N:\Series\And Just Like That... Um novo capítulo de Sex and the City	Comédia|Drama	en	2021	HBO Max|Max
623c7d06-37c7-5fbd-56ac-e8b0d3268330	Andando nas Nuvens	Andando nas Nuvens	N:\Series\Andando nas Nuvens	Soap|Comédia	pt	1999	TV Globo
8a62c3e3-ed46-96ed-e7da-6965830b1d1b	Andar na Pedra: A História do Raimundos	Andar na Pedra: A História do Raimundos	N:\Series\Andar na Pedra - A História do Raimundos	Documentário	pt	2026	
de4cfb02-5a0d-e24c-1f56-aad535eea9d9	Anderson Spider Silva	Anderson Spider Silva	N:\Series\Anderson Spider Silva	Drama	pt	2023	Paramount+
fab9d633-8c2c-4ba9-d0d0-46f5750e5f0c	Andhera	Andhera	N:\Series\Andhera	Drama|Mistério	hi	2025	Prime Video
3321be27-4998-ec9d-0a97-2bde287566ed	Andor	Andor	N:\Series\Star Wars - Andor	Sci-Fi & Fantasy|Action & Adventure|Drama	en	2022	Disney+
b25db7f8-c015-ae6b-7f97-5a648e041661	Andropausa	Andropoz	N:\Series\Andropausa	Família|Comédia|Drama	tr	2022	Netflix
fe947c89-f68d-3289-8345-92662046529c	Angel Beats!	Angel Beats!	N:\Series\Angel Beats!	Animação|Comédia|Drama|Sci-Fi & Fantasy|Action & Adventure	ja	2010	CBC
ee7457f1-46a5-45ef-a92e-8aae99c9c65d	Angel de Verdades Secretas	Angel de Verdades Secretas	N:\Series\Angel de Verdades Secretas	Drama	pt	2025	Globoplay
59470a2f-ffbc-e183-9010-c69c473d15c1	Angela Black	Angela Black	N:\Series\Angela Black	Drama	en	2021	ITV1
bafcf277-ebda-ad2d-b50f-79989c76f159	Angélica: 50 & Uns	Angélica: 50 & Uns	N:\Series\Angélica - 50 e Uns	Talk	pt	2024	GNT|Globoplay
556cfcb1-9a42-ebaa-a58a-85de373ddd6e	Angels of Death	殺戮の天使	N:\Series\Angels of Death	Action & Adventure|Animação	ja	2018	AT-X
026b4d68-3b02-48d5-fba9-f0b5e3335f59	Animal Kingdom	Animal Kingdom	N:\Series\Kingdom	Crime|Drama	en	2016	TNT
c5bb24ee-273e-c98a-3831-2cf9cc0a6b14	Animal Kingdom	Animal Kingdom	N:\Series\Animal Kingdom	Crime|Drama	en	2016	TNT
f4602119-6723-1b48-13a1-4670313c8936	Animal Kingdom	Animal Kingdom	N:\Series\Animal (2025)	Crime|Drama	en	2016	TNT
0d04b716-5fb6-9563-9718-90aa63c1a13c	Animals.	Animals.	N:\Series\Animals	Animação|Comédia	en	2016	HBO
905e5673-865c-2ec6-3de4-3aadfc037acb	Animaniacs	Animaniacs	N:\Series\Animaniacs	Animação|Kids|Comédia|Família	en	1993	The WB|Fox Kids
66899532-797d-b4c1-8bbd-07dc6d0b494a	Anjo Mau	Anjo Mau	N:\Series\Anjo Mau (1976)	Soap|Drama	pt	1997	TV Globo
ed8fb174-1546-005c-4f6e-e9b586f75cb5	Anjo Mau	Anjo Mau	N:\Series\Anjo Mau (1997)	Soap|Drama	pt	1997	TV Globo
887c9725-7983-181b-140e-9f50b2207d2e	Anjos da Guarda	Anjos da Guarda	N:\Series\Anjos da Guarda	Action & Adventure|Reality	pt	2015	
947ac82d-d0f6-e981-d8ba-df9dced26365	Anjos na América	Angels in America	N:\Series\Anjos na América	Drama|Sci-Fi & Fantasy	en	2003	HBO
938bef00-59aa-5ae2-3205-a573b7be6965	Anne com um "E"	Anne with an E	N:\Series\Anne with an E	Drama|Família	en	2017	CBC Television
7284b95b-9281-8cb1-7695-ae2159e0397f	Anne Shirley	アン・シャーリー	N:\Series\Anne Shirley	Animação|Drama|Família	ja	2025	NHK Educational TV
50cb3d0e-038a-1abb-f7a8-7b66ccb1a160	Anos 90: A Década Que Mudou o Mundo	Rewind the '90s	N:\Series\Anos 90 - A Década Que Mudou o Mundo	Documentário	en	2023	National Geographic
aa82aaaf-35fe-08f5-cbae-fd7b45f1ff9b	Anos Dourados	Anos Dourados	N:\Series\Anos Dourados	Drama	pt	1986	TV Globo
58e90e81-23b8-5039-9d5c-85b812d1565d	Anos no Teclado, Poder nas Mãos	NULL	N:\Series\Anos no Teclado, Poder nas Mãos		NULL	NULL	
7332ab7e-320c-9e36-c4e7-080688995723	Anos Perdidos, Como Se Fosse a Primeira Vez	NULL	N:\Series\Anos Perdidos, Como Se Fosse a Primeira Vez		NULL	NULL	
0e818889-0ada-dfe5-12e6-0631f29dae5a	Anos Rebeldes	Anos Rebeldes	N:\Series\Anos Rebeldes	Drama	pt	1992	TV Globo
a8cc79a1-a4c8-0ed5-141c-2d33c4666934	Another	Another	N:\Series\Another	Animação|Drama|Mistério	ja	2012	KNB
4ebbbf59-10c9-913b-99ad-0e74f647e8c3	Antes que Matem de Novo	Before They Kill Again	N:\Series\Antes que Matem de Novo	Crime|Documentário	en	2024	Investigation Discovery
ac1fe267-ef22-5e0a-ecaa-d664a4de4182	Antracite	Anthracite	N:\Series\Antracite	Mistério|Crime|Drama	fr	2024	Netflix
cc62c48d-39cc-2bb5-6be5-31062461e772	Ao Norte do Norte	North of North	N:\Series\Ao Norte do Norte	Comédia	en	2025	CBC Television|Aboriginal Peoples Television Network
c3b3d08b-d736-fe8d-6e5b-deced9eccb4e	Ao Sul do Coração	Al Sur del Corazón	N:\Series\Ao Sul do Coração	Soap|Drama	es	2024	Mega
d569758b-f185-1ffe-dfba-b002b1c83e2f	Ao Vivo do Lado de Lá com Tyler Henry	Live from the Other Side with Tyler Henry	N:\Series\Ao Vivo do Lado de Lá com Tyler Henry	Reality	en	2024	Netflix
7cf0604c-c560-9731-c711-7b6c64449a58	Aoashi	アオアシ	N:\Series\Aoashi	Animação	ja	2022	NHK Educational TV
429f65fe-d814-48c1-3fa1-b01a0539a5e3	Apagado da Memória, Vivo no Coração	NULL	N:\Series\Apagado da Memória, Vivo no Coração		NULL	NULL	
0c505753-dd94-8d72-95f5-3415fe7041d6	Apaixonada Pelo Gêmeo Errado	NULL	N:\Series\Apaixonada Pelo Gêmeo Errado		NULL	NULL	
9b3dcf2e-5d4f-e492-2f4e-943f65f915ed	Apaixonada Pelo Melhor Amigo do Meu Irmão !	NULL	N:\Series\Apaixonada Pelo Melhor Amigo do Meu Irmão_!		NULL	NULL	
d015b134-4a0b-5380-2aed-cb0337cf46b2	Apaixonada por um fazendeiro e pai solteiro	NULL	N:\Series\Apaixonada por um fazendeiro e pai solteiro		NULL	NULL	
d13c1358-a779-0473-a402-aee73d0abd98	Apaixonados Outra Vez	Todas las veces que nos enamoramos	N:\Series\Apaixonados Outra Vez	Drama	es	2023	Netflix
6285de09-6d21-14af-ea7e-e11b24af082c	Apaixone-se Intensamente	陷入我们的热恋	N:\Series\Apaixone-se Intensamente (LEG)	Drama|Soap	zh	2025	Tencent Video
46480b85-8dc8-4cda-e0ee-db0e4684dc1c	Apartamento 6/9	เรื่องตลก 69 เดอะซีรีส์	N:\Series\Apartamento 6_9	Comédia|Crime|Mistério|Drama	th	2023	Netflix
2c2b4d2b-5e94-11e1-f33c-680e1ac82409	Apenas um Divórcio	NULL	N:\Series\Apenas um Divórcio		NULL	NULL	
de567df8-4ee4-423b-df4a-922733d54660	Apenas um Olhar	Tylko jedno spojrzenie	N:\Series\Apenas um Olhar	Mistério|Crime|Drama	pl	2025	Netflix
4ac42407-0e16-2b9b-e2bc-968db5afc0aa	Apenas um Show	Regular Show	N:\Series\Apenas Um Show	Animação|Comédia|Action & Adventure|Sci-Fi & Fantasy	en	2010	Cartoon Network
69ba6632-0f90-7350-afe2-f481514d9d2b	Apenas um Show: As Fitas Perdidas	Regular Show: The Lost Tapes	N:\Series\Apenas um Show - As Fitas Perdidas	Animação|Comédia|Action & Adventure|Sci-Fi & Fantasy	en	2026	Cartoon Network
1d656f1c-1c1e-8910-da20-1de4b1bf80a9	Apocalipse	Apocalipse	N:\Series\Apocalipse	Drama|Soap|Action & Adventure|Mistério	pt	2017	Record
535266b8-4764-1090-042d-065f698ff7e0	Apocalipse Glacial - Sobreviver Até o Fim	NULL	N:\Series\Apocalipse Glacial - Sobreviver Até o Fim		NULL	NULL	
508d2838-cb1f-1163-d115-3fb6e868280e	Apocalipse Zumbi - Conquistas, Carnes e Prazeres	NULL	N:\Series\Apocalipse Zumbi - Conquistas, Carnes e Prazeres		NULL	NULL	
f2a735cb-dcfd-9638-0dc1-9d9ef8f5edba	Apocalipse – Edição Especial	Apocalipse – Edição Especial	N:\Series\Apocalipse – Edição Especial		pt	2020	Record
36af344e-88bd-30f3-3019-3ef2498ad39f	Apocalipse: A Guerra dos Mundos	Apocalypse, La Guerre des mondes (1945-1991)	N:\Series\Apocalipse - A Guerra dos Mundos	Documentário|War & Politics	fr	2019	France 2
f8d7500d-ba70-e938-1335-24786ec9d5ba	Apollo: Reconstruindo a Jornada Espacial	Apollo: Back to the Moon	N:\Series\Apollo - Reconstruindo a Jornada Espacial	Documentário	fr	2019	National Geographic
5037ff33-f036-a0f8-5066-c8128e5ab48d	Após a Neve, Fim de Tudo	NULL	N:\Series\Após a Neve, Fim de Tudo		NULL	NULL	
c52346a7-73dd-1bc7-8958-a37ebde6fefa	Após Aquela Noite	NULL	N:\Series\Após Aquela Noite		NULL	NULL	
0ddcd59d-a842-4a48-a722-bc73d7c9ef37	Após Divórcio, A Dona de Casa Virou CEO	NULL	N:\Series\Após Divórcio, A Dona de Casa Virou CEO		NULL	NULL	
a9198c13-05fe-2525-fa0b-1003b0a34735	Após Minha Morte, Ele Desmoronou	NULL	N:\Series\Após Minha Morte, Ele Desmoronou		NULL	NULL	
47ce67d6-d5b1-8590-de95-31bd4aaa121c	Aposta de Outro Mundo	Bir İhtimal Daha Var	N:\Series\Aposta de Outro Mundo	Comédia|Sci-Fi & Fantasy	tr	2025	Netflix
9efaff2d-1a8e-9ed7-503e-7d11439cb0e2	Apostando Alto	스타트업	N:\Series\Apostando Alto	Drama|Comédia	ko	2020	tvN
a471251a-dae6-649a-3e88-29f878aa00f5	Appare-Ranman!	天晴爛漫！	N:\Series\Appare-Ranman!	Animação|Action & Adventure	ja	2020	AT-X
038b8c55-fc91-ee70-475a-7c5c64c42d20	Aprendendo a Lição	참교육	N:\Series\Aprendendo a Lição	Action & Adventure|Drama|Comédia	ko	2026	Netflix
4b3820ae-e158-ca2c-2edf-a737bfabe8fe	Aprendendo a Lição	참교육	N:\Series\A Lição	Action & Adventure|Drama|Comédia	ko	2026	Netflix
92ff25a0-246c-8dbd-007b-7c8545d25908	Aprendendo Com Disney Junior	Ready for Preschool	N:\Series\Aprendendo Com Disney Junior	Animação|Kids	en	2019	Disney Junior
07c2f4b1-b688-2bd5-a2c2-75f31767f0d2	Aqua Teen: Esquadrão Força Total	Aqua Teen Hunger Force	N:\Series\Aqua Teen - Esquadrão Força Total	Animação|Comédia	en	2000	Cartoon Network|Adult Swim
8b26b9ea-9682-b6fb-f4c9-31e64e39699a	Aquaman: Rei de Atlântida	Aquaman: King of Atlantis	N:\Series\Aquaman - Rei de Atlântida	Animação|Action & Adventure|Comédia|Sci-Fi & Fantasy	en	2021	HBO Max
aa7c639c-2f67-0713-96b7-8a2f3a3c61e0	Aquarela do Brasil	Aquarela do Brasil	N:\Series\Aquarela do Brasil	Drama	pt	2000	TV Globo
04c8f7e7-ea1e-39fb-532d-961691533977	Aquela Doença com C	The Big C	N:\Series\Aquela Doença com C	Comédia|Drama	en	2010	Showtime
76323a75-76fa-1cfd-3d35-d9a33033a733	Aquele Beijo	Aquele Beijo	N:\Series\Aquele Beijo	Soap|Comédia	pt	2011	TV Globo
959114ef-ce22-9459-b8f8-faab44bc1643	Aqui Nada Sai de Graça	NULL	N:\Series\Aqui Nada Sai de Graça		NULL	NULL	
cd5a623a-aac3-ea5d-4492-1ebfc4cc564c	Aqui Quem Fala é o Zodíaco	This Is the Zodiac Speaking	N:\Series\Aqui Quem Fala é o Zodíaco	Documentário|Crime	en	2024	Netflix
f4e7fad0-ce1e-c264-81b4-1b798fd5724d	ARA San Juan: O Submarino que Desapareceu	ARA San Juan: El submarino que desapareció	N:\Series\ARA San Juan - O Submarino que Desapareceu	Documentário	es	2024	Netflix
9afd26e6-bc21-bbaf-8cdb-86131d3de9db	Araguaia	Araguaia	N:\Series\Araguaia	Soap|Drama|Família	pt	2010	TV Globo
1caed67c-83fb-0a1c-950f-f80fe62957c1	Arcane	Arcane	N:\Series\Arcane	Animação|Action & Adventure|Sci-Fi & Fantasy	en	2021	Netflix
0aacc242-0104-087d-18ea-5e320020728e	Arcanjo Renegado	Arcanjo Renegado	N:\Series\Arcanjo Renegado	Drama|Action & Adventure	pt	2020	Globoplay
7f3f5c47-9d82-ac41-5a01-259c334c7488	Arde Madrid	Arde Madrid	N:\Series\Arde Madrid	Drama|Comédia	es	2018	Movistar Plus
ed12d173-3e4f-b440-2fe7-2d14ed3ff8bd	Are You Sure?!	이게 맞아?!	N:\Series\Are You Sure_! (LEG)	Reality	ko	2024	Disney+
53994b4f-cfb4-4232-1f89-ce6da85c0a50	Are You The One? Brasil	Are You The One? Brasil	N:\Series\Are You The One_ Brasil	Reality	pt	2015	MTV
13b95f56-af35-6f87-2722-01c45b4d3f9b	Are You The One? UK	Are You The One? UK	N:\Series\Are You The One_ UK	Reality	en	2022	MTV|Paramount+
5f24b287-8566-ac4b-7ec0-500bf3f93333	ARES: live	ARES: live	N:\Series\Ares		en	2015	
ae02562f-556a-51d0-8ebd-1377712daeec	Argentina Selvagem	Wild Argentina	N:\Series\Argentina Selvagem	Documentário	en	2017	Nat Geo Wild
caf41df1-f6b0-38e6-d204-0bb89b7bcf6e	Arifureta: From Commonplace to World's Strongest	ありふれた職業で世界最強	N:\Series\Arifureta Shokugyou de Sekai Saikyou	Animação|Action & Adventure|Sci-Fi & Fantasy	ja	2019	AT-X
aedaecd8-6db2-6dfa-9207-85e646d7a85f	Arlequina	Harley Quinn	N:\Series\Harley Quinn	Action & Adventure|Animação|Comédia|Sci-Fi & Fantasy	en	2019	DC Universe|HBO Max|Max
e6db14cb-47bf-71b7-a10d-5d719b1cb099	Armadilha do Amor	Afili Aşk	N:\Series\Armadilha do Amor	Comédia|Drama	tr	2019	Kanal D
a7f0ed73-04ba-f6c3-bdb0-96f28396e30d	Armas de Mulher	'Til Jail Do Us Part	N:\Series\Armas de Mulher	Drama|Comédia	en	2022	Peacock
a7911a08-f21d-c7ca-10db-3df583cec729	Armas e Amores	गन्ज़ & गुलाब्ज़	N:\Series\Armas e Amores	Comédia|Drama	hi	2023	Netflix
a7836051-2a3d-fd40-b569-774bbc23302d	Arqueiro	Arrow	N:\Series\Arqueiro	Crime|Drama|Action & Adventure	en	2012	The CW
7e6aae47-8f58-b7c4-8f83-357282315ca6	Arquivo 81	Archive 81	N:\Series\Arquivo 81	Drama|Mistério|Sci-Fi & Fantasy	en	2022	Netflix
9bb4d3ee-3419-da52-2749-473eb97d5c5a	Arquivo Morto	Cold Case	N:\Series\Cold Case - Arquivo Morto	Crime|Drama|Mistério	en	2003	CBS
c81cbbd2-5a02-0bb1-a88c-9c39746e189e	Arquivo X	The X-Files	N:\Series\Arquivo X	Mistério|Sci-Fi & Fantasy|Crime	en	1993	FOX
2d757fdc-30fd-b918-4848-a5afde824d74	Arquivos Desclassificados com David Duchovny	Secrets Declassified with David Duchovny	N:\Series\Arquivos Desclassificados com David Duchovny	Documentário	en	2025	History
743b409e-f6ea-01b2-1084-7ea9d94c53b8	Arremesso Final	The Last Dance	N:\Series\Arremesso Final	Documentário	en	2020	ESPN
928eb336-33f7-5959-8cbb-b02d7b85af0c	Arrependimento de Parentalidade Falhada	NULL	N:\Series\Arrependimento de Parentalidade Falhada		NULL	NULL	
92e2dddc-caba-22d2-f494-af8d90b5a020	Arrependimento do Alfa - Lua de Sangue	NULL	N:\Series\Arrependimento do Alfa - Lua de Sangue		NULL	NULL	
fd9c8267-0120-669b-bf53-3d7c5881fe0f	Arrested Development	Arrested Development	N:\Series\Arrested Development	Comédia	en	2003	FOX|Netflix
3c72e024-24c8-dcca-fd0e-b63d8707d584	Artilheiros	Artilheiros	N:\Series\Artilheiros	Documentário	pt	2026	SporTV
d1b7063d-9f85-c2d0-cf1d-6267bf595ecd	Aruanas	Aruanas	N:\Series\Aruanas	Action & Adventure|Drama	pt	2019	Globoplay
383b8dd5-5bff-e013-62a6-3ce54fa49c35	As 93 Vítimas de Samuel Little	The 93 Victims of Samuel Little	N:\Series\As 93 Vítimas de Samuel Little	Documentário|Crime|Reality	en	2020	Investigation Discovery
065a3e6d-b6ac-14e8-ff21-16ad4bfb0884	As Amigas do Clube	De Eetclub	N:\Series\As Amigas do Clube	Drama	nl	2026	Netflix
77126615-a8bb-d95b-2af2-5448a1367f6d	As Aventuras de Bucket e Skinner	Bucket & Skinner's Epic Adventures	N:\Series\As Aventuras de Bucket e Skinner	Comédia	en	2011	Nickelodeon
32bcbfc8-c9c2-f2ec-635f-f7ae5e0e1f88	As aventuras de Chuck e amigos	The Adventures of Chuck and Friends	N:\Series\As Aventuras de Chuck e Amigos	Animação|Kids	en	2010	The CW|Treehouse TV|Hub Network
760098d7-9853-eab9-bddf-8cad4698b5b7	As Aventuras de Horton	Dr. Seuss's Horton!	N:\Series\As Aventuras de Horton	Animação|Kids	en	2025	Netflix
a83f68c7-854e-2f59-aed1-060bfa19d4f4	As Aventuras de Jackie Chan	Jackie Chan Adventures	N:\Series\As Aventuras de Jackie Chan	Action & Adventure|Animação|Comédia|Sci-Fi & Fantasy	en	2000	The WB
06553b07-b67b-a133-b1b5-6780c756dfc0	As Aventuras de José e Durval	As Aventuras de José e Durval	N:\Series\As Aventuras de José e Durval	Drama	pt	2023	Globoplay
71b74d0f-8d8b-0c2f-dcc8-996007cc8bc6	As Aventuras de Merlin	Merlin	N:\Series\As Aventuras de Merlin	Action & Adventure|Drama|Sci-Fi & Fantasy	en	2008	BBC One
d9bf8f08-a62e-97eb-6ec8-fefa1c0f8805	As Aventuras de Poliana	As Aventuras de Poliana	N:\Series\As Aventuras de Poliana	Soap	pt	2018	SBT
feca902d-067b-a67d-c435-53d9d5e20e6e	As Aventuras do Gato de Botas	The Adventures of Puss in Boots	N:\Series\As Aventuras do Gato de Botas	Animação|Comédia|Família|Kids	en	2015	Netflix
ee62b229-2458-f595-3a66-177d60f152b7	As Aventuras Escolhidas	The Chosen Adventures	N:\Series\As Aventuras Escolhidas	Animação|Família|Kids|Drama	en	2025	Prime Video
4b66e330-2893-180d-4053-510d5844e294	As Bruxas Mayfair de Anne Rice	Mayfair Witches	N:\Series\As Bruxas Mayfair de Anne Rice	Drama|Sci-Fi & Fantasy	en	2023	AMC
399b4c36-3530-3c8f-0eed-e66bf58e75d0	As Canalhas	As Canalhas	N:\Series\As Canalhas	Comédia	pt	2013	GNT
4588b2d9-bb92-dff4-20c0-05a721fc8f2b	As Cariocas	As Cariocas	N:\Series\As Cariocas	Comédia	pt	2010	TV Globo
f5d694b3-b4c5-6939-ef76-801dee656db1	As Células de Yumi	유미의 세포들	N:\Series\As Células de Yumi (LEG)	Comédia|Drama	ko	2021	tvN|TVING
a4507f61-60ad-b2c3-710f-e15c1c9abd4a	As Cheerleaders do Dallas Cowboys	AMERICA'S SWEETHEARTS: Dallas Cowboys Cheerleaders	N:\Series\As Cheerleaders do Dallas Cowboys	Documentário	en	2024	Netflix
5e491c3a-b8b8-5cf0-0e69-3ec3930ef294	As Crianças Estão Bem	The Kids Are Alright	N:\Series\As Crianças Estão Bem	Comédia	en	2018	ABC
219223c8-a81a-d7ce-a694-becf0f68ceb6	As Crônicas de Evermoor	The Evermoor Chronicles	N:\Series\As Crônicas de Evermoor	Action & Adventure|Família|Comédia	en	2014	Disney Channel
79ae7c1a-26a1-5587-c0f1-6dd8acc0e0bd	As Crônicas de Frankenstein	The Frankenstein Chronicles	N:\Series\As Crônicas de Frankenstein	Sci-Fi & Fantasy|Drama	en	2015	ITV Encore
4bc6e7ba-0c0d-b9ac-0f47-9186c8b99987	As Enroladas Aventuras da Rapunzel	Rapunzel's Tangled Adventure	N:\Series\As Enroladas Aventuras da Rapunzel	Kids|Animação|Comédia	en	2017	Disney Channel
19d55575-167e-2cae-c4d9-f2d2dd089622	As Fabulosas Aventuras dos Freak Brothers	The Freak Brothers	N:\Series\As Fabulosas Aventuras dos Freak Brothers	Animação|Comédia	en	2021	Tubi
1db8ea8e-f3cd-a1c3-4f49-1d596be9f5e1	As Fãs do Turno da Noite	Night Shift for Cuties	N:\Series\As Fãs do Turno da Noite	Comédia|Drama	id	2026	Netflix
51849be7-eedb-7f21-dc07-123cd28c8110	As Filhas da Mãe	As Filhas da Mãe	N:\Series\As Filhas da Mãe	Soap|Comédia	pt	2001	TV Globo
3dab5464-5a52-8bb6-a5a1-ec4334d73f12	As Filhas da Senhora Garcia	Las Hijas de la Señora García	N:\Series\As Filhas da Senhora Garcia	Família|Drama|Soap	es	2024	Las Estrellas
172089a6-ca9e-62d8-8b10-4ef948b794d9	As Five	As Five	N:\Series\As Five	Drama|Comédia	pt	2020	Globoplay
8be111d0-4f93-bc1d-c7f6-2f9c2935c753	As Flores Perdidas de Alice Hart	The Lost Flowers of Alice Hart	N:\Series\As Flores Perdidas de Alice Hart	Drama|Mistério	en	2023	Prime Video
d21c1835-a810-6115-547f-e7cfbf987015	As Ginastas	Corpo Libero	N:\Series\As Ginastas	Drama|Mistério|Crime	it	2022	Paramount+
be7564d2-700f-35ce-699f-f3df2bf828ce	As Grandes Minorias	As Grandes Minorias	N:\Series\As Grandes Minorias	Documentário	pt	2021	Brasil Paralelo
c2a9834a-6cc7-73ea-fec3-54031dfcbfbf	As Irmãs Grimm	The Sisters Grimm	N:\Series\As Irmãs Grimm	Action & Adventure|Sci-Fi & Fantasy|Animação	en	2025	Apple TV
fdd0959e-a684-7d89-76a9-8d0f4dbff772	As Irmãs Guerra	Las hermanas Guerra	N:\Series\As Irmãs Guerra	Drama	es	2024	Netflix
79ad5814-ba88-e65d-1450-b814504f90f2	As Leis de Lidia Poët	La legge di Lidia Poët	N:\Series\As Leis de Lidia Poët	Drama|Crime|War & Politics	it	2023	Netflix
48fe1b5b-bfc8-f72f-6dc8-4d4e7a28b392	As Lendas: Mestres dos Mitos	Las Leyendas: Creaturas Ocultas	N:\Series\As Lendas - Mestres dos Mitos	Animação|Action & Adventure	es	2019	Netflix
22abb985-40df-db87-caf9-761962d566d0	As Maldições	Las maldiciones	N:\Series\As Maldições	Mistério|Drama	es	2025	Netflix
94d5a571-2b00-5d49-5cd9-3b1308f3e860	As Meninas Superpoderosas	The Powerpuff Girls	N:\Series\As Meninas Superpoderosas (2016)	Action & Adventure|Animação|Comédia|Kids|Família	en	1998	Cartoon Network
d2f167e5-09b5-8bee-72ed-c7f2286460b4	As Mil Mortes de Nora Dalmasso	The Many Deaths of Nora Dalmasso	N:\Series\As Mil Mortes de Nora Dalmasso	Documentário|Crime	en	2025	Netflix
aef63c54-b8e0-e19e-a864-0e95003a3641	As Mil Vidas de Bernard Tapie	Tapie	N:\Series\As Mil Vidas de Bernard Tapie	Drama	fr	2023	Netflix
3875cd8c-8556-e47d-7dbe-a4840e9a4312	As Novas Aventuras do Macaco	The New Legends of Monkey	N:\Series\As Novas Aventuras do Macaco	Sci-Fi & Fantasy|Action & Adventure|Comédia|Drama	en	2018	TVNZ 1|ABC Me|Netflix
8fa63bd6-e72f-4be0-c01e-4c62ed08963a	As Oito Asas da Destruição - O Mundo Estremece ao Meu Chamado	NULL	N:\Series\As Oito Asas da Destruição - O Mundo Estremece ao Meu Chamado		NULL	NULL	
a7937725-0a8e-b431-3f23-21f3e5868548	As Pequenas Coisas da Vida	Tiny Beautiful Things	N:\Series\As Pequenas Coisas da Vida	Comédia|Drama	en	2023	Hulu
87d70320-798b-cb73-f1ab-3541e016d751	As Quatro Estações do Ano	The Four Seasons	N:\Series\As Quatro Estações do Ano	Comédia	en	2025	Netflix
f56dc599-27e7-80c2-7bbf-99c55151429b	As Seguidoras	As Seguidoras	N:\Series\As Seguidoras	Comédia	pt	2022	Paramount+
1dc3f04f-2161-d774-cda0-86a22c43c771	As Tartarugas Ninjas	Teenage Mutant Ninja Turtles	N:\Series\As Tartarugas Ninjas	Kids|Animação|Action & Adventure|Sci-Fi & Fantasy|Comédia	en	2012	Nickelodeon|Nicktoons
841b3c54-7f1f-b74e-cc3a-057d767cb18d	As Telefonistas	Las chicas del cable	N:\Series\As Telefonistas	Drama	es	2017	Netflix
b2ca37da-33c9-64d0-4ab6-8848beb450f8	As Terríveis Aventuras de Billy e Mandy	The Grim Adventures of Billy and Mandy	N:\Series\As Terríveis Aventuras de Billy e Mandy	Animação|Comédia|Kids	en	2001	Cartoon Network
c219c73d-0a26-1a38-3832-8d2b02bd40b8	As Trapalhadas de Flapjack	The Marvelous Misadventures of Flapjack	N:\Series\As Trapalhadas de Flapjack	Animação|Comédia|Sci-Fi & Fantasy|Kids	en	2008	Cartoon Network
c47aabf8-6541-cdf8-5e99-7cf8aa2694c5	As Três Irmãs	작은 아씨들	N:\Series\As Três Irmãs	Drama|Mistério|Action & Adventure	ko	2022	tvN
2be8b1bf-fc34-cb38-763a-d87a0ae30d2f	As Vidas Secretas da Família Uysal	Uysallar	N:\Series\As Vidas Secretas da Família Uysal	Drama|Comédia	tr	2022	Netflix
ad800f6a-6e40-15b2-4918-50f1cc93f3f2	As Visões da Raven	That's So Raven	N:\Series\As Visões da Raven	Comédia|Sci-Fi & Fantasy	en	2003	Disney Channel
8bb68b8a-7959-6e57-dda7-61146aec33f2	Ascensão do Inútil - A Lenda do Dragão do Vazio	NULL	N:\Series\Ascensão do Inútil - A Lenda do Dragão do Vazio		NULL	NULL	
c8caa6e6-e872-bea4-e641-580133031274	Ascensão do Mestre das Feras - Onde as Lendas Vagavam	NULL	N:\Series\Ascensão do Mestre das Feras - Onde as Lendas Vagavam		NULL	NULL	
7966ebca-0ca8-f2bd-c060-1850240651fa	Ascensão: Império Otomano	Rise of Empires: Ottoman	N:\Series\Ascensão - Império Otomano	Documentário|War & Politics|Action & Adventure	en	2020	Netflix
39baf504-41de-c4b3-eb4b-3e98971b8f87	Ash vs Evil Dead	Ash vs Evil Dead	N:\Series\Ash vs Evil Dead	Comédia|Action & Adventure|Sci-Fi & Fantasy	en	2015	STARZ
fa6a93c9-e653-cc9a-cf6d-38729589b9e2	Ashley Garcia: A de Amor	Ashley Garcia: Genius in Love	N:\Series\Ashley Garcia - A de Amor	Comédia	en	2020	Netflix
6bbaf6a2-ae44-33b9-d93c-32ae4facdeb9	Ashley Madison: Sexo, Mentiras e Escândalo	Ashley Madison: Sex, Lies & Scandal	N:\Series\Ashley Madison - Sexo, Mentiras e Escândalo	Crime|Documentário	en	2024	Netflix
5b5414a5-2754-abec-62a2-712ccecef554	Asia Express	Asia Express	N:\Series\Express	Reality	ro	2018	Antena 1|AntenaPLAY
02ed11d7-1398-d922-507e-9d6e92527059	Assassímio da Marvel	Marvel's Hit-Monkey	N:\Series\Assassímio da Marvel	Animação|Action & Adventure	en	2021	Hulu
03196a18-5e6e-174f-07bf-85ad9e57ed52	Assassination Classroom	暗殺教室	N:\Series\Assassination Classroom	Animação|Comédia|Action & Adventure|Sci-Fi & Fantasy	ja	2015	Fuji TV|Iwate Menkoi Television
7ff03ca6-bfc3-1e0f-52d2-6658d9f4d028	Assassinato em Middle Beach	Murder on Middle Beach	N:\Series\Assassinato em Middle Beach	Documentário|Crime|Mistério	en	2020	HBO
3dba7c09-f59e-fc02-6625-29df7ce1213f	Assassinato na Casa Branca	The Residence	N:\Series\Assassinato na Casa Branca	Comédia|Crime|Mistério	en	2025	Netflix
b5a065ab-c42a-4a87-3be6-25f8c17c6b66	Assassinatos na Rua Elm	The Real Murders on Elm Street	N:\Series\Assassinatos na Rua Elm	Crime|Documentário	en	2024	Investigation Discovery
039e14b6-b5d9-f772-5889-80e829a2cc27	Assassino Zen	Achtsam morden	N:\Series\Assassino Zen	Drama|Comédia|Crime	de	2024	Netflix
b0ffcf06-5b7d-0b95-cc89-f1b5d2985357	Assassinos Indianos: O Monstro de Bangalore	Beast of Bangalore: Indian Predator	N:\Series\Assassinos Indianos - O Monstro de Bangalore	Documentário|Crime	kn	2022	Netflix
1d0c3aad-b009-975c-e69e-6978b666d703	Assédio	Assédio	N:\Series\Assédio	Drama	pt	2018	Globoplay
310e27c7-361f-ed3e-7be7-7844699d85c7	Assim Falava Kishibe Rohan	岸辺露伴は動かない	N:\Series\Assim Falava Kishibe Rohan	Mistério|Animação	ja	2017	
0e13843a-64ab-37b4-7fae-f2155f45609d	Assustadoramente Apaixonados	오싹한 연애	N:\Series\Assustadoramente Apaixonados	Comédia|Sci-Fi & Fantasy|Drama	ko	2026	tvN
d284b93d-0ed2-c190-0e59-a5a6a34f153e	Astronauta	Astronauta	N:\Series\Astronauta	Animação|Sci-Fi & Fantasy|Action & Adventure|Drama	pt	2024	HBO Brasil
1cf4dd99-fcd9-1e5c-7735-698c1ea62003	Asura	阿修羅のごとく	N:\Series\Asura	Drama	ja	2025	Netflix
b0aee0ea-0272-540f-d736-ed72d4036eda	Até Eu Destruir a Outra Família do Meu Marido	夫の家庭を壊すまで	N:\Series\Até Eu Destruir a Outra Família do Meu Marido	Drama	ja	2024	TV Tokyo
997728b3-2c6e-23a3-d633-be148ef574e3	Até Nos Encontrarmos Novomente	NULL	N:\Series\Até Nos Encontrarmos Novomente		NULL	NULL	
04aa4390-6889-1eda-e7f6-5c309c62a08d	Até o Céu: A Série	Hasta el cielo: La serie	N:\Series\Até o Céu - A Série	Action & Adventure|Drama|Crime	es	2023	Netflix
60b5bc11-67a2-0fca-b316-d301a482f787	Até o Último Samurai	イクサガミ	N:\Series\Até o Último Samurai	Action & Adventure|Drama	ja	2025	Netflix
84c4f405-9a0b-be2b-9803-4e9197f9e09b	Até Onde Ela Vai	Até Onde Ela Vai	N:\Series\Até Onde Ela Vai	Drama	pt	2024	Univer Video
8da2fe28-1068-ec5c-45dc-dbfa6a0986e4	Até Onde Ele Vai	Até Onde Ele Vai	N:\Series\Até Onde Ele Vai	Drama	pt	2025	Univer Video
cb59bf5d-8430-3247-1fa6-7af5e507cf42	Até que o Dinheiro nos Separe	Hasta que la plata nos separe	N:\Series\Até que se Prove o Contrário	Soap|Drama	es	2022	RCN
1eb2aa38-03f1-32c1-c003-f25d91bae867	Atenção! A Lenda Viva Saiu da Prisão	NULL	N:\Series\Atenção! A Lenda Viva Saiu da Prisão		NULL	NULL	
1845c3fc-2c17-e095-bce4-1b406e427713	Atenção, rapazes! A bisavó chegou!	NULL	N:\Series\Atenção, rapazes! A bisavó chegou!		NULL	NULL	
f88a729e-337b-83dd-0d91-bf6596ea9df2	Aterrissando no Amor	Aterrissando no Amor	N:\Series\Aterrissando no Amor		pt	2025	
e0150be9-6de1-e968-ca0e-9263225dfd48	Atlanta	Atlanta	N:\Series\Atlanta	Comédia|Drama	en	2016	FX
3fdc563a-7fe0-9bd0-0a8b-539f72672388	Atração Fatal	Fatal Attraction	N:\Series\Atração Fatal	Drama	en	2023	Paramount+
9e5db35d-d834-0027-7c96-06c59c00ff35	Através do Fogo e da Noite	NULL	N:\Series\Através do Fogo e da Noite		NULL	NULL	
3a912674-363f-348e-47ae-5a270f30a6cd	Attack on Titan	進撃の巨人	N:\Series\Attack on Titan	Animação|Sci-Fi & Fantasy|Action & Adventure	ja	2013	MBS|NHK G|Tokyo MX
261108b6-d1a8-98c8-abd9-5504af54521c	Atuando de Verdade - Ele se Apaixonou Primeiro	NULL	N:\Series\Atuando de Verdade - Ele se Apaixonou Primeiro		NULL	NULL	
adbd2eb0-a8d2-a8ea-8677-909455391eba	Atypical	Atypical	N:\Series\Atypical	Drama|Comédia	en	2017	Netflix
a85dbf86-8943-4a8a-8c05-da47590b297b	Aucademia	Pup Academy	N:\Series\Aucademia	Kids|Comédia	en	2019	Disney Channel
180de4cb-9e80-e4ed-db07-b2a67d5d2129	Aurora Oculta O Governante Ascendente	Aurora Oculta O Governante Ascendente	N:\Series\Aurora Oculta - O Governante Ascendente		pt	2025	
2cba5242-b1e2-cdd4-1526-1d3323482e38	Ausência	Absentia	N:\Series\Absentia	Crime|Drama|Mistério	en	2017	Prime Video|AXN
6e621806-9c94-554e-37d9-3ff4c4cf56a3	Austin & Ally	Austin & Ally	N:\Series\Austin e Ally	Comédia|Kids|Drama	en	2011	Disney Channel
a36e8ec6-e0e6-9384-af5a-7e5b3a9fa084	Austrália Shore	Aussie Shore	N:\Series\Austrália Shore	Reality	en	2024	Paramount+
0148f5e6-a017-faa8-878d-2844c2aecf1a	Auto Posto	Auto Posto	N:\Series\Auto Posto	Comédia	pt	2020	Comedy Central
2aab30b7-2f77-a6fd-9154-c9ccbb7a9d08	Avatar: A Lenda de Aang	Avatar: The Last Airbender	N:\Series\Avatar - A Lenda de Aang	Animação|Action & Adventure|Sci-Fi & Fantasy	en	2005	Nickelodeon
08f2a31d-ff26-faf4-e5be-94e3f8e2254e	Avatar: O Último Mestre do Ar	Avatar: The Last Airbender	N:\Series\Avatar - O Último Mestre do Ar	Action & Adventure|Sci-Fi & Fantasy|Drama|Família	en	2024	Netflix
6f1aa9ab-2644-a31d-8a23-db34664289cd	Avenida Brasil	Avenida Brasil	N:\Series\Avenida Brasil	Soap|Drama|Mistério|Crime	pt	2012	TV Globo
ef055d30-92a6-8985-9fbd-142f0085fc1d	Avisa Lá Que Eu Vou	Avisa Lá Que Eu Vou	N:\Series\Avisa Lá Que Eu Vou	Talk	pt	2022	GNT
c0fe9b39-d011-3a81-b8dc-f0720e7a6105	Avós de Primeira Viagem	Unexpected	N:\Series\Avós de Primeira Viagem	Reality|Família	en	2017	TLC
8f29586c-f71a-5fa1-2ad6-4e16957dfcfe	AZUR LANE	アズールレーン	N:\Series\Azur Lane	Action & Adventure|Sci-Fi & Fantasy|Animação	ja	2019	BS11
3f65668e-e281-f929-9d33-21824da8e7f9	B Positive	B Positive	N:\Series\B Positive	Comédia	en	2020	CBS
f117665a-fbee-b43e-3681-08deee95a790	B.O.	B.O.	N:\Series\B.O	Comédia	pt	2023	Netflix
82ea42e8-d015-5928-e4a6-983c4df18556	Babá Ex-presidiária e Pai Solteiro Bilionário	NULL	N:\Series\Babá Ex-presidiária e Pai Solteiro Bilionário		NULL	NULL	
555520f6-9b9f-7e44-a6d9-e288a691c528	Babá para o Meu Valentão Gostosão	NULL	N:\Series\Babá para o Meu Valentão Gostosão		NULL	NULL	
93468b6d-2c24-f4c4-f270-3a51ec6fb592	Babilônia	Babilônia	N:\Series\Babilônia	Soap|Drama|Comédia	pt	2015	TV Globo
ca08679f-2f54-c73b-94fc-d5b92d62b379	Baby	Baby	N:\Series\Baby	Drama	it	2018	Netflix
b775ffb7-a8ab-be9b-cf8f-52d2cb098c33	Baby Bandito	Baby Bandito	N:\Series\Baby Bandito	Crime|Drama	es	2024	Netflix
9fb56fa6-0c88-c81c-df1f-390753b6009a	Baby e Rose	Baby e Rose	N:\Series\Baby e Rose	Comédia	pt	2018	Multishow
fee91db2-8dc6-75cc-8462-ecbfad740418	Baby Looney Tunes	Baby Looney Tunes	N:\Series\Baby Looney Tunes	Animação|Comédia|Kids	en	2002	Cartoon Network|The WB
405d5699-fff9-4b3f-b33f-a63470676d1c	Back Arrow	バック・アロウ	N:\Series\Back Arrow	Animação|Action & Adventure|Sci-Fi & Fantasy	ja	2021	Gunma TV|Tokyo MX|BS11|Tochigi TV
3a1645d5-11ab-c1b1-9c24-e94540e37eb0	Bad Boy	Bad Boy	N:\Series\Bad Boy	Comédia|Mistério	en	2018	YouTube
6c2abead-b01d-8d0d-1bd4-52043a3dfd7c	Bad Monkey	Bad Monkey	N:\Series\Bad Monkey	Comédia|Crime	en	2024	Apple TV
d2377e1c-53a2-1bff-7e0e-8e091526fa48	Bahar	Bahar	N:\Series\Bahar	Família|Drama	tr	2024	Show TV
70516034-22fa-899c-22f8-ac5a97d362c1	Baila Comigo	Baila Comigo	N:\Series\Baila Comigo	Soap|Drama	pt	1981	TV Globo
2f7f56c7-2a42-1f09-7b6c-319b1bdd7ecc	Bake Off Brasil: Mão na Massa	Bake Off Brasil: Mão na Massa	N:\Series\Bake Off Brasil - Mão na Massa	Reality	pt	2015	SBT|Discovery Home & Health Brasil
2cc01ad8-7af5-a9cc-1c9c-10c204eaa430	Baki - O Campeão	バキ	N:\Series\Baki - O Campeão	Animação|Action & Adventure|Crime|Drama	ja	2018	Netflix
7e04023f-bf9f-08da-9540-e5db5084796a	Baki Hanma	範馬刃牙	N:\Series\Baki Hanma	Animação|Action & Adventure|Sci-Fi & Fantasy	ja	2021	Netflix
32a6c006-2f56-41de-939e-82ec533c5872	Ballard: Crimes Sem Resposta	Ballard	N:\Series\Ballard - Crimes Sem Resposta	Drama|Crime	en	2025	Prime Video
cce0e994-d78c-9175-5693-ba5f9b286721	Ballers	Ballers	N:\Series\Ballers	Drama|Comédia	en	2015	HBO
f5530492-36d0-07f2-7580-7a1c5842e497	Bambolê	Bambolê	N:\Series\Bambolê	Soap	pt	1987	TV Globo
70363065-3886-50f3-a060-ffe74ede4ade	Bandidagem	Bandidos	N:\Series\Bandidos	Action & Adventure	es	2024	Netflix
c3140975-4334-d9e7-37dc-500c78965167	Bandidos da Falange	Bandidos da Falange	N:\Series\Bandidos da Falange	Crime|Action & Adventure	pt	1983	TV Globo
8e03cad1-3f2c-001b-352b-c32ccbb97808	Bang Bang Baby	Bang Bang Baby	N:\Series\Bang Bang Baby	Drama|Crime	it	2022	Prime Video
07edb3f3-2c28-1f35-40e6-d063c564aac0	Banshee	Banshee	N:\Series\Banshee	Crime|Drama	en	2013	Cinemax
36e907d8-22c5-c7a9-ee69-1c9e8b0dcdb2	Bárbaros	Barbaren	N:\Series\Bárbaros	Action & Adventure|Drama	de	2020	Netflix
5fc6c9fa-5c1c-cfa8-5599-fa7963fb40d6	Barbie Dreamhouse Adventures: Go Team Roberts	Barbie Dreamhouse Adventures: Go Team Roberts	N:\Series\Barbie Dreamhouse Adventures - Go Team Roberts	Animação|Família|Kids|Comédia	en	2019	Netflix
c5005147-562a-a255-47d7-4991bcb8b414	Barbie: Dreamhouse Adventures	Barbie: Dreamhouse Adventures	N:\Series\Barbie - Dreamhouse Adventures	Animação|Família|Kids|Comédia	en	2018	YTV|Netflix
7465a955-00ac-5b0c-5b78-cb9da1f8debd	Barca de Palavras	舟を編む	N:\Series\As palavras	Animação|Drama	ja	2016	Fuji TV
74911186-02cf-2b9c-633c-0396dafd4632	Barra Bravas	Puerta 7	N:\Series\Barra Brava	Drama|Crime	es	2020	Netflix
9e314efd-17a2-f767-0303-5d986098ceed	Barrados no Baile	Beverly Hills, 90210	N:\Series\Barrados no Baile	Drama	en	1990	FOX
ae377d57-27a6-8986-c45d-95d5e0b88fcd	Barras Invisíveis	Barras Invisíveis	N:\Series\Barras Invisíveis	Reality	pt	2024	E!
9db9cf4d-72ad-4aaf-635b-92e4aa53ec38	Barriga de Aluguel	Barriga de Aluguel	N:\Series\Barriga de Aluguel	Soap|Drama	pt	1990	TV Globo
a51a1354-3adf-c633-b175-b24912d37199	Barry	Barry	N:\Series\Barry	Comédia|Crime|Drama	en	2018	HBO
17c13538-35b3-31c9-129e-6955f3d23dba	Baseado Numa História Real	Based on a True Story	N:\Series\Baseado Numa História Real	Comédia|Drama	en	2023	Peacock
2a5935e0-5c46-088c-ed53-7d89ea43baff	Baskets	Baskets	N:\Series\Baskets	Comédia	en	2016	FX
68f75fac-4e73-ec5e-b900-0dd278f9a6e2	Bastidores de uma Conspiração	Schlafende Hunde	N:\Series\Bastidores de uma Conspiração	Crime|Mistério|Drama	de	2023	Netflix
a2808d92-4e2d-a2b1-77cb-5ed345db2e38	Bat-Família	BAT-FAM	N:\Series\Bat-Família	Animação|Família	en	2025	Prime Video|Amazon Kids+
99e64e7d-a377-58e8-6f8b-83bdb123183d	Batalha das Solteiras	เกมชนคนโสด	N:\Series\Batalha das Solteiras	Comédia	th	2024	Netflix
99ae7232-750c-9503-6d3e-e8db09455924	Batalha de Influencers	더 인플루언서	N:\Series\Batalha de Influencers	Reality	ko	2024	Netflix
0de31f95-22a3-a65b-81c5-ab6ce03a7136	Bate Coração	가슴이 뛴다	N:\Series\Bate Coração	Drama|Comédia|Mistério|Sci-Fi & Fantasy	ko	2023	KBS2
3bf8aae1-d1ef-3b28-a337-38a57bf014d1	Bateau Mouche: O Naufrágio da Justiça	Bateau Mouche: O Naufrágio da Justiça	N:\Series\Bateau Mouche - O Naufrágio da Justiça	Documentário|Crime	pt	2025	HBO Brasil
162cf906-5724-73a3-5395-f6468f8ff0e3	Batman: A Série Animada	Batman: The Animated Series	N:\Series\Batman - A Série Animada	Action & Adventure|Animação|Drama|Mistério	en	1992	Fox Kids
34094064-a6dd-438f-118a-bd04613211f3	Batman: A Série Animada	Batman: The Animated Series	N:\Series\1995 - No Tempo dos Badboys	Action & Adventure|Animação|Drama|Mistério	en	1992	Fox Kids
43b70593-3e34-4ce8-a699-ddc87c47feb5	Batman: A Série Animada	Batman: The Animated Series	N:\Series\190 - Inteligência Contra o Crime	Action & Adventure|Animação|Drama|Mistério	en	1992	Fox Kids
8f061435-0922-d29d-14eb-46a1ffe719ce	Batman: A Série Animada	Batman: The Animated Series	N:\Series\100 Dias para Morar - Começando do Zero	Action & Adventure|Animação|Drama|Mistério	en	1992	Fox Kids
c1dafad5-aff4-43e9-be1a-13b1358c260c	Batman: A Série Animada	Batman: The Animated Series	N:\Series\100 Namoradas Que Te Amam Muuuuuito	Action & Adventure|Animação|Drama|Mistério	en	1992	Fox Kids
c71fb7d8-5151-5b23-e293-b3ec8029d0f6	Batman: A Série Animada	Batman: The Animated Series	N:\Series\190 - O Assassino Ligou_	Action & Adventure|Animação|Drama|Mistério	en	1992	Fox Kids
c8f39471-3e4e-5f9e-df7e-8b9f2fd3f55c	Batman: A Série Animada	Batman: The Animated Series	N:\Series\911 - Quando a Morte Chama	Action & Adventure|Animação|Drama|Mistério	en	1992	Fox Kids
e42f9fc1-f7ea-4224-7427-7dc2ecab58ad	Batman: A Série Animada	Batman: The Animated Series	N:\Series\900 Dias Sem Anabel	Action & Adventure|Animação|Drama|Mistério	en	1992	Fox Kids
f86770c2-3431-c4a2-e0cf-dbbc079214fd	Batman: A Série Animada	Batman: The Animated Series	N:\Series\100 Coisas para Fazer Antes de Virar Zumbi	Action & Adventure|Animação|Drama|Mistério	en	1992	Fox Kids
13afab77-afef-04b0-e523-3e4bdcd07ef6	Batman: Cruzado Encapuzado	Batman: Caped Crusader	N:\Series\Batman - Cruzado Encapuzado	Animação|Crime|Action & Adventure|Mistério	en	2024	Prime Video
7cbb74f2-ab2c-0c4a-3da6-825f843a49d0	Batman: Os Bravos e Destemidos	Batman: The Brave and the Bold	N:\Series\Batman - Os Bravos e Destemidos	Animação|Action & Adventure|Sci-Fi & Fantasy	en	2008	Cartoon Network
7396ce7b-8b00-af48-e971-2e844c01d074	Battle Game in 5 Seconds	出会って5秒でバトル	N:\Series\Battle Game in 5 Seconds	Animação|Drama|Mistério|Action & Adventure|Sci-Fi & Fantasy	ja	2021	Tokyo MX|BS11
6e51d6d8-58f6-505b-27e5-6e1041ca553a	Battlebots: Batalha de Robôs	BattleBots	N:\Series\Battlebots - Batalha de Robôs	Reality	en	2015	ABC|Discovery
cc4a0eec-85fd-64f0-5c6a-d17b150bf9b5	Batwheels	Batwheels	N:\Series\Batwheels	Kids|Animação|Comédia	en	2022	Cartoon Network
d5fb05ce-f2ab-b91d-05e0-4b9afce3239a	Batwoman	Batwoman	N:\Series\Batwoman	Sci-Fi & Fantasy|Action & Adventure	en	2019	The CW
36f856f0-2064-69cc-67ad-373a1c0d6c26	Bauhaus	Die Neue Zeit	N:\Series\Bauhaus	Drama	de	2019	ZDF|ARTE
a8ab4c18-7656-0966-b8ce-8ba67ccac996	Baylen: Uma Vida sem Filtro	Baylen Out Loud	N:\Series\Baylen - Uma Vida sem Filtro	Reality	en	2025	TLC
47bdeb60-94b7-c123-a87b-1d0763441366	Baymax!	Baymax!	N:\Series\Baymax!	Animação|Comédia|Família	en	2022	Disney+
e58efe5d-44be-6374-d4b6-516af12ae868	BBB: O Documentário	BBB: O Documentário	N:\Series\BBB - O Documentário	Documentário	pt	2025	TV Globo
fa6d3c9f-b79b-da73-3596-0658d5a9a495	Beach Life	Beach Life	N:\Series\Beach Life	Reality|Documentário	pt	2025	E!
b6c864b9-cc66-9181-377e-0242cdf5fa2e	Beast Games	Beast Games	N:\Series\Beast Games	Reality	en	2024	Prime Video
7e9e211c-14a8-3ab0-d017-8a8f1d5ef801	Beast Tamer	勇者パーティーを追放されたビーストテイマー、最強種の猫耳少女と出会う	N:\Series\Beast Tamer	Animação|Comédia|Action & Adventure|Sci-Fi & Fantasy	ja	2022	Tokyo MX
3b117261-e1b0-b50c-5dcc-86a790e2728b	BEASTARS - O Lobo Bom	BEASTARS	N:\Series\Beastars o Lobo Bom	Animação|Drama|Mistério|Crime	ja	2019	Fuji TV|Netflix
1b561b97-c20c-054c-00be-a48a5375906a	Beauty in Black	Beauty in Black	N:\Series\Beauty in Black	Drama	en	2024	Netflix
2ff475b5-d5ae-a6f9-e4ee-7139dca31ac7	Beavis e Butt-Head	Mike Judge's Beavis and Butt-Head	N:\Series\Mike Judges Beavis and Butt-Head	Animação|Comédia	en	2022	Comedy Central|Paramount+
0fb83560-4650-3b8d-dad2-3be314d8ee4b	Bebê a Bordo	Bebê a Bordo	N:\Series\Bebê a Bordo	Soap|Drama|Comédia|Família|Reality	pt	1988	TV Globo
cff1487c-606d-6d5d-9009-8484fd1291a4	Bebê Bilionário - Fofura e Fortuna	NULL	N:\Series\Bebê Bilionário - Fofura e Fortuna		NULL	NULL	
b3cf97e2-285f-a48f-4ae4-944b3c98699e	Bebê Rena	Baby Reindeer	N:\Series\Bebê Rena	Drama	en	2024	Netflix
10ead871-c7fa-77f3-2fc7-6b0016d55fcd	Bebê Único, Amor Triplo	NULL	N:\Series\Bebê Único, Amor Triplo		NULL	NULL	
e5512342-c7af-657b-2cac-cce74777525c	Bebel e Olavo de Paraíso Tropical	Bebel e Olavo de Paraíso Tropical	N:\Series\Bebel e Olavo de Paraíso Tropical		pt	2026	Globoplay
f075c8a5-c941-a09f-c64c-199743798646	Beckham	Beckham	N:\Series\Beckham	Documentário	en	2023	Netflix
e5ebed15-23a3-d6a2-6793-879d277c1be1	Beckham: Salve Nosso Time	Save Our Squad with David Beckham	N:\Series\Beckham - Salve Nosso Time	Documentário|Reality	en	2022	Disney+
5730efa2-c27b-df51-957a-8e4328a5d709	Beforeigners: Os Visitantes	Beforeigners	N:\Series\Beforeigners - Os Visitantes	Drama|Sci-Fi & Fantasy	no	2019	HBO Nordic|HBO Max
4f54bf4d-af54-6854-3c31-fb0221337dd8	Beijada por garras e presas	NULL	N:\Series\Beijada por garras e presas		NULL	NULL	
1ec5bd2a-ddec-38e3-fbc6-9ad8e8d62675	Beijando O Irmão Errado	NULL	N:\Series\Beijando O Irmão Errado		NULL	NULL	
bab402a6-0305-13b9-5620-19014874b1e8	Beije-me Uma Última Vez	NULL	N:\Series\Beije-me Uma Última Vez		NULL	NULL	
bde69129-8c52-3187-69fa-e836f4b14b90	Beijo Fatal no Verão	NULL	N:\Series\Beijo Fatal no Verão		NULL	NULL	
f4b5add9-3202-befa-0f6f-8d7e302d7bed	Beijos Falsos com o Amigo do Meu Ex	NULL	N:\Series\Beijos Falsos com o Amigo do Meu Ex		NULL	NULL	
6879de74-8ff0-246c-4c02-5d930b3220a1	Bel-Air	Bel-Air	N:\Series\Bel-Air	Drama	en	2022	Peacock
12df81f9-5bfc-9693-0ddd-61b9dd2ce187	Bela, a Feia	Bela, a Feia	N:\Series\Bela, a Feia (2009)	Soap|Drama|Comédia	pt	2009	Record
af9d3ec9-677b-2882-58bc-9cc51cbff531	Belas Maldições	Good Omens	N:\Series\Good Omens	Comédia|Drama|Sci-Fi & Fantasy	en	2019	Prime Video
10694020-b85e-9634-e49e-fa8408bad8c6	Beleza Impiedosa	Savage Beauty	N:\Series\Beleza Impiedosa	Drama	en	2022	Netflix
d5e1c055-e4ce-d0e1-186a-5360ba57a34c	Beleza Plástica	ダウンタイム	N:\Series\Beleza Plástica	Drama	ja	2026	Netflix
d933463e-5a43-c9cd-257a-35a49a3bd730	Beleza Verdadeira	여신강림	N:\Series\Beleza Verdadeira	Comédia|Drama	ko	2020	tvN
c74a314d-c679-9787-41c7-fde73bf64f9c	Belgravia	Belgravia	N:\Series\Belgravia	Drama	en	2020	ITV1
022ffa79-feed-3a07-9f04-93431c2f2689	Belíssima	Belíssima	N:\Series\Belíssima	Soap|Drama	pt	2005	TV Globo
2e74a6f0-60a5-33b8-e749-649405ae2d8b	Bella e os Bulldogs	Bella and the Bulldogs	N:\Series\Bella e os Bulldogs	Família|Comédia	en	2015	Nickelodeon
c2cdd4bb-6e45-18f8-30b9-bb7324ae73da	Belo: Perto Demais da Luz	Belo: Perto Demais da Luz	N:\Series\Belo - Perto Demais da Luz	Documentário	pt	2024	Globoplay
720dc9b2-6325-df5d-9420-a15a240753e8	Bem Juntinhos	Bem Juntinhos	N:\Series\Bem Juntinhos	Talk	pt	2021	GNT
0646032e-6145-fb48-facf-4ad8472aa0ce	Bem-vindo à Família Plath	Welcome to Plathville	N:\Series\Bem-vindo à Família Plath	Reality|Família	en	2019	TLC
ac55e882-848c-4b95-8269-51444a88ca3b	Bem-Vindos à Austrália	Faraway Downs	N:\Series\Bem-Vindos à Austrália	Action & Adventure|Drama|Faroeste	en	2023	Hulu|Disney+
c52b7766-9083-0550-d66b-0fe5935eb4f5	Bem-vindos à Terra	Welcome to Earth	N:\Series\Bem-vindos a Terra	Documentário	en	2021	Disney+
b9889f7d-03a7-667b-daed-67b21b8a34b4	Bem-Vindos à Vizinhança	The Watcher	N:\Series\Bem-Vindos à Vizinhança	Drama|Mistério	en	2022	Netflix
bceb84fc-13a1-a0bc-b679-fb9d31569431	Bem-Vindos ao Clube da Sedução	Welcome to Chippendales	N:\Series\Bem-Vindos ao Clube da Sedução	Drama|Crime|Comédia	en	2022	Hulu
7de70c18-e051-005f-fba6-fd6b002f5e02	Bem-vindos ao Éden	Bienvenidos a Edén	N:\Series\Bem-vindos ao Éden	Action & Adventure|Sci-Fi & Fantasy|Drama	es	2022	Netflix
31d2153b-fda2-cdfb-28ec-10cba59ba1e2	Ben 10	Ben 10	N:\Series\Ben 10	Animação|Sci-Fi & Fantasy|Action & Adventure|Comédia|Kids	en	2005	Cartoon Network
b9be068f-077a-0e38-6818-27fe8ccbdd63	Ben 10	Ben 10	N:\Series\Ben 10 (2016)	Animação|Sci-Fi & Fantasy|Action & Adventure|Comédia|Kids	en	2005	Cartoon Network
be8ff218-427b-3c1d-8618-1f0646a69a3d	Ben 10: Força Alienígena	Ben 10: Alien Force	N:\Series\Ben 10 - Força Alienígena	Animação|Sci-Fi & Fantasy|Action & Adventure	en	2008	Cartoon Network
d11c28c9-eeb7-9cd0-b88d-dee52a65f404	Ben 10: Omniverse	Ben 10: Omniverse	N:\Series\Ben 10 - Omniverse	Action & Adventure|Animação|Sci-Fi & Fantasy|Kids	en	2012	Cartoon Network
c556c59c-fa9d-4719-0f16-0fa52a0efe7c	Ben 10: Supremacia Alienígena	Ben 10: Ultimate Alien	N:\Series\Ben 10 - Supremacia Alienígena	Animação|Action & Adventure|Sci-Fi & Fantasy|Kids	en	2010	Cartoon Network
3579f052-eb82-f85e-a38e-a222722e5cc7	Ben-Hur	Ben Hur	N:\Series\Ben-Hur	Drama	en	2010	CBC Television
b2c019a7-e5f5-a6ce-98d3-ff9a0eda8081	Berlim e a Dama com Arminho	Berlín y la dama del armiño	N:\Series\Berlim e a Dama com Arminho	Drama|Crime|Action & Adventure	es	2026	Netflix
00404791-21a8-ac21-d4b9-731c9253964d	Berserk	剣風伝奇ベルセルク	N:\Series\Berserk	Action & Adventure|Sci-Fi & Fantasy|Animação	ja	1997	Nippon TV
4d7d69ca-362c-e26f-8619-1ec497bd5d45	Betaal	Betaal	N:\Series\Betaal	Action & Adventure|Drama	hi	2020	Netflix
44d809e9-b17a-687d-df2e-b0976023de37	Better Call Saul	Better Call Saul	N:\Series\Better Call Saul	Crime|Drama	en	2015	AMC
0fbe21bf-8998-dfb6-1840-abd23f83619b	Better Things	Better Things	N:\Series\Better Things	Comédia|Drama	en	2016	FX
143db170-e86c-ce78-5cad-f8fbe756b567	Betty Atômica	Atomic Betty	N:\Series\Atomic	Animação|Sci-Fi & Fantasy|Action & Adventure|Kids	en	2004	Teletoon|M6
076b7c24-4996-67d7-3080-3b9db42cb003	Betty em Nova York	Betty en NY	N:\Series\Betty em Nova York	Comédia|Família	es	2019	Telemundo
4c43bcb9-f1bd-60ef-071e-641e97b24aff	Betty, A Feia - A História Continua	Betty la fea, la historia continúa	N:\Series\Betty, A Feia - A História Continua	Soap|Comédia|Drama	es	2024	Prime Video
c300aa79-0376-555a-9074-99ed6b0bbdb5	Between	Between	N:\Series\Between	Sci-Fi & Fantasy|Drama	en	2015	Netflix|Citytv
f7e54bcd-9277-7f0a-8cb2-770405e40a07	Beyblade: Metal Fusion	メタルファイト ベイブレード	N:\Series\Beyblade Metal Fusion (2009)	Animação|Mistério|Action & Adventure|Kids|Sci-Fi & Fantasy	ja	2009	TV Osaka|TV Aichi|TV Tokyo
b5842fb5-f346-1ca4-4daf-53c6c1541e9f	BIA	BIA	N:\Series\BIA	Drama|Comédia|Soap|Família	es	2019	Disney Channel
e62fcaf0-e80e-5a0a-9cb5-9ee521631cf5	Bibi de A Força do Querer	Bibi de A Força do Querer	N:\Series\Bibi de A Força do Querer	Soap	pt	2025	Globoplay
a1c0acdf-cf79-14a6-2948-a2eafd89baab	Bibi e Tina	Bibi & Tina - Die Serie	N:\Series\Bibi e Tina	Família|Kids|Action & Adventure	de	2020	Prime Video
b83d1967-d547-cdc4-c122-420555347846	Big Bang: A Teoria	The Big Bang Theory	N:\Series\Bang Bang	Comédia	en	2007	CBS
e05eeac0-1ee6-bca9-e1b4-d09c9e05068e	Big Bang: A Teoria	The Big Bang Theory	N:\Series\The Big Bang Theory	Comédia	en	2007	CBS
150032b4-97e3-22a3-b27d-969448272552	Big Blue: O Grande Oceano	Big Blue	N:\Series\Big Blue - O Grande Oceano	Animação|Família	en	2021	CBC Television
825e61b8-72ed-7e6a-93b9-948403dc5aff	Big Little Lies	Big Little Lies	N:\Series\Big Little Lies	Drama	en	2017	HBO
369564bc-c1c6-3e62-6ddb-55972008adf0	Big Mouth	Big Mouth	N:\Series\Big Mouth	Comédia|Animação	en	2017	Netflix
fc38db15-6cfb-c651-641d-47ec1a11be1a	Big Mouth: De Vigarista a Vingador	빅마우스	N:\Series\Big Mouth - De Vigarista a Vingador	Mistério|Drama|Crime	ko	2022	MBC
5f5f91d2-dfd3-1c2e-3727-506f359e2419	Big Sky	Big Sky	N:\Series\Big Sky	Crime|Drama|Mistério	en	2020	ABC
f76adff9-f53f-5c66-6988-25417c2d14b0	Big Time Rush	Big Time Rush	N:\Series\Big Time Rush	Comédia|Kids	en	2009	Nickelodeon
72baa161-ec89-fc00-a8f2-963e780c0b74	Big Vape	Big Vape: The Rise and Fall of Juul	N:\Series\Big Vape	Documentário	en	2023	Netflix
9941bfdb-dc31-4c83-835c-f65c2fc701e1	Bilionária desde o Ventre - Vingando a Traição do Papai	NULL	N:\Series\Bilionária desde o Ventre - Vingando a Traição do Papai		NULL	NULL	
335ea824-419a-8fb3-f00c-e0a0f58f20cf	Bilionario em Fuga Torna se Minha Noiva	Bilionario em Fuga Torna se Minha Noiva	N:\Series\Bilionário em Fuga Torna-se Minha Noiva		pt	2025	
e44b866b-8ad2-6f22-b5d6-5a55f78caab3	Billions	Billions	N:\Series\Billions	Drama	en	2016	Showtime
f3cb99c5-a281-b336-3cd6-8a8a5472709a	Billy Dilley	Billy Dilley’s Super-Duper Subterranean Summer	N:\Series\Billy Dilley	Animação|Comédia|Kids	en	2017	Disney XD
34ec01db-3f9d-f7d5-1cfe-c4eeaadbe16d	Billy the Kid	Billy the Kid	N:\Series\Billy the Kid	Faroeste|Drama	en	2022	Epix|MGM+
ab91f733-12ad-bf2d-a4e7-c59ead317de4	Bingo e Rolly	Puppy Dog Pals	N:\Series\Bingo e Rolly	Animação|Kids|Família|Comédia|Drama	en	2017	Disney Junior
6077b381-be96-9b6a-4b55-d2608633f291	Biohackers	Biohackers	N:\Series\Biohackers	Drama|Sci-Fi & Fantasy|Action & Adventure|Mistério	de	2020	Netflix
58a1dc42-ba54-8536-7bf5-5531874004d0	Biologia Avançada	A.P. Bio	N:\Series\A.P. Bio	Comédia	en	2018	NBC|Peacock
51962b40-04f6-bd23-5265-f4ce459be4f6	Birdgirl	Birdgirl	N:\Series\Birdgirl	Animação|Comédia	en	2021	Adult Swim
59507b49-ccd3-aeea-70f2-141e2a4fa89b	Bizaardvark	Bizaardvark	N:\Series\Bizaardvark	Família|Comédia	en	2016	Disney Channel
e956ce18-3f93-b1ff-ba08-2f904f1b88db	Black Bird	Black Bird	N:\Series\Black Bird	Drama|Crime	en	2022	Apple TV
2493ee13-d257-9d8f-f786-55ef2f31f791	Black Butler	黒執事	N:\Series\Black Butler	Animação|Comédia|Drama|Mistério|Sci-Fi & Fantasy	ja	2008	MBS|AT-X|Gunma TV|Tokyo MX|BS11|Tochigi TV
fbd30f43-343b-96ec-82c2-f9558760bdf7	Black Clover	ブラッククローバー	N:\Series\Black Clover	Animação|Action & Adventure|Sci-Fi & Fantasy	ja	2017	TV Tokyo|TV Aichi|TVQ|TV Osaka|TVh|TSC
d76332ad-3b7e-8b10-976a-224eae05072f	Black Doves	Black Doves	N:\Series\Black Doves	Action & Adventure|Mistério|Crime	en	2024	Netflix
acfe0c8c-8e86-b54c-57d8-d8b588531189	Black Knight	택배기사	N:\Series\Black Knight	Drama|Action & Adventure|Sci-Fi & Fantasy	ko	2023	Netflix
f32a927a-17e8-5572-3fa8-3c24f1da3b74	Black Mirror	Black Mirror	N:\Series\Black Mirror	Sci-Fi & Fantasy|Drama|Mistério	en	2011	Channel 4|Netflix
75bb9558-64e3-5e5e-325b-3cde5e73c912	Black Rock Shooter: Amanhecer	ブラック★★ロックシューター DAWN FALL	N:\Series\Black Rock Shooter - Dawn Fall	Animação|Action & Adventure|Sci-Fi & Fantasy|Drama	ja	2022	Tokyo MX
973f37aa-8f85-fdcb-0ea8-cb37c0641871	Black Sails	Black Sails	N:\Series\Black Sails	Drama|Action & Adventure	en	2014	STARZ
40b0c2d5-bcaa-38c8-2ae7-d4a9a0da653e	Black Space	בלקספייס	N:\Series\Black Space	Drama|Crime	he	2020	Reshet 13
7dcb6339-d537-1268-4573-57d342a4de7b	Black Summer	Black Summer	N:\Series\Black Summer	Sci-Fi & Fantasy|Drama|Action & Adventure	en	2019	Netflix
875bbded-6605-c83f-26fa-c629250d9665	Black Summoner	黒の召喚士	N:\Series\Black Summoner	Animação|Action & Adventure|Sci-Fi & Fantasy	ja	2022	Tokyo MX|Sun TV
4ef301a0-1915-1d02-1051-fc49d8c6bb13	BLACK TORCH	BLACK TORCH	N:\Series\BLACK TORCH	Animação|Mistério|Action & Adventure|Sci-Fi & Fantasy	ja	2026	Tokyo MX
c84690c2-b70d-5ced-11c7-51c6e069683c	Black-ish	black-ish	N:\Series\Black-ish	Comédia	en	2014	ABC
a888c972-2a31-495e-5a67-3b0a21a9cdce	Blackout: Tarde Demais	Blackout	N:\Series\Blackout - Tarde Demais	Mistério|Crime|Drama	de	2021	ORF 1|Joyn
99f5766f-b98e-61ea-59dc-9b286017cc1b	Blade: A Série	Blade: The Series	N:\Series\Blade - A Série	Action & Adventure|Sci-Fi & Fantasy|Drama|Mistério	en	2006	Spike
d7b04f71-bc83-d6ea-10f8-23aa6bfbeddf	Blanca	Blanca	N:\Series\Blanca	Drama|Crime	it	2021	Rai 1
7b4ac7bb-1f6f-8044-531b-f72a93461d0c	Blaze e os Monster Machines	Blaze and the Monster Machines	N:\Series\Blaze e os Monster Machines	Kids|Animação|Família|Comédia	en	2014	Nickelodeon
be28708a-e342-09ae-11cb-eaecd4d83e96	Bleach	BLEACH	N:\Series\Bleach	Action & Adventure|Animação|Sci-Fi & Fantasy	ja	2004	TV Tokyo|TV Aichi|TVQ|TV Osaka|TVh|TSC|BS TV Tokyo
3258c752-4383-57f2-d186-730c3beb1aa8	Bless This Mess	Bless This Mess	N:\Series\Bless This Mess	Comédia	en	2019	ABC
cb5237b8-2cbf-ad44-4d96-795ddc3cd6e8	Blindspotting	Blindspotting	N:\Series\Blindspotting	Comédia|Drama	en	2021	STARZ
2b4f778a-fe3f-b315-015d-6140a1387500	Blippi e As Profissões	Blippi's Job Show	N:\Series\Blippi e As Profissões	Família|Kids	en	2025	Netflix
d2728f12-47fa-d92d-2ec1-18894eea4951	Blockbuster	Blockbuster	N:\Series\Blockbuster	Comédia	en	2022	Netflix
09bbe026-1f16-c68a-1381-4cafeefd45f3	Blood Blockade Battlefront	血界戦線	N:\Series\Blood Blockade Battlefront	Animação|Sci-Fi & Fantasy|Action & Adventure|Comédia	ja	2015	MBS|Tokyo MX|BS11
6a12415f-40c1-87d0-6776-f344f6bfec49	Blue Box	アオのハコ	N:\Series\Blue Box	Animação|Drama	ja	2024	MBS|TBS|CBC|Tulip Television|SBC|BSN|tys|NBC|HBC|RKK|i-Television|SBS|IBC|BSS|MRO|OBS|TUF|RSK|TUY|tbc|RKB|KUTV|RBC|UTY|RCC|MRT|ATV|MBC
9a4bd343-ebfb-8bd4-11e1-ea65041c0bd9	Blue Exorcist	青の祓魔師	N:\Series\Blue Exorcist	Animação|Sci-Fi & Fantasy|Mistério|Action & Adventure	ja	2011	MBS|TBS|CBC|Gunma TV|Tokyo MX|BS11|Tochigi TV|i-Television|SBS
9a7f9fd8-0e02-066c-49f0-3ccf6ae0354a	BLUE LOCK	ブルーロック	N:\Series\Blue Lock	Animação|Action & Adventure|Drama	ja	2022	HTB|tv asahi|Nagoya TV|KBC|ABC TV|NCC|OAB|ABA|Niigata Television Network 21|khb|KFB|HOME|KSB|Kagoshima Broadcasting|Iwate Asahi TV|Akita Asahi Broadcasting|Yamagata Television System|Shizuoka Asahi TV|Asahi Broadcasting Nagano|Hokuriku Asahi Broadcasting|Ehime Asahi TV|Yamaguchi Asahi Broadcasting|Kumamoto Asahi Broadcasting|Ryu-Q Asahi Broadcasting
41ed36d7-52d9-a1a8-ec26-10685c249402	Blue Mountain State	Blue Mountain State	N:\Series\Blue Mountain State	Comédia	en	2010	Spike
07ec0f1f-b4e8-c9fa-9303-ac04fca40fac	Blue Reflection Ray	BLUE REFLECTION RAY/澪	N:\Series\Blue Reflection Ray	Animação|Drama|Sci-Fi & Fantasy	ja	2021	MBS|TBS
6fa97007-8458-c94a-b306-c762ccc0d75d	Bluey	Bluey	N:\Series\Bluey	Animação|Comédia|Família|Kids	en	2018	ABC Kids
e9e86518-ffaa-deb2-f85e-ea3de12781d4	BMF	BMF	N:\Series\BMF (Black Mafia Family)	Drama|Crime	en	2021	STARZ
5bb3d632-24c3-5486-c18d-c0b0f709dc98	Boa Menina do Daddy Dom	NULL	N:\Series\Boa Menina do Daddy Dom		NULL	NULL	
24825c07-2707-dd2f-a4db-07d25f7e231d	Boa Sorte, Charlie!	Good Luck Charlie	N:\Series\Boa Sorte, Charlie	Comédia|Família|Kids	en	2010	Disney Channel
81b440bf-2c8f-259e-c2be-930d37b7de0e	Boa Sorte, Charlie!	Good Luck Charlie	N:\Series\Luck	Comédia|Família|Kids	en	2010	Disney Channel
96232ee0-4bea-3aa6-e867-4b826bb04eeb	Boardwalk Empire: O Império do Contrabando	Boardwalk Empire	N:\Series\Boardwalk Empire - O Império do Contrabando	Crime|Drama	en	2010	HBO
e46062fe-b5ef-2f8c-ef33-48a24c14059c	Boate Kiss: A Tragédia de Santa Maria	Boate Kiss: A Tragédia de Santa Maria	N:\Series\Boate Kiss - A Tragédia de Santa Maria	Documentário	pt	2023	Globoplay
b7179e79-38f9-794c-bcb4-80fe844da35e	Bob Burnquist: A Lenda do Skate	Bob Burnquist: A Lenda do Skate	N:\Series\Bob Burnquist - A Lenda do Skate	Documentário	pt	2024	Max
1d119a5c-a097-cf96-fc14-c8a79a1ac844	Bob Esponja Calça Quadrada	NULL	N:\Series\Bob Esponja Calça Quadrada		NULL	NULL	
36520a12-8948-0a50-7584-87407fa4a07b	Bob's Burgers	Bob's Burgers	N:\Series\Bobs Burgers	Animação|Comédia	en	2011	FOX
c816f8ad-1b31-deb9-819e-d6e5099cabfe	Boca a Boca	Boca a Boca	N:\Series\Boca a Boca	Drama|Mistério	pt	2020	Netflix
f2e94ec9-a5fe-7f25-0cca-617cf1ecd62d	BOCCHI THE ROCK!	ぼっち・ざ・ろっく！	N:\Series\Bocchi the Rock!	Animação|Comédia	ja	2022	Gunma TV|Tokyo MX|BS11|Tochigi TV
13e0a781-61d6-e6fd-3076-6efcefb3282f	Body By Beth	Body By Beth	N:\Series\Body By Beth	Comédia	pt	2024	TNT Latin America
c17e1a1d-3c87-4774-60bb-2f27a61fa63e	BoJack Horseman	BoJack Horseman	N:\Series\BoJack Horseman	Animação|Comédia|Drama	en	2014	Netflix
565c6b9c-8606-de6f-292c-d0db2235bf8d	Bom Dia, Verônica	Bom Dia, Verônica	N:\Series\Bom Dia, Veronica	Drama|Crime	pt	2020	Netflix
676f73a8-6ffe-8d3b-f944-ce6af09f23ef	Bom Sucesso	Bom Sucesso	N:\Series\Bom Sucesso	Drama|Crime|Família	pt	2019	TV Globo
7407d9e8-3e2b-a058-f664-302a0f39599d	Bom, Gostoso e Barato	NULL	N:\Series\Bom, Gostoso e Barato		NULL	NULL	
ef348833-6eb7-efb9-54ab-aec85595a4ce	Boneca Russa	Russian Doll	N:\Series\Boneca Russa	Comédia|Drama	en	2019	Netflix
72e04b95-650d-c698-dc5b-71f93d4ca117	Bones	Bones	N:\Series\Bones	Crime|Drama	en	2005	FOX
f0c170fe-30ba-4985-cca5-f877d4ad34a1	Bonkers: De Astro a Tira	Bonkers	N:\Series\Bonkers - De Astro a Tira	Animação|Comédia|Kids	en	1993	Disney Channel|Syndication
02b37f39-b6ad-db22-cbcf-89a7129352ae	Boo, Bitch	Boo, Bitch	N:\Series\Boo, Bitch	Comédia|Sci-Fi & Fantasy	en	2022	Netflix
5b871328-105a-7e4f-4cac-8beda0a4417d	Boogie Oogie	Boogie Oogie	N:\Series\Boogie Oogie	Soap|Drama	pt	2014	TV Globo
4d74216d-613b-be8d-c561-40bf37709dbb	Bookie	Bookie	N:\Series\Bookie	Comédia	en	2023	Max
5f0aed42-3f78-9834-f3d7-5c736b99ea6d	Boots	Boots	N:\Series\Boots	Comédia|Drama|War & Politics	en	2025	Netflix
5b92896a-9854-03b8-04ea-188b748d6019	Borboletas Negras	Les Papillons noirs	N:\Series\Borboletas Negras	Crime|Drama	fr	2022	ARTE
0244b576-18a3-3d11-dc11-a31da449edce	Bordertown	Bordertown	N:\Series\Bordertown	Animação|Comédia	en	2016	FOX
fb2cd0b1-a883-53df-d3d2-bd8c63b25d47	Bored to Death	Bored to Death	N:\Series\Bored to Death	Comédia|Crime|Mistério|Drama	en	2009	HBO
4e0e7963-26de-8ec6-9c8d-9e81ae28350a	Borgen	Borgen	N:\Series\Borgen	Drama	da	2010	DR1
88e6bee2-6e99-fc92-e4e5-c32eb3712208	Boruto: Naruto Next Generations	BORUTO-ボルト- NARUTO NEXT GENERATIONS	N:\Series\Boruto - Naruto Next Generations	Animação|Action & Adventure|Comédia	ja	2017	TV Tokyo
37eb2a20-8a85-428f-079c-3ae85ea7fc8f	Bosch	Bosch	N:\Series\Bosch	Mistério|Drama|Crime	en	2015	Prime Video
3728180c-2b97-d339-8529-b30d0c109989	Bosch: O Legado	Bosch: Legacy	N:\Series\Bosch - O Legado	Crime|Drama	en	2022	Prime Video|Amazon Freevee
48283671-55c4-27c8-005b-aeb0adb841ec	Bosé	Bosé	N:\Series\Bosé	Drama	es	2022	Paramount+
a7930654-fca1-2ecd-5b7d-f1335a59fefa	Boston Blue	Boston Blue	N:\Series\Boston Blue	Crime|Drama	en	2025	CBS
362447ea-c0b0-9b97-add7-55d13da3cac4	Boys II Planet	보이즈 2 플래닛	N:\Series\Boys II Planet (LEG)	Reality	ko	2025	Mnet
9d7ecb9c-61df-1cd9-f655-795b40a7c39d	Brasil 70: A Saga do Tri	Brasil 70: A Saga do Tri	N:\Series\Brasil 70 - A Saga do Tri	Drama	pt	2026	Netflix
c4803563-c19c-36bc-9fee-7bb52ba22d27	Brasil Imperial	Brasil Imperial	N:\Series\Brasil Imperial	Drama	pt	2020	Prime Video
a52cb543-13f3-39bb-9704-cf2ff307743d	Brasil Visto de Cima	Brasil Visto de Cima	N:\Series\Brasil Visto de Cima	Documentário	pt	2014	Modo Viagem
0e8940c3-f5f8-b86f-841a-2449c48b0b65	Brasil: A Última Cruzada	Brasil: A Última Cruzada	N:\Series\Brasil - A Última Cruzada		pt	2017	Brasil Paralelo
df81bb8e-ec6f-5b1d-c157-0a813509919c	Brasil: A Última Cruzada	Brasil: A Última Cruzada	N:\Series\Brasil - A Última Cruzada - Nova Edição 200 Anos de Independência	Documentário	pt	2022	Brasil Paralelo
3b8de6b4-681a-dce3-4205-aa86a323bffc	Bravos Guerreiros	Bravest Warriors	N:\Series\Bravos Guerreiros (2012)	Action & Adventure|Animação|Comédia|Sci-Fi & Fantasy|Família	en	2012	Teletoon|Nicktoons|YouTube|VRV
41b2f44b-fa10-ede4-cdc7-251be4520586	Breaking Bad	Breaking Bad	N:\Series\Breaking Bad	Drama|Crime	en	2008	AMC
038483b0-b9f7-f04e-9277-c7ff9483dffb	Breathe	Breathe	N:\Series\Breathe	Crime|Drama	hi	2018	Prime Video
13335535-1338-1fe7-1c51-021c1ab0f414	Breathe: Pelas Sombras	Breathe: Into the Shadows	N:\Series\Breathe - Into the Shadows	Drama|Mistério|Crime	hi	2020	Prime Video
a39179bf-efda-e220-596e-3784e9034995	Breeders	Breeders	N:\Series\Breeders	Comédia	en	2020	FX
2867d244-84bf-16ae-102f-89cb1df1bcc7	Brega & Chique	Brega & Chique	N:\Series\Brega e Chique	Soap|Comédia	pt	1987	TV Globo
e3982772-74e8-ee50-4d4f-28c1e410a6c0	Briarpatch	Briarpatch	N:\Series\Briarpatch	Drama|Crime|Mistério	en	2020	USA Network
cba70396-be77-3f1d-2f9a-12280b92521c	Brickleberry	Brickleberry	N:\Series\Brickleberry	Comédia|Animação	en	2012	Comedy Central
0e712465-a8fa-2661-e7ae-625c7d69c388	Bridgerton	Bridgerton	N:\Series\Bridgerton	Drama	en	2020	Netflix
a5d27242-2242-d0c1-3c36-3502ceb3dea2	Brilhante Victória	Victorious	N:\Series\Brilhante Victória	Comédia|Kids	en	2010	Nickelodeon
fa40c104-c968-8138-3be3-24115b6f943e	Brincando com Fogo	Too Hot to Handle	N:\Series\Brincando Com Fogo	Reality	en	2020	Netflix
f7f2ef03-b84c-8c22-de66-fe5772e94488	Bring Back Alice	#BringBackAlice	N:\Series\Bring Back Alice	Mistério|Drama|Crime	pl	2023	HBO Max
f52fd2c9-5af3-45e8-c2dd-242fba0e63fb	Brinquedos que Marcam Época	The Toys That Made Us	N:\Series\Brinquedos que Marcam Época	Documentário	en	2017	Netflix
e3f748bf-632e-e52f-ad77-4bf66722afe6	Britannia	Britannia	N:\Series\Britannia	Drama|Sci-Fi & Fantasy|Action & Adventure	en	2018	Sky Atlantic
3f597e4f-0997-ffb0-3bd8-6ddcdb8f81c6	Brockmire	Brockmire	N:\Series\Brockmire	Comédia|Drama	en	2017	IFC
2ab7ba28-c4eb-3488-c9e4-17b1035a1d34	Bronco	Bronco	N:\Series\Bronco	Faroeste	en	1958	ABC
c7641773-dbb5-a356-212f-6fbdcb50e2ab	Brooklyn Nine-Nine: Lei e Desordem	Brooklyn Nine-Nine	N:\Series\Brooklyn Nine-Nine	Comédia|Crime	en	2013	NBC|FOX
361956f7-4381-62cd-a435-a4ecab354540	Bubble Guppies	Bubble Guppies	N:\Series\Bubble Guppies	Animação|Família|Kids	en	2011	Nickelodeon|Nick Jr.
723e53c4-427f-0f1d-34fb-e8ce05ed7fc9	Buffy: A Caça-Vampiros	Buffy the Vampire Slayer	N:\Series\Buffy - A Caça-Vampiros	Comédia|Drama|Sci-Fi & Fantasy	en	1997	The WB|UPN
a56e482b-0de6-8265-18cd-6c0f832a08da	Bug Juice: Aventuras no Acampamento	Bug Juice: My Adventures at Camp	N:\Series\Bug Juice - Aventuras no Acampamento	Documentário	en	2018	Disney Channel
0539411e-a9d1-6198-baff-8e51b5521de6	Build Divide: Code Black	ビルディバイド コードブラック	N:\Series\Build Divide - Code Black	Animação|Action & Adventure|Sci-Fi & Fantasy	ja	2021	Tokyo MX|Gunma TV|Tochigi TV|BS11
55832ecb-10d0-1b6d-523f-b0ee4d8c3b27	Bull	Bull	N:\Series\Bull	Crime|Drama|Comédia	en	2016	CBS
de974cd5-5d93-110b-4af3-803fe921e135	Bump	Bump	N:\Series\Bump	Drama|Comédia	en	2021	Stan
bb79aedc-d5c3-0383-eac8-e5ece34a36e7	Bungo Stray Dogs	文豪ストレイドッグス	N:\Series\Bungo Stray Dogs	Animação|Action & Adventure|Mistério|Sci-Fi & Fantasy	ja	2016	Tokyo MX
e464b531-792e-013b-36fd-7bcc14bd7bcb	Burn Notice: Operação Miami	Burn Notice	N:\Series\Burn Notice - Operação Miami	Action & Adventure|Drama|Crime	en	2007	USA Network
de8623c0-eb57-a2c9-9cda-d40ea23c7316	Busca Imediata: Pessoas Desaparecidas	Missing: Dead or Alive?	N:\Series\Busca Imediata - Pessoas Desaparecidas	Crime|Documentário	en	2023	Netflix
47fa5b65-f89c-ce19-bbc9-d9c4a6b28d8a	Buscando a Frida	Buscando a Frida	N:\Series\Buscando a Frida	Drama|Comédia	es	2021	Telemundo
c783a898-0a9b-673f-d437-3fa64e13cf1a	By the Grace of the Gods	神達に拾われた男	N:\Series\By the Grace of the Gods	Animação|Action & Adventure|Sci-Fi & Fantasy	ja	2020	Tokyo MX
5e1c97a4-8505-6872-4f47-1d8e64cef7f4	C. B. Strike	Strike	N:\Series\Strike	Crime|Drama|Mistério	en	2017	BBC One
cb83dd8f-1a0c-cfa7-3f06-743af3d610b7	Cabanas: Histórias Especiais	The Cabin Chronicles	N:\Series\Cabanas - Histórias Especiais	Documentário|Reality	en	2021	discovery+
dcb860cf-fe23-a58e-a9db-cc4eefe56a2f	Cabo do Medo	Cape Fear	N:\Series\Cabo do Medo	Crime|Drama	en	2026	Apple TV
9c61782b-477d-87c6-0863-7c1b009d07bd	Cabocla	Cabocla	N:\Series\Cabocla	Soap|Drama|Comédia	pt	2004	TV Globo
bcd5688b-d431-d145-434b-0d17e1cc5ef8	Caça às Nozes com Tico e Teco	Chip 'n Dale's Nutty Tales	N:\Series\Caça às Nozes com Tico e Teco	Animação	en	2017	Disney Junior
d9e55eee-cfbb-2f2c-4b86-7553db697b38	Caçador de Marajás	Caçador de Marajás	N:\Series\Caçador de Marajás	Documentário	pt	2025	Globoplay
25b1915a-823f-d517-c411-42a54bade545	Caçadora de Relíquias	Relic Hunter	N:\Series\Caçadora de Relíquias	Sci-Fi & Fantasy|Mistério|Action & Adventure|Drama	en	1999	Citytv|Syndication|M6
9d71b9b7-9f57-f860-041d-fabb512c65f6	Caçadoras de Recompensas	Teenage Bounty Hunters	N:\Series\Caçadoras de Recompensas	Comédia|Action & Adventure|Drama	en	2020	Netflix
ed6eb31f-c548-0cb8-83b3-c5e507b8c088	Caçadores	Hunters	N:\Series\Hunters	Crime|Drama	en	2020	Prime Video
0f41b372-149b-2637-7f5d-542c779294b3	Caçadores de Demônios	沧元图	N:\Series\Caçadores de Demônios	Animação|Action & Adventure	zh	2023	Youku
a2ea5009-5d60-c6c4-f4a3-6a2b3feb4a43	Caçadores de Dinossauros	Dino Hunters	N:\Series\Caçadores de Dinossauros	Documentário	en	2020	Discovery
8736e8f9-2ad9-e374-4381-3bd41592ef9a	Caçadores de Pítons	Guardians of the Glades	N:\Series\Caçadores de Pítons	Reality	en	2019	Discovery
76b6319f-d2cd-c2c1-3265-f95215ff8afa	Caçadores de Trolls	Trollhunters: Tales of Arcadia	N:\Series\Caçadores de Trolls	Família|Animação|Action & Adventure|Comédia|Sci-Fi & Fantasy	en	2016	Netflix
9a0e2c49-5bea-67bc-b96e-756cfb4c7a1a	Cada Minuto Conta	Cada minuto cuenta	N:\Series\Cada Minuto Conta	Drama	es	2024	Prime Video
3c7cb73b-114f-ae53-2a19-dd585a6a7d16	Café com Aroma de Mulher	Café con aroma de mujer	N:\Series\Café com Aroma de Mulher	Soap	es	2021	RCN
7fe74e8f-69a6-1802-3378-e617d4ec3b10	Café Minamdang	미남당	N:\Series\Café Minamdang	Drama|Mistério|Comédia	ko	2022	KBS2
768a25ed-89cb-9873-8e78-0e16757e7cb8	Caí Perfeitamente nos Seus Braços	NULL	N:\Series\Caí Perfeitamente nos Seus Braços		NULL	NULL	
7a9b4b85-4877-9498-8a73-c9981744da95	Cair em Tentação	Caer en tentación	N:\Series\Cair em Tentação	Drama|Soap	es	2017	Las Estrellas
bd0fb70b-81b4-7b7a-6d5d-5d7d8b55f01b	Cake Boss	Cake Boss	N:\Series\Cake Boss	Reality|Família	en	2009	TLC
2e88b9f1-7c79-8e15-cbb5-ff756602f10a	Caleidoscópio	Kaleidoscope	N:\Series\Caleidoscópio	Crime|Drama	en	2023	Netflix
97a7b906-72f3-2b85-d387-8335b289321d	Califórnia em Chamas	Cal Fire	N:\Series\Califórnia em Chamas	Reality	en	2021	Discovery
57138554-9e86-0ca2-27fd-fc9694b41bf9	Californication	Californication	N:\Series\Californication	Comédia|Drama	en	2007	Showtime
1dec9607-6470-3284-9d98-7434a1360514	Caligula	Caligula-カリギュラ-	N:\Series\Caligula	Animação|Action & Adventure|Sci-Fi & Fantasy	ja	2018	Tokyo MX
d9c5e328-90b6-0e30-7f1e-f51ec41b6cd5	Call Me Kat	Call Me Kat	N:\Series\Call Me Kat	Comédia	en	2021	FOX
e59050df-f655-96be-cebb-f78eb4753200	Cama de Gato	Cama de Gato	N:\Series\Cama de Gato	Soap|Drama	pt	2009	TV Globo
6e258101-9926-7aea-45e5-d134100375b6	Caminantes: A Trilha do Medo	Caminantes	N:\Series\Caminantes - A Trilha do Medo	Sci-Fi & Fantasy|Mistério|Action & Adventure	es	2020	Orange TV
a94a8115-9139-e137-3f28-823432e9238d	Caminho das Índias	Caminho das Índias	N:\Series\Caminho das Índias	Soap|Drama	pt	2009	TV Globo
63f625d7-1059-a919-ee67-c06bd87b28b1	Caminhos dos Orixás	Caminhos dos Orixás	N:\Series\Caminhos dos Orixás	Documentário	pt	2023	
65160edd-4a98-8e98-a568-7bef1dc7e395	Campfire Cooking in Another World with My Absurd Skill	とんでもスキルで異世界放浪メシ	N:\Series\Campfire Cooking in Another World with My Absurd Skill	Animação|Action & Adventure|Sci-Fi & Fantasy|Comédia	ja	2023	TV Tokyo|TV Aichi|TVQ|TV Osaka|TVh|TSC
f6e127f0-2c18-bbc7-2d06-66bcc6d07206	Camponês e Serpentes - A Fortuna Vira as Costas	NULL	N:\Series\Camponês e Serpentes - A Fortuna Vira as Costas		NULL	NULL	
0e24ff0a-3a9b-6cbb-5ed8-a8eb629452b6	Canadá Shore	Canada Shore	N:\Series\Canadá Shore	Reality	en	2026	Paramount+
00352c7e-3c08-c7f6-8d9b-ca49f9b28f0e	Candy: Uma História de Paixão e Crime	Candy	N:\Series\Candy - Uma História de Paixão e Crime	Drama|Crime	en	2022	Hulu
1ebf27a2-697c-aba5-d390-61a565304dc9	Cangaço Novo	Cangaço Novo	N:\Series\Cangaço Novo	Drama|Crime	pt	2023	Prime Video
be6b1348-c753-a832-35c9-05074232edcc	Cansei de Ser a Garota Boazinha	NULL	N:\Series\Cansei de Ser a Garota Boazinha		NULL	NULL	
7fa3e62a-818c-07ca-253e-690609e8ec79	Cãoventuras	Mundo Perro	N:\Series\Cãoventuras	Animação|Família|Kids|Comédia	es	2021	Nat Geo Kids
36cc19dd-8cb1-5292-30cf-410f6b92d120	Capadócia	Capadocia	N:\Series\Capadocia	Drama|Crime	es	2008	HBO Latin America
a8ed94e7-931d-db32-ec36-b1ab4a982523	Capitães do Mundo	Captains of the World	N:\Series\Capitães do Mundo	Documentário	en	2023	Netflix
d7e86a68-d8ea-2ca4-baa7-5265b056c7b7	Capitão Planeta	Captain Planet and the Planeteers	N:\Series\Capitão Planeta	Animação|Action & Adventure|Sci-Fi & Fantasy|Kids	en	1990	TBS|Syndication
d800134a-fe96-a134-0f5e-c3dd4578b6ce	Capoeiras	Capoeiras	N:\Series\Capoeiras	Action & Adventure	pt	2025	Disney+
d23088ab-ba56-04e9-6134-5dbf304348ea	Captain Tsubasa	キャプテン翼	N:\Series\Captain Tsubasa	Animação|Comédia|Drama	ja	2018	TV Tokyo|TV Aichi|TVQ|TV Osaka|TVh|TSC
d43215cd-7f25-61f5-753c-9ad44a717da9	Captain Tsubasa	キャプテン翼	N:\Series\Capitão Tsubasa	Animação|Comédia|Drama	ja	2018	TV Tokyo|TV Aichi|TVQ|TV Osaka|TVh|TSC
f2c37540-ec6f-2e29-f344-a8a0b190792d	Caras & Bocas	Caras & Bocas	N:\Series\Caras e Bocas	Soap	pt	2009	TV Globo
c0b79d30-8040-99f4-caf7-415acf6bbea5	Carcereiros	Carcereiros	N:\Series\Carcereiros	Crime|Drama	pt	2017	TV Globo|Globoplay
55c4993c-0dcc-83c0-3c6c-4bc0450c0631	Cardcaptor Sakura	カードキャプターさくら	N:\Series\Cardcaptor Sakura	Animação|Sci-Fi & Fantasy|Action & Adventure	ja	1998	NHK BS2|NHK BS Premium
1e167993-1bea-047c-7c26-b7535cd88489	Carga Pesada	Carga Pesada	N:\Series\Carga Pesada	Action & Adventure|Comédia|Drama	pt	2003	TV Globo
85a3f9c6-d395-bb25-35d7-58a69f21f19d	Carinha de Anjo	Carinha de Anjo	N:\Series\Carinha de Anjo	Kids|Família|Drama	pt	2016	SBT
7b1f0714-fd01-d68f-5d9d-95abef578dff	Caríssima	Carísima	N:\Series\Caríssima	Comédia	es	2026	Netflix
d4857090-bda1-99c4-794e-6c7facde8b65	Carlos, O Chacal	Carlos	N:\Series\Carlos O Chacal	Drama|Crime|War & Politics	fr	2010	Canal+
139fad81-d847-5e4b-3c0f-6a2fdeaca54d	Carma	악연	N:\Series\Carma	Crime|Drama	ko	2025	Netflix
94f79348-70d4-ff50-5f3a-82561b381e83	Carmen Sandiego	Carmen Sandiego	N:\Series\Carmen Sandiego	Animação|Action & Adventure|Crime|Kids	en	2019	Netflix
b230ae57-8178-f5c4-8bef-6ca5c4ecc979	Carnaval da Sabrina	Carnaval da Sabrina	N:\Series\Carnaval da Sabrina	Reality	pt	2022	GNT
105975b8-2d7b-72ff-3df3-a92af9455bf1	Carnival Row	Carnival Row	N:\Series\Carnival Row	Crime|Drama|Sci-Fi & Fantasy	en	2019	Prime Video
4fedbf9e-b912-5134-0674-3b2b318f57a5	Carnivàle	Carnivàle	N:\Series\Carnivale	Sci-Fi & Fantasy|Mistério|Drama	en	2003	HBO
ee33a390-c69c-0f98-ebf3-64ba9e779e5d	Carnivorous	Carnivorous	N:\Series\Carnivorous		en	2019	
c3c707e5-473c-603b-71c8-41a3540e2d78	Carol e o Fim do Mundo	Carol & the End of the World	N:\Series\Carol e o Fim do Mundo	Animação|Comédia|Drama|Sci-Fi & Fantasy	en	2023	Netflix
d15d529d-42cb-681a-2c25-519b22401bec	Carpa de Enfeite Evoluí até Rei Dragão!	NULL	N:\Series\Carpa de Enfeite_ Evoluí até Rei Dragão!		NULL	NULL	
3da74c86-cfd5-42c8-73b9-215b40e8ecfe	Carregando Seus Bebes Roubando Seu Coracao	Carregando Seus Bebes Roubando Seu Coracao	N:\Series\Carregando Seus Bebês, Roubando Seu Coração		pt	2025	
7ba5da07-edd0-7e06-7f4c-12418029d135	Carros na Estrada	Cars on the Road	N:\Series\Carros na Estrada	Família|Comédia|Kids|Animação|Action & Adventure	en	2022	Disney+
fdb7afba-3f5b-7eed-b1ea-2cffb79ff4dc	Carrossel	Carrossel	N:\Series\Carrossel	Drama|Comédia|Família	pt	2012	SBT
9252d634-2a84-b444-ad5c-5351e442fbbe	Cartas de Amor Não Valem Nada	NULL	N:\Series\Cartas de Amor Não Valem Nada		NULL	NULL	
fc269873-4339-dce6-2423-610e2f8ccfe1	Cartas na Manga: A Série	الخلاط+	N:\Series\Cartas na Manga - A Série	Comédia	ar	2026	Netflix
1ac0fa4b-4900-d4e9-990a-2f4d9db516bd	Casa Casulo	Casa Casulo	N:\Series\Casa Casulo	Documentário|Reality	pt	2025	
d7170591-6231-f5f8-bda4-138cbe42a52e	Casa de Davi	House of David	N:\Series\Casa de Davi	Drama	en	2025	Prime Video|Wonder Project
2a8b528c-1ce9-7c0e-e3a2-ec8f61310a78	Casa Feia Nunca Mais!	Ugliest House in America	N:\Series\Casa Feia Nunca Mais!	Reality	en	2022	HGTV
707e5081-55d1-ee89-b5db-3cd66cb70338	Casamento Acidental com Meu CEO Pobre	NULL	N:\Series\Casamento Acidental com Meu CEO Pobre		NULL	NULL	
fa192a34-7aa1-3e1b-69a7-60e7ff8b3548	Casamento às Cegas	Love Is Blind	N:\Series\Casamento às Cegas	Reality	en	2020	Netflix
d4aacca0-41ef-9e3d-f343-ee0479959c92	Casamento às Cegas: Alemanha	Love Is Blind: Germany	N:\Series\Casamento às Cegas - Alemanha	Reality	de	2025	Netflix
5d606775-c99a-ae9a-f3e3-8ff81f20d93c	Casamento às Cegas: Brasil	Casamento às Cegas: Brasil	N:\Series\Casamento às Cegas - Brasil	Reality	pt	2021	Netflix
c3bed380-5892-7ce5-052f-ce8d72809d47	Casamento às Cegas: Reino Unido	Love Is Blind: UK	N:\Series\Casamento às Cegas - Reino Unido	Reality	en	2024	Netflix
eabf9ad0-eb6c-6fc6-31af-ee7957984923	Casamento às Cegas: Suécia	Love is Blind: Sverige	N:\Series\Casamento às Cegas - Suécia	Reality	sv	2024	Netflix
21390a3f-dcd9-24e5-97c7-800397ce0d48	Casamento às Pressas - O Amor de André e Bianca	NULL	N:\Series\Casamento às Pressas - O Amor de André e Bianca		NULL	NULL	
0f67c658-5442-13ec-9c0d-36b3dc826712	Casamento Blindado - Um Contrato de Natal	NULL	N:\Series\Casamento Blindado - Um Contrato de Natal		NULL	2025	
4bf7ae62-b0ca-f5f5-add3-24b6d73fcbe6	Casamento Falso, Guerra Real	NULL	N:\Series\Casamento Falso, Guerra Real		NULL	NULL	
8c00319b-afe5-65cf-bdca-127e8c57b4b2	Casamento Forçado com Meu Chefe	NULL	N:\Series\Casamento Forçado com Meu Chefe		NULL	NULL	
09cb9b41-7ff2-d4c5-397e-8e524cdbb83f	Casamento Obrigatório? Me Viro Com Três Damas Perdidas!	万里江山入我怀	N:\Series\Casamento Obrigatório_ Me Viro com Três Damas Perdidas!		zh	2025	
87a28144-4b9a-1995-391c-a785efb273d7	Casamento Relâmpago - Mimada pelo Bilionário	NULL	N:\Series\Casamento Relâmpago - Mimada pelo Bilionário		NULL	NULL	
5feca5f8-998e-ec6c-c7d2-f24a59ea355f	Casamento Relâmpago com Esposa Legista	NULL	N:\Series\Casamento Relâmpago com Esposa Legista		NULL	NULL	
61f87038-15b4-5ef5-b86e-82129634a1f0	Casamento Roubado - Virei Esposa do Magnata no Campo	NULL	N:\Series\Casamento Roubado - Virei Esposa do Magnata no Campo		NULL	NULL	
8b4a5718-894a-abcc-d8eb-b86c58791abb	Casamento Secreto com a Doce Esposa da Sorte	NULL	N:\Series\Casamento Secreto com a Doce Esposa da Sorte		NULL	NULL	
cea4abc9-d0af-c6b6-72e0-457c47c0e813	Casão: Num Jogo Sem Regras	Casão: Num Jogo Sem Regras	N:\Series\Casão - Num Jogo Sem Regras	Documentário	pt	2022	Globoplay
005185c6-ed25-29ba-2c8c-ac74a741c5c7	Casar com um Assassino?	Should I Marry a Murderer?	N:\Series\Casar com um Assassino_	Documentário|Crime	en	2026	Netflix
09226718-3ff9-3098-71f9-a784068ca121	Casas Exóticas	NULL	N:\Series\Casas Exóticas		NULL	NULL	
0fc15c34-4333-9ede-2db6-ccb83e3c209a	Casas Muito Loucas	Zillow Gone Wild	N:\Series\Casas Muito Loucas	Reality	en	2024	HGTV
7e9d3dd3-ad0d-46d6-acfc-3344f7b03437	Casei para Fugir e Acabei Sofrendo Mais	NULL	N:\Series\Casei para Fugir e Acabei Sofrendo Mais		NULL	NULL	
54e4d023-8035-2dbe-f62d-32ef6af932cc	Casei-me com o Mafioso que Salvei	NULL	N:\Series\Casei-me com o Mafioso que Salvei		NULL	NULL	
3d012149-0e6f-8863-7caa-326adc484b67	Casey Anthony: Where the Truth Lies	Casey Anthony: Where the Truth Lies	N:\Series\Casey Anthony - Where the Truth Lies	Documentário|Crime	en	2022	Peacock
0f2bd5ff-7e16-1d58-a33f-120096eb3d24	Cashero	캐셔로	N:\Series\Cashero	Action & Adventure|Drama	ko	2025	Netflix
c085acb2-20e0-fff4-ceb3-2c6c23c3426a	Caso Arquivado: Os Assassinatos do Tylenol	Cold Case: The Tylenol Murders	N:\Series\Caso Arquivado - Os Assassinatos do Tylenol	Documentário|Crime	en	2025	Netflix
d12fe43d-18c1-4fa1-0376-2aef666ec6b1	Caso Arquivado: Quem Matou JonBenét Ramsey?	Cold Case: Who Killed JonBenét Ramsey	N:\Series\Caso Arquivado - Quem Matou JonBenét Ramsey_	Documentário|Mistério|Crime	en	2024	Netflix
fc52db6a-1aba-a694-129e-b49a2909d396	Caso de Polícia	The Good Cop	N:\Series\Caso de Polícia	Comédia|Drama	en	2018	Netflix
f390f1d1-bc92-0b9f-18d3-b2363389f75c	Caso Jean Charles: Um Brasileiro Morto por Engano	Suspect: The Shooting of Jean Charles De Menezes	N:\Series\Caso Jean Charles - Um Brasileiro Morto por Engano	Drama	en	2025	Disney+
3c861fc2-f07e-edca-a018-7048005ae4a1	Caso O.J. Simpson: A Prova Esquecida	Is O.J. Innocent? The Missing Evidence	N:\Series\Caso O.J. Simpson - A Prova Esquecida	Crime|Documentário	en	2017	Investigation Discovery
c0d3e73d-38de-b373-cbb2-d75ba81c7dfc	Casos Arquivados: Mortes no Velho Oeste	Cold Case Files: Dead West	N:\Series\Casos Arquivados - Mortes no Velho Oeste	Crime|Documentário	en	2025	A&E
b5e2343e-7349-cfca-89f4-d5c8461402a4	Casos Chocantes da História	History's Most Shocking	N:\Series\Casos Chocantes da História	Reality|Documentário	en	2025	History
af5c5943-246b-7403-df68-afd5a904c42d	Cassandra	Cassandra	N:\Series\Cassandra	Sci-Fi & Fantasy	de	2025	Netflix
a31f6663-3ad5-57ec-3fba-4a8f8137514e	Castle	Castle	N:\Series\Castle	Drama|Crime	en	2009	ABC
e69bb832-56c1-dad9-e371-b0a918053167	Castle Rock	Castle Rock	N:\Series\Castle Rock	Mistério|Drama	en	2018	Hulu
d2ca3445-86c1-8a7a-a795-63db32b52dc8	Castlevania	Castlevania	N:\Series\Castlevania	Animação|Sci-Fi & Fantasy|Drama	en	2017	Netflix
96899c8e-07b0-1db5-8617-7fa87e911679	Castlevania: Noturno	Castlevania: Nocturne	N:\Series\Castlevania - Noturno	Animação|Sci-Fi & Fantasy|Drama	en	2023	Netflix
7a67955d-8192-f14c-5b5d-fb0823bf69f3	Cat's Eye	キャッツ♥アイ	N:\Series\Cat's Eye (2025)	Animação|Action & Adventure|Comédia|Drama|Mistério|Crime	ja	1983	Nippon TV
4c2adea5-8423-6922-f5a1-fc8c44628405	Cat's Eyes	Cat's Eyes	N:\Series\Cat's Eyes	Action & Adventure|Comédia	fr	2024	TF1
f9d20369-b046-1be1-ddcf-51eb13554d11	Catarina, A Grande	Catherine the Great	N:\Series\Catherine the Great	Drama|War & Politics	en	2019	Sky Atlantic
759a9572-08bf-6dac-597e-2ebf5fc04f2b	Catch and Kill: The Podcast Tapes	Catch and Kill: The Podcast Tapes	N:\Series\Catch and Kill - The Podcast Tapes	Documentário|Drama	en	2021	HBO
e2c6487e-703b-fd69-f1f2-067a4beeb882	CatDog	CatDog	N:\Series\CatDog	Animação|Comédia|Kids	en	1998	Nickelodeon
9c376d62-b8fd-fe4d-768e-e2f27cbc6a99	Catfish	Catfish: The TV Show	N:\Series\Catfish Brasil	Reality|Drama	en	2012	MTV
4b479914-1c6e-4a09-6ad0-1f372aba4c03	Catfish - EUA	NULL	N:\Series\Catfish - EUA		NULL	NULL	
12962e59-32bd-8241-63a0-928e99fc8fcb	Cavaleiro da Lua	Moon Knight	N:\Series\Cavaleiro da Lua	Sci-Fi & Fantasy|Mistério|Action & Adventure	en	2022	Disney+
84917ddb-20f5-a86d-7dfe-9119d2267696	Caverna do Dragão	Dungeons & Dragons	N:\Series\Caverna do Dragão	Animação|Sci-Fi & Fantasy|Comédia|Action & Adventure|Kids	en	1983	CBS
157d22e5-ba16-5fcf-3fec-84ef69c7a99f	Cazuza Além da Música	Cazuza Além da Música	N:\Series\Cazuza Além da Música	Documentário	pt	2025	Globoplay
08441ea1-14d3-93a1-0002-c49cf5895b32	Cecilia	Cecilia	N:\Series\Cecilia	Drama|Comédia	es	2021	Paramount+
56dae88a-87a3-74c5-f68f-949926ce4b9d	Cela 211	Celda 211	N:\Series\Cela 211	Drama|Crime	es	2025	Netflix
cfbe5fa7-94d0-379b-b187-e684474e8bc3	Celebridade	Celebridade	N:\Series\Celebridade	Soap|Drama|Comédia	pt	2003	TV Globo
a2c87d56-913f-af61-6247-330bbf8d2d4c	Celebridades à Prova de Tudo	Running Wild with Bear Grylls	N:\Series\Celebridades à Prova de Tudo	Action & Adventure|Reality	en	2014	NBC|National Geographic
9cac9580-a7d2-c573-83f4-3ba05b2f3471	Celebridades à Prova de Tudo: O Desafio	Running Wild with Bear Grylls: The Challenge	N:\Series\Celebridades à Prova de Tudo - O Desafio	Reality|Action & Adventure	en	2022	National Geographic
c6771e1f-d5fb-e9e5-226c-eb96e8d85c58	Celebrity Masterchef	Celebrity Masterchef	N:\Series\Masterchef	Reality	en	2006	BBC One
fbff63de-06fa-a0f6-5f1d-3996fafaac3b	Celebrity Masterchef	Celebrity Masterchef	N:\Series\MasterChef+ Brasil	Reality	en	2006	BBC One
48ee411d-ffc8-2a28-2742-fb717d851c2f	Cells at Work!	はたらく細胞	N:\Series\Hataraku Saibou	Animação|Action & Adventure|Comédia	ja	2018	Gunma TV|Tokyo MX|BS11|Tochigi TV
249b4b2a-c140-9e16-2d82-282d9a95c102	Cem Anos de Solidão	Cien años de soledad	N:\Series\Cem Anos de Solidão	Drama|Sci-Fi & Fantasy	es	2024	Netflix
93ed6418-86d4-24a9-77bf-1bd8104ba421	Cemitério	Mezarlık	N:\Series\Cemitério	Crime|Drama|Mistério	tr	2022	Netflix
2fbf9ef9-8912-60aa-20a2-cb71ff7a03a2	Cena do Crime: Mistério e Morte no Hotel Cecil	Crime Scene: The Vanishing at the Cecil Hotel	N:\Series\Cena do Crime - Mistério e Morte no Hotel Cecil	Documentário|Crime|Mistério	en	2021	Netflix
edebe19f-4cb2-cf38-2957-41024fc8076e	Cenas de um Casamento	Scenes from a Marriage	N:\Series\Cenas de um Casamento	Drama	en	2021	HBO
a3bb172c-b6d9-0732-6a6e-eaf76f2ad011	Cenas de um Crime	Cenas de um Crime	N:\Series\Cenas de um Crime (2025)	Drama|Crime	pt	2025	HBO Max
ebc21639-dc02-7abb-a99e-341fcebf38b6	Central Park	Central Park	N:\Series\Central Park	Animação|Comédia	en	2020	Apple TV
ba3433a2-86ee-e75d-e264-0f1d21156139	Ceo Quer Meu Pequeno Rascal	Ceo Quer Meu Pequeno Rascal	N:\Series\CEO Quer Meu Pequeno Rascal		pt	2025	
a177ec44-071a-3097-24d3-c024e691cc83	Cesar Millan: Melhores Humanos, Melhores Cachorros	Cesar Millan: Better Human, Better Dog	N:\Series\Cesar Millan - Melhores Humanos, Melhores Cachorros	Reality	en	2021	National Geographic
d25d1159-3663-894e-b097-e013745e385e	Ceú: Um Ano no Inferno	Niebo	N:\Series\Céu - Um Ano no Inferno (LEG)	Drama|Mistério	pl	2025	HBO Max
229fde0c-b329-9de7-4725-47fcedeb0598	Chad Powers: O Quarterback	Chad Powers	N:\Series\Chad	Comédia	en	2025	Hulu
8581293f-822c-5201-e951-da0d67993866	Chad Powers: O Quarterback	Chad Powers	N:\Series\Chad Powers - O Quarterback	Comédia	en	2025	Hulu
0672d398-9d09-b363-d435-92227d81b5ae	Chainsaw Man	チェンソーマン	N:\Series\Chainsaw Man	Animação|Action & Adventure|Sci-Fi & Fantasy	ja	2022	TV Tokyo|TV Aichi|TVQ|TV Osaka|TVh|TSC
08acc7cc-5d7c-f43d-1d5d-cd2e48019f1f	Chainsmoker Cat	ヤニねこ	N:\Series\Chainsmoker Cat	Animação|Comédia|Sci-Fi & Fantasy	ja	2026	Tokyo MX
3fded89c-29d4-3706-cfa2-b1650d1c2ef0	Chamas do Destino	Alev Alev	N:\Series\Chamas do Destino	Drama	tr	2020	Show TV
e5437449-38b3-0f9b-ee15-e977698f534a	Chambers	Chambers	N:\Series\Chambers	Mistério|Drama	en	2019	Netflix
e2591b46-eb46-bc2e-0fef-8a3078d4d26b	Chame a Parteira	Call the Midwife	N:\Series\Chame a Parteira	Drama	en	2012	BBC One
8a86c34d-cb67-b87e-9b5e-6c96e00ff5b2	Champion	Champion	N:\Series\Champion	Drama	en	2023	BBC One
d97bd5bd-17f6-cf15-1280-297f3a9bb758	Channel Zero	Channel Zero	N:\Series\Channel Zero	Drama	en	2016	Syfy
73ab8e6b-5609-fb3d-6fd3-ef441a381afe	Chapa Quente	Chapa Quente	N:\Series\Chapa Quente	Comédia	pt	2015	TV Globo
87c64a77-1718-5f27-fe18-fb51cd97975f	Chapolin Colorado	El Chapulín Colorado	N:\Series\Chapolin Colorado	Comédia|Família	es	1973	Las Estrellas
51ec4998-efea-955b-4340-495ede1bfb76	Charlie Brown - Os Viajantes Mayflower	NULL	N:\Series\Charlie Brown - Os Viajantes Mayflower		NULL	NULL	
bfc4c969-2efa-97ea-be79-f427e68a7029	Charlotte	シャーロット	N:\Series\Charlotte	Animação|Drama|Sci-Fi & Fantasy	ja	2015	Tokyo MX
f19a8885-425e-314b-fa8b-6ee2a167eb1d	Charmed: Jovens Bruxas	Charmed	N:\Series\Charmed - Jovens Bruxas	Comédia|Drama|Mistério|Sci-Fi & Fantasy	en	1998	The WB
fef8aeb0-f0a0-e0ed-d385-17180637dfa3	Charmed: Nova Geração	Charmed	N:\Series\Charmed - Nova Geração	Drama|Sci-Fi & Fantasy	en	2018	The CW
5a136997-5442-d45e-c2c6-76660fb9c9cf	Chaves	El Chavo del Ocho	N:\Series\Chaves	Comédia|Família|Drama	es	1973	Las Estrellas
6d83fcfa-1730-c045-d1d5-08a0fbd23242	Chaves Em Desenho Animado	El Chavo Animado	N:\Series\Chaves Em Desenho Animado	Animação|Comédia|Kids|Família	es	2006	Canal 5
d68fec0c-a40d-19d2-0040-6578fb1911e0	Cheer Up, Mr. Kim!	힘내요, 미스터 김!	N:\Series\Cheer Up	Comédia|Família|Drama	ko	2012	KBS1
d6893537-9ee5-ae6f-7e4f-312132f49005	Chef de Alto Nível	Chef de Alto Nível	N:\Series\Chef de Alto Nível	Reality	pt	2025	TV Globo
6c70f949-e2f1-afa0-8417-a382c3369e97	Chefão não! Agora só quero estudar	NULL	N:\Series\Chefão não! Agora só quero estudar		NULL	NULL	
7842329b-05e2-6b99-0e48-52da6995eed5	Chefe de Guerra	Chief of War	N:\Series\Chefe de Guerra	Drama	en	2025	Apple TV
7090bb81-e9d1-5d1b-34d8-7d1ab44f1807	Chefe em Onda	NULL	N:\Series\Chefe em Onda		NULL	NULL	
9bb67032-7e47-0dde-02d2-5aacfaae5c6c	Chefe Kim	김과장	N:\Series\Chief Kim	Comédia|Drama	ko	2017	KBS2
740b010f-c7c3-4259-1950-3251d6458854	Chefe, Ela Disse Não de Novo!	NULL	N:\Series\Chefe, Ela Disse Não de Novo!		NULL	NULL	
4a01cda5-9741-4b8f-e33d-83c4541a500e	Cheias de Charme	Cheias de Charme	N:\Series\Cheias de Charme	Soap|Comédia	pt	2012	TV Globo
35aa2b2a-b221-b40a-0c27-135579f8d60f	Chernobyl	Chernobyl	N:\Series\Chernobyl	Drama	en	2019	HBO
fb731d11-f81b-d1a3-0858-22f19dcdea95	Chesapeake Shores	Chesapeake Shores	N:\Series\Chesapeake Shores	Drama	en	2016	Hallmark Channel
be0064c1-7485-39fa-7bcd-ea35d69b2e57	Chespirito: Sem Querer Querendo	Chespirito: Sin querer queriendo	N:\Series\Chespirito - Sem Querer Querendo	Drama|Comédia	es	2025	Max|HBO Max
a3effff7-83ad-23c8-79f8-ba931f4f4576	Chicago Fire: Heróis Contra o Fogo	Chicago Fire	N:\Series\Chicago Fire	Drama	en	2012	NBC
4a11fa53-a8ec-4801-9758-9254cdaf7191	Chicago Med: Atendimento de Emergência	Chicago Med	N:\Series\Chicago Med	Drama	en	2015	NBC
ac15252d-772b-b279-f58d-e5e7ca5758e8	Chicago P.D.: Distrito 21	Chicago P.D.	N:\Series\Chicago P.D	Crime|Drama	en	2014	NBC
104f0b89-5008-0864-91a3-74a8857bd892	Chicken Nugget	닭강정	N:\Series\Chicken Nugget	Comédia|Mistério|Sci-Fi & Fantasy	ko	2024	Netflix
4e58cdb8-fd74-c452-4f80-46943c673650	Chico Anysio: Um Homem à Procura de Um Personagem	Chico Anysio: Um Homem à Procura de Um Personagem	N:\Series\Chico Anysio - Um Homem à Procura de Um Personagem	Documentário	pt	2025	Globoplay
49277f64-b44f-7589-099c-c8506f2fa404	Chico Xavier: A Série	Chico Xavier: A Série	N:\Series\Chico Xavier - A Série	Documentário	pt	2023	Star+
dda83869-64f1-138b-7b2c-7fa78d672861	Chip e Potato	Chip and Potato	N:\Series\Chip e Potato	Kids|Animação	en	2018	Netflix|Family Jr.
9245e401-ad3d-aef5-ae79-2d18d320f1d9	Chiquinha Gonzaga	Chiquinha Gonzaga	N:\Series\Chiquinha Gonzaga	Drama	pt	1999	TV Globo
c6f5c917-0b2c-e127-4fab-884d3e21e163	Chiquititas	Chiquititas	N:\Series\Chiquititas (1997)	Família|Kids|Soap	es	1995	Telefe
8a5687f4-3b11-47fe-bb0a-82cfc08d1e5a	Chitãozinho & Xororó - Uma História de Sucesso	Chitãozinho & Xororó - Uma História de Sucesso	N:\Series\Chitãozinho e Xororó - Uma História de Sucesso	Documentário	pt	2024	Globoplay
7f33270d-a344-2e89-b804-4e59d479bd6e	Chloe vs History	Chloe vs History	N:\Series\Chloe	Documentário|Comédia|Família	en	2026	
0689966b-4edf-b0ec-1a79-cf9ccec89641	Chocolate com Pimenta	Chocolate com Pimenta	N:\Series\Chocolate com Pimenta	Soap|Comédia|Drama	pt	2003	TV Globo
96804e27-8385-9111-26c2-fac486bb4b12	Chocolate com Pimenta	Chocolate com Pimenta	N:\Series\Chocolate	Soap|Comédia|Drama	pt	2003	TV Globo
fe2891ef-3a7d-9248-d7fa-675a89073644	Chopped: Nova Geração	Chopped Next Gen	N:\Series\Chopped - Nova Geração	Reality|Família	en	2021	discovery+
f31debc1-a537-a4b2-bb35-d8c995439943	Choque de Cultura Show	Choque de Cultura Show	N:\Series\Choque de Cultura Show		pt	2016	
ee4abd93-a1c2-c4e8-5b0e-797acdf55ff4	Choque de Cultura: A Série	Choque de Cultura: A Série	N:\Series\Choque de Cultura - A Série	Comédia	pt	2025	Canal Brasil|Globoplay
a912e3bb-a397-e2de-05a6-15193b0d4624	Chowder	Chowder	N:\Series\Chowder	Animação|Comédia|Kids	en	2007	Cartoon Network
25056d4f-c958-ea78-a13d-56cf4746159a	Christina Reforma	Christina on the Coast	N:\Series\Christina Reforma	Reality	en	2019	HGTV
a1b62491-b018-0ee3-05c5-bdc544ada14d	Chuck	Chuck	N:\Series\Chuck	Action & Adventure|Comédia|Drama	en	2007	NBC
3a259611-8b34-afc8-7d10-bf233c6eaf33	Chucky	Chucky	N:\Series\Chucky	Crime|Comédia|Mistério	en	2021	USA Network|Syfy
520512ef-d757-2f2c-0a1b-9d980096517f	Churrasqueiros do Texas	Grill of Victory	N:\Series\Churrasqueiros do Texas		en	2021	Food Network
bf8c78c6-b049-04b8-39d3-86c0a64c04d2	Chuva Negra	Chuva Negra	N:\Series\Chuva Negra	Drama|Mistério	pt	2023	Canal Brasil
bffd368a-36ab-b39f-5270-e06f62f82ed1	CIA	CIA	N:\Series\CIA	Crime|Drama	en	2026	CBS
974c0b56-9170-ac54-917c-fdceb914490b	Ciao House: A Competição	Ciao House	N:\Series\Ciao House - A Competição	Reality	en	2023	Food Network
5262b306-eb4f-ac17-6029-b1d7e3062acb	Cicatrizes da Traição	NULL	N:\Series\Cicatrizes da Traição		NULL	NULL	
c30bdecd-120c-9d3a-6d4c-b89f73189540	Cicatrizes que Você Deixou em Mim	NULL	N:\Series\Cicatrizes que Você Deixou em Mim		NULL	NULL	
16bbdf42-17e3-be17-7cc2-2dca3c95997c	Cida de Cheias de Charme	Cida de Cheias de Charme	N:\Series\Cida de Cheias de Charme		pt	2026	Globoplay
5eeb4109-2ff0-18a4-4ffa-f38c45d48d07	Cidade das Esmeraldas	Emerald City	N:\Series\Cidade das Esmeraldas	Sci-Fi & Fantasy|Drama|Action & Adventure	en	2017	NBC
469b104c-f77f-e1da-9573-3df5d7a4d37f	Cidade das Estrelas	Star City	N:\Series\Cidade das Estrelas	Drama|Sci-Fi & Fantasy|War & Politics	en	2026	Apple TV
51dff900-2bb5-f97e-c51f-4317b2d4ee72	Cidade de Deus: A Luta Não Para	Cidade de Deus: A Luta Não Para	N:\Series\Cidade de Deus - A Luta Não Para	Drama|Crime	pt	2024	HBO Brasil|HBO Latino
6aa84332-a341-9155-328c-c904048bb0d9	Cidade de Sangue	City of Blood	N:\Series\Cidade de Sangue	Mistério	de	2026	Disney+
7ced6230-e525-67b0-d95a-710c70feb70b	Cidade dos Mortos	Эпидемия	N:\Series\Cidade dos Mortos	Sci-Fi & Fantasy|Drama|Action & Adventure	ru	2019	Premier
fbb699ac-49c4-3943-8a74-a83271985535	Cidade em Chamas	City on Fire	N:\Series\Cidade em Chamas	Drama|Mistério	en	2023	Apple TV
b4523418-607e-3b14-7734-3747c3943f02	Cidade Em Uma Colina	City on a Hill	N:\Series\City on a Hill	Crime|Drama	en	2019	Showtime
ad3426ef-26f9-fbe2-972b-ce302821288d	Cidade Invisível	Cidade Invisível	N:\Series\Cidade Invisível	Mistério|Drama|Sci-Fi & Fantasy	pt	2021	Netflix
839b0bbf-f2b4-83c4-7147-155968cd3de8	Cidade Pacata, Crime Cruel	Murder in the Heartland	N:\Series\Cidade Pacata Crime Cruel	Crime|Documentário	en	2017	Investigation Discovery
b809b45c-7ae8-d238-8f58-2c33d5284024	Cidade Proibida	Cidade Proibida	N:\Series\Cidade Proibida	Drama|Crime	pt	2017	TV Globo
80f884e7-036f-e016-e333-5e88abd2facd	Cidade Secreta	Secret City	N:\Series\Cidade Secreta	Drama|War & Politics	en	2016	showcase|FOX Showcase
3d9e3ad9-174d-794d-cd6e-6d9ef423b15e	Cidade Tóxica	Toxic Town	N:\Series\Cidade Tóxica	Drama	en	2025	Netflix
0f6cc741-a87b-27d7-783d-5e9c85423433	Cinco Dias no Hospital Memorial	Five Days at Memorial	N:\Series\Cinco Dias no Hospital Memorial	Drama	en	2022	Apple TV
76289650-ddf1-2590-7fec-7c844ccc7671	Cine Holliúdy: A Série	Cine Holliúdy: A Série	N:\Series\Cine Holliúdy - A Série	Comédia|Action & Adventure	pt	2019	TV Globo
4e2af217-b78c-56be-6866-b941c03537a2	Ciranda de Pedra	Ciranda de Pedra	N:\Series\Ciranda de Pedra	Soap|Drama	pt	1981	TV Globo
88a775ba-c426-34ac-c727-ed94a948cb89	Círculo de Fogo: The Black	Pacific Rim: The Black	N:\Series\Círculo de Fogo - The Black	Sci-Fi & Fantasy|Animação|Action & Adventure	en	2021	Netflix
140c50a5-436d-cd56-c4d8-b9c5f162751e	Cirurgias e Artimanhas	The Artful Dodger	N:\Series\Cirurgias e Artimanhas	Drama|Crime|Action & Adventure	en	2023	Disney+
c748e4a6-9d08-116f-7707-613b88317019	Citadel	Citadel	N:\Series\Citadel	Drama|Crime|Action & Adventure	en	2023	Prime Video
dc418ea2-e9a9-a019-2c3d-43f97e0858b1	Citadel Honey Bunny	Citadel Honey Bunny	N:\Series\Citadel Honey Bunny	Action & Adventure|Drama|Sci-Fi & Fantasy	en	2024	Prime Video
fcd31e84-3c99-7fa8-01bb-d1a70cdbc91f	Clarêncio, O Otimista	Clarence	N:\Series\Clarêncio, O Otimista	Animação|Comédia	en	2014	Cartoon Network
383e1f8c-a7e3-ad9c-dbbe-1aced239bc9d	Clarissa Sabe Tudo	Clarissa Explains It All	N:\Series\Clarissa Sabe Tudo	Comédia|Kids|Família	en	1991	Nickelodeon
0d1dae72-8de4-7dde-dc41-aa51c163f561	Classe dos Heróis Fracos	약한영웅	N:\Series\Classe dos Heróis Fracos	Action & Adventure|Drama	ko	2022	Netflix|wavve
47fd4727-4712-edb5-d0ba-b7a18f4ca43d	Clássico Americano	American Classic	N:\Series\Clássico Americano	Comédia	en	2026	MGM+
a4625a90-2f33-3c60-548b-22289b9f2c95	Classroom of the Elite	ようこそ実力至上主義の教室へ	N:\Series\Classroom of the Elite	Animação|Drama|Mistério	ja	2017	AT-X
d18a67d4-9c95-c6b8-3768-2cdb82e4cc24	Claws	Claws	N:\Series\Claws	Comédia|Drama	en	2017	TNT
3f6ad861-9e6e-f7ea-19c4-ae4faa96568c	Claymore	クレイモア	N:\Series\Claymore	Action & Adventure|Animação|Drama|Sci-Fi & Fantasy	ja	2007	Nippon TV
0dd5696d-a740-e59d-90f9-dc26fe11e6fa	Clevatess	クレバテス-魔獣の王と赤子と屍の勇者	N:\Series\Clevatess	Animação|Action & Adventure|Sci-Fi & Fantasy	ja	2025	AT-X
1e0dc948-94ed-4da6-de3a-fd7eb7198284	Clima do Amor	기상청 사람들: 사내연애 잔혹사 편	N:\Series\Clima do Amor	Drama|Comédia	ko	2022	JTBC
59ed3ee7-267a-b2d7-b836-7ab7f5cdd1bc	Clube Spelunca	Clube Spelunca	N:\Series\Clube Spelunca		pt	2025	
ea921f4b-4d5c-1c7c-924f-67c628283457	Clube Winx: A Magia está de volta	Winx Club: The Magic Is Back	N:\Series\Clube Winx - A Magia está de volta	Animação|Kids|Action & Adventure|Comédia|Sci-Fi & Fantasy	it	2025	Rai 2
0521da82-08e8-7681-2f41-1b7455d6c084	Cobra Kai	Cobra Kai	N:\Series\COBRA	Action & Adventure|Drama|Comédia	en	2018	Netflix|YouTube Premium
e4c0383f-f11f-0125-7322-8c8e394d20b1	Cobra Kai	Cobra Kai	N:\Series\Cobra Kai	Action & Adventure|Drama|Comédia	en	2018	Netflix|YouTube Premium
022849b4-03cd-f5dc-0cf4-4f468a20e953	Cobras & Lagartos	Cobras & Lagartos	N:\Series\Cobras e Lagartos	Soap|Comédia|Drama	pt	2006	TV Globo
7eb38776-9e09-70cf-6ae7-524e2ce69edb	Cobras e Escadas	Serpientes y escaleras	N:\Series\Cobras e Escadas	Comédia|Drama	es	2025	Netflix
de07a903-eb89-1f4c-444d-30410ab8c4bd	Cocaine Cowboys: The Kings of Miami	Cocaine Cowboys: The Kings of Miami	N:\Series\Cocaine Cowboys - The Kings of Miami	Documentário	en	2021	Netflix
23adf176-88d8-fff5-2632-bf45045de401	Cocoricó	Cocoricó	N:\Series\Cocoricó	Kids	pt	1996	TV Cultura
2a0ed7d6-adca-f9e4-9e46-d52f928a5cc9	Code 404	Code 404	N:\Series\Code 404	Sci-Fi & Fantasy|Comédia|Crime	en	2020	Sky One|Sky Comedy
2fb04ee6-7666-7b5b-ac0e-ede9af731ea6	Code Geass	コードギアス 反逆のルルーシュ	N:\Series\Code Geass	Animação|Sci-Fi & Fantasy|Action & Adventure|Drama	ja	2006	MBS
b9c6a52d-01bc-e972-9c21-1dd87d95921f	Codex 632	Codex 632	N:\Series\Codex 632	Drama	pt	2023	RTP1
53bd7fef-a736-1eb7-ae1d-e6c0cdb6e706	Coiote, Herói e Fera	Cóyotl, héroe y bestia	N:\Series\Coiote, Herói e Fera	Action & Adventure|Sci-Fi & Fantasy|Drama	es	2025	Max
e7951685-af7c-124b-cf9c-b14b41e92ec3	Coisa Mais Linda	Coisa Mais Linda	N:\Series\Coisa Mais Linda	Drama	pt	2019	Netflix
b7b30509-2451-9468-3be2-a1f22108373c	Colapso	Quebranto	N:\Series\Colapso	Drama|Crime	es	2025	Disney+
efe36f76-557d-6086-a0e3-4ca29b39b01a	Colin em Preto e Branco	Colin in Black and White	N:\Series\Colin em Preto e Branco	Drama	en	2021	Netflix
269ab198-c490-cc20-945b-aefbea0f396d	Colisão	Colisión	N:\Series\Colisão	Drama|Soap	es	2026	HBO Max
c0adfc68-2aaa-4ae3-4172-04c4635ea4f2	Colônia	Colônia	N:\Series\Colônia	Drama	pt	2021	Canal Brasil
0509e238-1e8f-86b2-3ce9-c63cd247cb39	Colony	Colony	N:\Series\Colony	Sci-Fi & Fantasy|Drama	en	2016	USA Network
45225b23-4140-1840-e34f-c7e87acd0bf0	Com Amor, Meghan	With Love, Meghan	N:\Series\Com Amor, Meghan	Reality	en	2025	Netflix
adbfd33a-2109-17b3-dbc5-11ead4aea6d2	Com Carinho, Kitty	XO, Kitty	N:\Series\Com Carinho, Kitty	Comédia|Drama	en	2023	Netflix
2b11f928-00ec-90eb-9e18-181ce1186b9f	Com Visão de Raio-X, Nada Fica Escondido	NULL	N:\Series\Com Visão de Raio-X, Nada Fica Escondido		NULL	NULL	
3ca88eee-6405-5e67-2449-e02503e0d175	Combatants Will Be Dispatched!	戦闘員、派遣します！	N:\Series\Combatants Will Be Dispatched	Animação|Comédia|Action & Adventure|Sci-Fi & Fantasy	ja	2021	AT-X
307687ec-6d4b-0d66-aa88-9671a9d2d4b8	Community	Community	N:\Series\Community	Comédia	en	2009	NBC|Yahoo! Screen
8d969b3a-d560-8269-86b0-1053d099fa24	Como Acabar com o Amor	How to Ruin Love	N:\Series\Como Acabar com o Amor	Comédia	st	2024	Netflix
47faf43c-36f9-63f6-feac-8a91d01de261	Como Conquistar um Raposa Prateada	Como Conquistar um Raposa Prateada	N:\Series\Como Conquistar um Raposa Prateada		pt	2025	
67554a28-197c-847f-a467-122c2d8ce5d3	Como Defender um Assassino	How to Get Away with Murder	N:\Series\How To Get Away With Murder	Crime|Drama|Mistério	en	2014	ABC
f7ada597-7837-12d0-1dca-cb5615dcbda6	Como dice el dicho	Como dice el dicho	N:\Series\Como Se Tornar um Tirano	Comédia|Drama	es	2011	Las Estrellas
0be227ee-f9d7-1199-2a54-27e29d3c5871	Como Eu Conheci Sua Mãe	How I Met Your Mother	N:\Series\How I Met Your Mother	Comédia	en	2005	CBS
f65dc622-e87e-40e0-ba45-084368a0cc3e	Como Ganhar na Loteria	Me late que sí	N:\Series\Como Ganhar na Loteria	Drama|Comédia	es	2025	Netflix
7c5c7f73-0b37-bac8-6254-8a58371845a7	Como Largar um Astro do Hóquei	NULL	N:\Series\Como Largar um Astro do Hóquei		NULL	NULL	
1e35092e-4c0b-8d10-1cf9-f4df3f8afb28	Como Raeliana Foi Parar na Mansão do Duque	彼女が公爵邸に行った理由	N:\Series\Como Raeliana Foi Parar na Mansão do Duque	Animação|Comédia|Mistério|Sci-Fi & Fantasy	ja	2023	AT-X
57944ac0-4acc-9d6a-7de9-d7c4841a4838	Como Sobreviver Quando Seus Companheiros Fera Querem Te Matar	NULL	N:\Series\Como Sobreviver Quando Seus Companheiros Fera Querem Te Matar		NULL	NULL	
ac206b5e-9ff0-5158-8908-50a68d530851	Como um Relâmpago	Death by Lightning	N:\Series\Como um Relâmpago	Drama|Crime	en	2025	Netflix
4a210d64-23d9-b7d7-cd01-79d4cac51c7b	Como Vencer na América	How to Make It in America	N:\Series\Como Vencer na América	Drama|Comédia	en	2010	HBO
9ee567f0-016d-350e-87e8-93130437891c	Como vender drogas online (rápido)	How to Sell Drugs Online (Fast)	N:\Series\Como Vender Drogas Online (Rápido)	Drama|Comédia|Crime	de	2019	Netflix
e8e9951b-a2e0-d1bf-aa41-f9d0e1bbbc22	Como Você Pôde!?	成何体统	N:\Series\Como Você Pôde!_	Drama|Mistério|Comédia	zh	2026	iQiyi
816d75b6-cb2f-473e-92af-7f8b6fa01f3e	Compulsion	Compulsion	N:\Series\Compulsion	Crime|Drama	en	2022	5
b51b8c62-4d60-7d41-d1b3-fd03b32de605	Confissões de Assassinos: Verdades Perturbadoras	Killer Confessions: Case Files of a Texas Ranger	N:\Series\Confissões de Assassinos - Verdades Perturbadoras	Crime|Documentário	en	2026	Investigation Discovery
a2c15bd1-f963-cc72-26de-15268aff7c98	Confrontando um Serial Killer	Confronting a Serial Killer	N:\Series\Confrontando um Serial Killer	Documentário|Crime	en	2021	STARZ
400ad2b9-e833-a094-54b0-fe2563bd0533	Confusões de Leslie	Parks and Recreation	N:\Series\Parks and Recreation	Comédia	en	2009	NBC
cdd7ff2d-b3ed-e1cc-2200-734d8de46ea8	CONMEBOL Libertadores 2026: A Glória Eterna	CONMEBOL Libertadores 2026: A Glória Eterna	N:\Series\CONMEBOL Libertadores 2026 - A Glória Eterna		pt	2026	
acaa0a97-c457-7000-9060-f65c1bbd9885	Constantine	Constantine	N:\Series\Constantine	Action & Adventure|Drama|Sci-Fi & Fantasy	en	2014	NBC
9ce90e3f-1dce-f5bc-eabd-5ca04a1757b5	Construções no Alasca	Building Alaska	N:\Series\Construindo no Alaska	Documentário|Drama|Reality	en	2012	DIY Network
aa180994-cb2c-e019-cb91-b8af9db9af72	Consumidas pelo Fogo	御手洗家、炎上する	N:\Series\Consumidas pelo Fogo	Drama|Mistério	ja	2023	Netflix
7f780431-617a-1400-c1aa-beaf81de7c4c	Contagem Regressiva	Countdown	N:\Series\Contagem Regressiva (2018)	Crime|Mistério	en	2025	Prime Video
74d91548-d7cb-f0be-c3f9-e9c0fee84c78	Control Z	Control Z	N:\Series\Control Z	Drama	es	2020	Netflix
c0baf3e1-e2d7-dbe3-9258-1bb28040ea08	Conversando com um Serial Killer: O Canibal de Milwaukee	Conversations with a Killer: The Jeffrey Dahmer Tapes	N:\Series\Conversando com um Serial Killer - O Canibal de Milwaukee	Documentário|Crime	en	2022	Netflix
4c09d7c3-a40f-c332-1b78-819d2ee507c2	Coppers: Justiça Implacável	Coppers	N:\Series\Coppers - Justiça Implacável	Drama|Crime	nl	2016	VTM
3076e66b-1e71-4ff8-0dfc-cf1414f35781	Coração Marcado	Pálpito	N:\Series\Coração Marcado	Soap|Mistério	es	2022	Netflix
b236643c-ae80-6e25-400c-c4cfb45b1e97	Coração Sombrio	Mörkt hjärta	N:\Series\Coração Sombrio	Drama|Crime	sv	2022	Discovery+
44ac4672-0d64-6905-34d9-67184d096b9a	Coração Suburbano	Coração Suburbano	N:\Series\Coração Suburbano	Documentário	pt	2022	Paramount+
0500d814-e169-77e0-4afd-97b973116ba7	Coragem, Irmão!	Idź przodem, bracie	N:\Series\Coragem, Irmão!	Action & Adventure|Crime|Drama	pl	2024	Netflix
1dc0c808-bca2-6ac7-b2f9-b81eedb2b631	Coragem, o Cão Covarde	Courage the Cowardly Dog	N:\Series\Coragem, o Cão Covarde	Animação|Família|Sci-Fi & Fantasy|Comédia|Kids	en	1999	Cartoon Network
ef3f7e06-39d4-2837-0a94-7632e93c8fbb	Corpos	Bodies	N:\Series\Corpos	Crime|Mistério|Sci-Fi & Fantasy|Drama	en	2023	Netflix
d008a264-5ecd-c88a-03ee-35be1c911937	Corridas Proibidas	Street Outlaws	N:\Series\Corridas Proibidas	Reality	en	2013	Discovery|DMAX|Sport 1
1da6be7a-c761-4148-228e-3e78a9c5f1cf	Corridas Proibidas: Reis das Pistas: G-8	Street Outlaws: No Prep Kings: The Great Eight	N:\Series\Corridas Proibidas - Reis das Pistas - G-8	Documentário	en	2022	Discovery
1bb100fe-751c-769b-73df-a8d171e0f46b	Corridas Proibidas: Tudo ou Nada	Street Outlaws: Mega Cash Days	N:\Series\Corridas Proibidas - Tudo ou Nada	Reality	en	2021	Discovery
83c1c72c-4ae3-cee8-3830-4b895e7b214c	Cosme & Damião: Quase Santos	Cosme & Damião: Quase Santos	N:\Series\Cosme e Damião - Quase Santos		pt	2024	
75e57efa-417a-1e01-0232-c35f7f4c3d43	Council of Dads: Lembranças do Meu Pai	Council of Dads	N:\Series\Council of Dads - Lembranças do Meu Pai	Drama	en	2020	NBC
3fb57e13-99f3-7ec0-9f87-6e901d929a65	Covert Affairs: Assuntos Confidenciais	Covert Affairs	N:\Series\Assuntos Confidenciais	Action & Adventure|Drama	en	2010	USA Network
9891af7f-8c53-709f-c83f-96687ed9ef54	Cowboy Bebop	カウボーイビバップ	N:\Series\Cowboy Bebop (1998)	Animação|Action & Adventure|Sci-Fi & Fantasy|Faroeste	ja	1998	TV Tokyo|WOWOW Prime
adf851c6-ec69-6b40-7490-fb411919804a	Cowboy Bebop	カウボーイビバップ	N:\Series\Cowboy Bebop	Animação|Action & Adventure|Sci-Fi & Fantasy|Faroeste	ja	1998	TV Tokyo|WOWOW Prime
7b1ab317-54d2-bc3a-44d6-3622ce0f0fc6	Coyote	Coyote	N:\Series\Coyote	Drama|Crime	en	2021	CBS All Access
0c1915f6-f301-6715-1fe9-6172547fa849	Cozinha em Conta	Cook at all Costs	N:\Series\Cozinha em Conta	Reality	en	2022	Netflix
c24aa68a-be94-ad77-d204-71dd75ce117c	Cozinhando com Paris Hilton	Cooking with Paris	N:\Series\Cozinhando com Paris Hilton	Reality	en	2021	Netflix
17678d66-2d4f-eeb3-038a-34e97a41f49c	Cozinhe se Puder – Mestres da Sabotagem	Cozinhe se Puder – Mestres da Sabotagem	N:\Series\Mestres da Sabotagem Brasil	Reality	pt	2021	SBT
68ed8d7a-66c4-2b3a-d414-ff98066f877b	Crash e Bernstein	Crash & Bernstein	N:\Series\Crash e Bernstein	Comédia|Kids|Família	en	2012	Disney XD
d7031693-7dc1-89ac-5773-640c311f4309	Crashing	Crashing	N:\Series\Crashing	Comédia|Drama	en	2017	HBO
d0293466-0a34-a60f-d2ed-6f01230747c0	Crazy Ex-Girlfriend	Crazy Ex-Girlfriend	N:\Series\Crazy Ex-Girlfriend	Comédia|Drama	en	2015	The CW
0d6a206a-e9ce-7f7b-570f-3813171a1000	Creepshow	Creepshow	N:\Series\Creepshow	Mistério|Sci-Fi & Fantasy	en	2019	Shudder
06831cae-311d-842f-5b55-421074b9e2bd	Crenças - Histórias de Horror	Lore	N:\Series\Lore	Mistério|Drama	en	2017	Prime Video
39ff8757-5f15-1e2e-122d-c2566464be80	Crepúsculo dos Deuses	Twilight of the Gods	N:\Series\Crepúsculo dos Deuses	Animação|Sci-Fi & Fantasy|Action & Adventure	en	2024	Netflix
9ceacd67-2f33-b62c-b49e-77bc1da40dfe	Criadores de Diversão	Making Fun	N:\Series\Criadores de Diversão	Reality|Família	en	2022	Netflix
3966c2dd-51d7-b357-15e4-2cd9a7881707	Criando Dion	Raising Dion	N:\Series\Criando Dion	Drama|Sci-Fi & Fantasy	en	2019	Netflix
cddd8141-c860-a39e-0355-18bbf5cdaceb	Criando o Filho Bastardo do Meu Marido	NULL	N:\Series\Criando o Filho Bastardo do Meu Marido		NULL	NULL	
1488eafb-6b62-af2f-9ab1-412e5bd77224	Crime de uma Dinastia: O Caso Murdaugh	Murdaugh: Death in the Family	N:\Series\Crime de uma Dinastia - O Caso Murdaugh	Drama|Crime	en	2025	Hulu
39666fcb-a7a5-38e2-8df9-f93a86f8b13e	Crime Scene Zero	크라임씬 제로	N:\Series\Crime Scene Zero	Reality|Crime	ko	2025	Netflix
d02f803e-6e20-0bac-8667-40eace115b6a	Crimes no Vale do Silício	Crimes no Vale do Silício	N:\Series\Crimes no Vale do Silicio (2025)		pt	2026	
efdf2e9b-54c1-18b1-2b9d-bb8cfb2ca3fd	Crisálida	Crisálida	N:\Series\Crisálida	Drama	pt	2019	
b9468122-244a-9095-f781-a0efed465923	Cristal	Cristal	N:\Series\Cristal (2006)	Soap|Drama	pt	2006	SBT
fe8f6e44-ce8e-ac28-0869-dc48e5f79957	Cromañon: A Noite do Incêndio	Cromañón: La noche del incendio	N:\Series\Cromañon - A Noite do Incêndio	Drama	es	2024	Prime Video
fdd7fc92-b20a-b7cd-03f9-98860754fc2c	Crônicas de San Francisco	Tales of the City	N:\Series\Crônicas de San Francisco	Drama|Mistério	en	2019	Netflix
14bd4ee9-91dd-b07d-912c-2aec64070acf	Crossover Crisis on Infinite Earths	Crisis Aftermath	N:\Series\Crisis Aftermath	Talk	en	2019	The CW
f57205cd-7018-8a84-7080-cfdaea9087d9	Cruel Summer	Cruel Summer	N:\Series\Cruel Summer	Mistério|Drama	en	2021	Freeform
228f712d-429f-d92f-cc10-878f01d7afb5	CSI: Cyber	CSI: Cyber	N:\Series\CSI - Cyber	Crime|Drama	en	2015	CBS
3f544570-c107-875a-2634-93f3d03f993a	CSI: Investigação Criminal	CSI: Crime Scene Investigation	N:\Series\CSI - Investigação Criminal	Crime|Drama|Mistério	en	2000	CBS
163e0f4b-3de0-5cde-955a-109c8e1c02b1	CSI: Miami	CSI: Miami	N:\Series\CSI - Miami	Drama|Mistério|Crime	en	2002	CBS
c1f42f88-9923-54d8-54b1-0998200d80fc	CSI: Nova York	CSI: NY	N:\Series\CSI - Nova York	Crime|Drama|Mistério	en	2004	CBS
a061f845-985c-9bf8-6e9a-539ee6bccaac	Cúmplices de um Resgate	Cúmplices de um Resgate	N:\Series\Cúmplices de um Resgate	Soap|Drama|Família	pt	2015	SBT
f1e1c5a3-107d-6ce1-192f-0c21c1bfa999	Cuphead: A Série	The Cuphead Show!	N:\Series\Cuphead - A Série	Animação|Comédia|Família	en	2022	Netflix
224320c4-9245-46fc-9202-b35a33cc0d8c	Cupom Mania	Extreme Couponing	N:\Series\Cupom Mania	Reality	en	2011	TLC
34186ceb-5686-f1ac-6801-a5f873b944c1	Cursed - A Lenda do Lago	Cursed	N:\Series\Cursed - A Lenda do Lago	Action & Adventure|Sci-Fi & Fantasy	en	2020	Netflix
91e58dbb-53d4-a4c9-962e-bf2a95e99855	Curvem-se à Rainha Vampira	NULL	N:\Series\Curvem-se à Rainha Vampira		NULL	NULL	
981aeab3-111d-8eb4-012d-9c6b47d90abc	Cyberpunk: Mercenários	サイバーパンク: エッジランナーズ	N:\Series\Cyberpunk - Mercenários	Animação|Action & Adventure|Sci-Fi & Fantasy|Crime	ja	2022	Netflix
8ec91385-3402-b4b4-7db3-d735abe860a8	D.P Dog Day	D.P.	N:\Series\D.P Dog Day	Drama|Action & Adventure|Crime	ko	2021	Netflix
543edca0-e3e1-cd83-f956-37bcf1c70e90	D.P.A. - Detetives do Prédio Azul	D.P.A. - Detetives do Prédio Azul	N:\Series\D.P.A. - Detetives do Prédio Azul	Kids|Action & Adventure|Comédia	pt	2012	Gloob|Discovery Kids
34ff1cc7-3b10-781a-e277-5b9805e89789	Da Cor do Pecado	Da Cor do Pecado	N:\Series\Da Cor do Pecado	Comédia|Drama|Soap	pt	2004	TV Globo
79731220-d26f-b089-cece-dc7b55222b24	Da Terra à Lua	From the Earth to the Moon	N:\Series\Da Terra à Lua	Action & Adventure|Drama	en	1998	HBO
785a8ec7-96d5-cdf8-0834-50374027baa7	Dahmer: Um Canibal Americano	DAHMER - Monster: The Jeffrey Dahmer Story	N:\Series\Dahmer - Um Canibal Americano	Crime|Drama	en	2022	Netflix
5a47573d-2b95-1df5-2b20-ae00819e45ee	Dark	Dark	N:\Series\Dark	Crime|Drama|Sci-Fi & Fantasy|Mistério	de	2017	Netflix
eca06874-1bad-1178-2f18-4401e396dc40	Das Boot - O Barco Inferno No Mar	Das Boot	N:\Series\Das Boot	War & Politics|Drama	de	2018	Sky One
02241913-b8d0-ee7b-c8d5-9ba3225258cf	Dash & Lily	Dash & Lily	N:\Series\Dash e Lily	Comédia|Drama	en	2020	Netflix
ce769e42-6ef3-be21-f595-f73f26902018	DAVE	DAVE	N:\Series\DAVE	Comédia	en	2020	FXX
4f01f90a-95bf-8f66-204e-3bb0567671f6	Daybreak	Daybreak	N:\Series\Daybreak	Sci-Fi & Fantasy|Action & Adventure	en	2019	Netflix
a1622568-7b99-a963-6537-881547c0185e	De Brutas, Nada	De brutas, nada	N:\Series\De Brutas Nada	Comédia|Drama	es	2020	Pantaya|ViX
15cd364c-797e-d78c-512e-e2d8faf281cc	De Férias com o Ex Brasil	De Férias com o Ex Brasil	N:\Series\De Férias com o Ex Brasil	Reality	pt	2016	MTV
212139a6-ab3b-b963-70d6-1f9becd44bab	De Férias com o Ex Caribe	De Férias com o Ex Caribe	N:\Series\De Férias Com o Ex - Caribe	Reality	pt	2022	MTV
b528a7a1-2040-1cb9-6e03-2d00fb78dd5e	De Férias com o Ex: América Latina	La Venganza de los Ex VIP	N:\Series\De Férias com o Ex - América Latina	Reality	es	2021	MTV Latin America|Paramount+
39e724ab-402c-a3e3-e825-e40718711a73	De Rainha do Veganismo a Foragida	Bad Vegan: Fame. Fraud. Fugitives.	N:\Series\De Rainha do Veganismo a Foragida	Documentário|Crime	en	2022	Netflix
a0de5c4b-1bcb-2f48-30ae-642426e10584	De Volta aos 15	De Volta aos 15	N:\Series\De Volta Aos 15	Comédia|Drama	pt	2022	Netflix
5073c0c4-d775-a30c-5766-f70b261f1ec3	De Volta aos Anos 70	That '70s Show	N:\Series\That '70s Show	Comédia|Família|Drama	en	1998	FOX
f17f25bc-0a03-2564-c951-fcd3c648cdf7	Deadbeat: O Espírito da Coisa	Deadbeat	N:\Series\Deadbeat	Comédia|Sci-Fi & Fantasy	en	2014	Hulu
96adeafb-f453-2714-24f1-287ba3427e09	Deadwater Fell	Deadwater Fell	N:\Series\Deadwater Fell	Crime|Drama	en	2020	Channel 4
71d30c6e-75f6-100a-11c5-5dc00d9fddad	Death Note	DEATH NOTE	N:\Series\Death Note	Animação|Mistério|Sci-Fi & Fantasy	ja	2006	Nippon TV
e1fa8811-dabf-a0f8-2dd3-9e17be380e29	DECA-DENCE	デカダンス	N:\Series\Deca-Dence	Animação|Drama|Action & Adventure|Sci-Fi & Fantasy	ja	2020	AT-X
25b2929b-a04b-bdaf-21ce-c94a1fa96630	Deep Insanity THE LOST CHILD	ディープインサニティ ザ・ロストチャイルド	N:\Series\Deep Insanity - The Lost Child	Animação|Sci-Fi & Fantasy|Action & Adventure	ja	2021	Tokyo MX
2e3b38b0-c847-33ca-c01f-e36cea5219fa	Degrassi: Next Class	Degrassi: Next Class	N:\Series\Degrassi - Next Class	Drama	en	2016	Family Channel
fcd7b3ce-5656-877b-f1f6-abf116240455	Deixa Ela Entrar	Let the Right One In	N:\Series\Deixa Ela Entrar	Drama|Sci-Fi & Fantasy	en	2022	Showtime
b6baf1db-5bb5-4c3c-2abe-102eefdddbe6	Departure: A Investigação	Departure	N:\Series\Departure - A Investigação	Drama|Crime	en	2019	Sky Witness|Peacock|Universal TV|SBS On Demand
e8ae4f91-d93f-ec73-88eb-25c22d139237	Depois da Festa	The Afterparty	N:\Series\Depois da Festa	Mistério|Comédia|Crime	en	2022	Apple TV
81c1a721-7ee1-34ca-5766-5dbdbc78e1c2	Desafio Selvagem: 100 Dias no Alasca	100 Days Wild	N:\Series\Desafio Selvagem - 100 Dias no Alasca	Reality|Action & Adventure	en	2020	discovery+
bea1ec47-d52b-7e71-8880-fb1691d2f6be	Desalma	Desalma	N:\Series\Desalma	Mistério|Drama	pt	2020	Globoplay
6285c965-c5c1-a918-89ba-71ab0aa8fecf	Desaparecido para Sempre	Disparu à jamais	N:\Series\Desaparecido Para Sempre	Crime|Drama|Mistério	fr	2021	Netflix
e592e23c-d1b2-f31c-7c54-99d94276bc0a	Desaparecidos	Gone	N:\Series\Gone	Drama|Crime	en	2018	TF1
fda4a9be-a217-0554-7503-6dddaff65012	Desejo Sombrio	Oscuro deseo	N:\Series\Desejo Sombrio	Mistério|Drama	es	2020	Netflix
3cbb978a-37d2-7a09-55e0-85ff50199e18	Designated Survivor	Designated Survivor	N:\Series\Designated Survivor	Drama|War & Politics	en	2016	ABC|Netflix
c9e54715-4522-9e89-4080-1a687319ecb7	Desjuntados	Desjuntados	N:\Series\Desjuntados	Comédia	pt	2021	Prime Video
dfa1712c-b125-4786-6c71-d19145638ff8	Despachos de Outro Lugar	Dispatches from Elsewhere	N:\Series\Despachos de Outro Lugar	Drama|Mistério	en	2020	AMC
087e1d94-11b0-07f5-c8af-f168b819ec09	Desvendando Segredos da Bíblia com Albert Lin	Buried Secrets of the Bible with Albert Lin	N:\Series\Desvendando Segredos da Bíblia com Albert Lin	Documentário	en	2019	National Geographic
7f2ddc33-ecca-0fdb-f6c4-3063f13dd47f	Detox	Détox	N:\Series\Detox	Comédia	fr	2022	Netflix
ece9254a-6259-421c-e9ba-0c057cc415c3	Deus me Adicionou	God Friended Me	N:\Series\Deus me Adicionou	Drama|Família|Mistério|Comédia	en	2018	CBS
580014d8-9376-cf2b-169e-cf41ade8a0ae	Deus Salve o Rei	Deus Salve o Rei	N:\Series\Deus Salve o Rei	Soap|Drama|Action & Adventure	pt	2018	TV Globo
951fe412-9c70-1891-449a-3ebcacb39deb	Deuses Americanos	American Gods	N:\Series\American Gods	Drama|Mistério|Sci-Fi & Fantasy	en	2017	STARZ
4bcd0409-d726-6428-096a-01eb9cea022a	Devilman Crybaby	DEVILMAN crybaby	N:\Series\Devilman Crybaby	Animação|Action & Adventure|Sci-Fi & Fantasy	ja	2018	Netflix
da93f053-dd54-bc75-67bc-ebca4ebe14ce	Devs	Devs	N:\Series\Devs	Sci-Fi & Fantasy|Drama|Mistério	en	2020	Hulu
548fef1e-b668-c639-8f92-f60edc2de61f	Dexter	Dexter	N:\Series\Dexter	Crime|Drama|Mistério	en	2006	Showtime
c22dc615-8b20-48fc-be80-cbcd5eb1b68d	Dexter: New Blood	Dexter: New Blood	N:\Series\Dexter - Sangue Novo	Drama|Crime	en	2021	Showtime
6633ece7-5e51-68bf-b5d6-4d3fad2e0164	Diário de um Gigolô	Diario de un Gigoló	N:\Series\Diário de um Gigolô	Drama	es	2022	Netflix
db6afdc9-006d-5a5b-d8eb-8176b7171285	Diário de Uma Futura Presidente	Diary of a Future President	N:\Series\Diário de Uma Futura Presidente	Comédia|Kids	en	2020	Disney+
8b175a34-6e27-13dd-e31e-c5a5d574877c	Diários de Andy Warhol	The Andy Warhol Diaries	N:\Series\Diários de Andy Warhol	Documentário	en	2022	Netflix
77956bfc-7ebe-25a3-ae0b-e2b48ffd9914	Diários de Guerra	Taking Fire	N:\Series\Diários de Guerra	Documentário	en	2016	Discovery
e19f8d8d-2922-f665-52a2-7b62c22724c2	Dickinson	Dickinson	N:\Series\Dickinson	Comédia|Drama	en	2019	Apple TV
4f211f05-4104-2dc2-e7ad-f7a9575806ca	Digimon Adventure:	デジモンアドベンチャー：	N:\Series\Digimon Adventure (2020)	Animação|Action & Adventure|Sci-Fi & Fantasy|Kids	ja	2020	Fuji TV
f89c49ff-ff66-76b2-45fd-313729552c5d	Digimon Beatbreak	DIGIMON BEATBREAK	N:\Series\Digimon	Animação|Action & Adventure|Sci-Fi & Fantasy|Kids	ja	2025	Fuji TV|Tokai Television Broadcasting|Kansai TV|Hokkaido Cultural Broadcasting|Iwate Menkoi Television|Sendai Television|SAGA TV|Ishikawa TV|TNC|OHK|Kochi Sun Sun Broadcasting|Television Shin Hiroshima System|TV Shizuoka|NST|NBS|Sakuranbo TV|TSK|Ehime Broadcasting
b456ccf3-0596-2e6f-db37-3427aa01f8d3	Dinastia	Dynasty	N:\Series\Dinastia	Drama|Soap	en	2017	The CW
1ddb3f6f-e9e0-f2c2-c38d-bed00d75891a	Disjointed	Disjointed	N:\Series\Disjointed	Comédia	en	2017	Netflix
8cb26a40-c6de-3abe-5938-789907835613	Disque Amiga para Matar	Dead to Me	N:\Series\Disque Amiga para Matar	Drama|Comédia|Crime	en	2019	Netflix
f5ce126c-c23e-7ad2-0894-488f04a6c1c6	Distanciamento Social	Social Distance	N:\Series\Distanciamento Social	Drama	en	2020	Netflix
3c9be7d4-f2e9-b307-c1c3-8698d9fc423a	Divorce	Divorce	N:\Series\Divorce	Comédia|Drama	en	2016	HBO
d4acac2d-f8ad-7946-52f1-e1d400bcafec	Dix pour cent	Dix pour cent	N:\Series\Dix Pour Cent	Comédia|Drama	fr	2015	France 2
f9631fe5-6e62-136c-58a7-3efc97f8fc9e	Diz-Me Quem Sou	Dime quién soy	N:\Series\Diz-Me Quem Sou	Drama	es	2020	Movistar Plus
afc0ccec-0f70-0add-39f7-2b2ac5017785	DMZ	DMZ	N:\Series\DMZ	Drama|Sci-Fi & Fantasy	en	2022	HBO Max
a119b509-39b7-c0bc-2cc2-2a47912d41d7	Doc	Doc	N:\Series\DOC (2026)	Drama	en	2025	FOX
d075aeb6-07dc-fc1a-a8b9-152e713acd76	DOC – Uma Nova Vida	Doc – Nelle tue mani	N:\Series\DOC – Uma Nova Vida	Drama|Action & Adventure	it	2020	Rai 1
c6470f69-cb67-2c05-de6c-77032fc83242	Doce de Mãe	Doce de Mãe	N:\Series\Doce de Mãe	Comédia	pt	2014	TV Globo
e3bf17ee-5fb7-cc65-109e-0a8c019f96ff	Doces Magnólias	Sweet Magnolias	N:\Series\Doces Magnólias	Drama	en	2020	Netflix
191ba774-a059-8874-f9dd-9e62e6bbb57e	Doctor Who	Doctor Who	N:\Series\Doctor Who	Drama|Action & Adventure|Sci-Fi & Fantasy	en	1963	BBC One|BBC Television
4992f8f0-6379-e138-8804-30b0315f34b7	Doctor Who	Doctor Who	N:\Series\Doctor Who (2024)	Drama|Action & Adventure|Sci-Fi & Fantasy	en	1963	BBC One|BBC Television
f7f81f1f-3c92-16e4-20fb-b900d41adf66	Dollface	Dollface	N:\Series\Dollface	Comédia	en	2019	Hulu
f69e1d31-c308-d78d-cd58-326e6a48be10	Dom	Dom	N:\Series\Dom	Drama	pl	1980	TVP
29c0e0cd-383a-7c9c-aa97-59e593ab6469	Domina	Domina	N:\Series\Domina	Drama	en	2021	Sky Atlantic
14ca5f4d-775a-68dc-18b6-8450a8f983a9	Doogie Kamealoha: Doutora Precoce	Doogie Kamealoha, M.D.	N:\Series\Doogie Kamealoha - Doutora Precoce	Drama|Família|Comédia	en	2021	Disney+
db96b22d-ffaf-3839-31c2-305d326e4450	Dopamina	Dopamin	N:\Series\Dopamina (2023)	Drama	da	2022	Discovery+|Kanal 5
5aaf40f5-6187-f852-6218-940f8dc92af5	Dopesick	Dopesick	N:\Series\Dopesick	Crime|Drama	en	2021	Hulu
26bc9292-f633-a22b-9bba-8c0898b7d0da	Dorothy e o Mágico de Oz	Dorothy and the Wizard of Oz	N:\Series\Dorothy e o Mágico de Oz	Animação|Action & Adventure|Kids	en	2017	Boomerang|Boomerang (SVOD)
adf682f1-b6fa-7c58-a95d-e9bd10e7a7de	DOTA: Dragon's Blood	DOTA: Dragon's Blood	N:\Series\DOTA - Dragon’s Blood	Sci-Fi & Fantasy|Action & Adventure|Animação	en	2021	Netflix
d60b4732-4f26-0470-74e6-4710efe503d9	Doutor Castor	Doutor Castor	N:\Series\Doutor Castor	Documentário	pt	2021	Globoplay
e5d5aa24-e988-6dde-c2c0-93cdc3796d29	Doutora Brinquedos	Doc McStuffins	N:\Series\Doutora Brinquedos	Animação|Kids|Família	en	2012	Disney Junior
175d207c-adb5-f202-8be3-b5daf4f2fdda	Dr. Death	Dr. Death	N:\Series\Dr. Death	Drama|Crime	en	2021	Peacock
7cb29b53-ee3f-d513-2f81-e6111f3a3943	Dr. House	House	N:\Series\House	Drama	en	2004	FOX
86ba9ee3-7c71-7218-fe16-7d688249c9d3	Dr. Stone	Dr.STONE	N:\Series\Dr. Stone	Animação|Action & Adventure|Comédia|Sci-Fi & Fantasy	ja	2019	Tokyo MX|KBS Kyoto
80b92c62-5ca6-46be-860d-c03c1466abb5	Dra. Sandra Lee: A Rainha dos Cravos	Dr. Pimple Popper	N:\Series\Dra. Sandra Lee - A Rainha dos Cravos	Reality	en	2018	TLC
c4ca8f43-bf3e-0df4-d108-1345d1bec91e	Drácula	Dracula	N:\Series\Drácula (2020)	Drama|Action & Adventure	en	2020	BBC One
10df3694-ed14-2d6e-cf41-0555c079aebd	Dragões: Equipe de Resgate ‑ Heróis do Céu	Dragons Rescue Riders: Heroes of the Sky	N:\Series\Dragões - Equipe de Resgate ‑ Heróis do Céu	Kids|Animação	en	2021	Peacock
207273af-2358-8dae-6f43-e3ce14b0e713	Dragon Ball GT	ドラゴンボールGT	N:\Series\Dragon Ball GT	Animação|Action & Adventure|Sci-Fi & Fantasy	ja	1996	Fuji TV|Tokai Television Broadcasting|Kansai TV|Fukui TV|Hokkaido Cultural Broadcasting|Iwate Menkoi Television|Sendai Television|SAGA TV|Ishikawa TV|TNC|OHK|Television Shin Hiroshima System|TV Shizuoka|UMK TV Miyazaki|NST|NBS|TSK|Ehime Broadcasting|KTS|Fukushima TV|AKT|Toyama Television|TV Kumamoto|Okinawa Television Broadcasting|KTN
261114dc-db02-dfc0-820d-be48090abe80	Dragon Ball Super	ドラゴンボール超（スーパー）	N:\Series\Dragon Ball Super	Animação|Action & Adventure|Sci-Fi & Fantasy	ja	2015	Fuji TV
076cb045-351b-baff-bd02-c7feb73b6b15	Dragon Ball Z	ドラゴンボールゼット	N:\Series\Dragon Ball Z	Animação|Sci-Fi & Fantasy|Action & Adventure	ja	1989	Fuji TV
638f683a-2465-851b-74eb-7d35edb17650	Dragon Ball Z	ドラゴンボールゼット	N:\Series\Dragon Ball	Animação|Sci-Fi & Fantasy|Action & Adventure	ja	1989	Fuji TV
791f11ed-23d9-a449-3f6e-5076d6d2e491	Dragon Ball Z Kai	ドラゴンボール改「カイ」	N:\Series\Dragon Ball Z Kai	Sci-Fi & Fantasy|Animação|Action & Adventure|Comédia	ja	2009	Fuji TV|
a857cc38-dbb0-4366-84d6-85be8b32772f	Dragon Goes House-Hunting	ドラゴン、家を買う。	N:\Series\Dragon Goes House-Hunting	Animação|Comédia|Sci-Fi & Fantasy	ja	2021	Tokyo MX
55294536-846f-04d0-2bc2-cdd8b9f467eb	Drama Total Kids	Total DramaRama	N:\Series\Drama Total Kids	Animação|Kids|Família|Comédia	en	2018	Teletoon|Cartoon Network
2a1fcdda-ddad-e885-636e-6cd976bd935a	Duas Caras	Duas Caras	N:\Series\Duas Caras	Soap|Drama	pt	2007	TV Globo
46d010a2-8aa8-93bc-d4be-6feaa705b3f8	Duas Garotas em Apuros	2 Broke Girls	N:\Series\2 Broke Girls	Comédia	en	2011	CBS
ba9f81b7-16d9-9226-0de6-3d3709e3b72c	Dubai Ostentação	دبي  Bling	N:\Series\Dubai Ostentação	Reality	ar	2022	Netflix
8e1e8ab5-644a-102d-c608-ec59261c7a0e	Duncanville	Duncanville	N:\Series\Duncanville	Comédia|Animação	en	2020	FOX
cd6a49e6-f682-3379-4100-f95ac82e3d95	Eastbound & Down	Eastbound & Down	N:\Series\Eastbound e Down	Comédia|Drama	en	2009	HBO
ceb1ca43-39f7-2534-e03a-ba21029119f9	Echo 3	Echo 3	N:\Series\Echo 3	Drama|Action & Adventure	en	2022	Apple TV
21783e0d-3ad8-3798-d569-79e7c83f46c0	Echoes	Echoes	N:\Series\Echoes	Drama|Mistério	en	2022	Netflix
775cb601-fb81-5359-381c-8924a22ecb1e	Ed Stafford: O Sobrevivente	Marooned with Ed Stafford	N:\Series\Ed Stafford - O Sobrevivente	Reality|Documentário	en	2014	Discovery|bilibili
0b24321d-ff56-eccf-680e-da163ed1b57d	Ed Stafford: Sobrevivendo nas Ruas	60 Days on the Streets	N:\Series\Ed Stafford - Sobrevivendo nas Ruas	Documentário|Reality	en	2019	Channel 4
8ff61b56-8dea-21d0-83a2-1686275ca78b	Éden	Eden	N:\Series\Eden	Drama	en	2021	Stan
60b1bd78-c6ff-f592-1337-ff1c2411a1b5	Ei Arnold!	Hey Arnold!	N:\Series\Arnold	Animação|Comédia|Drama|Família	en	1996	Nickelodeon
7397c324-938e-b493-0db5-62e95073a6b8	Ela Quer Tudo	She's Gotta Have It	N:\Series\Shes Gotta Have It	Comédia	en	2017	Netflix
204b62f8-f581-aeb1-3e77-1b9278962956	Electric Dreams	Philip K. Dick's Electric Dreams	N:\Series\Philip K. Dicks Electric Dreams	Sci-Fi & Fantasy|Drama	en	2017	Channel 4
abcbc5f9-422d-5e4f-9703-045f14216bef	Elementaríssimo	Elementary	N:\Series\Elementary	Drama|Mistério|Crime	en	2012	CBS
28d0021b-fdfc-f137-1a5c-7cc6a39d7ada	Elena de Avalor	Elena of Avalor	N:\Series\Elena de Avalor	Animação|Kids	en	2016	Disney Channel|Disney Junior
4618e32c-8b11-5109-a87b-ad875363c8dd	ELES	Them	N:\Series\THEM	Drama|Mistério|Crime	en	2021	Prime Video
04cf454a-59ed-3068-520a-3b78c3942621	Elfos	Nisser	N:\Series\Elfos	Drama|Mistério|Sci-Fi & Fantasy	da	2021	Netflix
044cb208-3c7e-9cf5-4331-1fa02d4d86f3	Elite	Élite	N:\Series\Elite	Crime|Mistério|Drama	es	2018	Netflix
86c3aab0-ebb0-aa74-e16e-d52fb214c9ec	Elize Matsunaga: Era uma Vez um Crime	Elize Matsunaga: Era uma Vez um Crime	N:\Series\Elize Matsunaga - Era uma Vez um Crime	Documentário|Crime	pt	2021	Netflix
8f8502a2-ef0e-30b9-b3fc-0e6461122247	Elliott, O Terráqueo	Elliott from Earth	N:\Series\Elliott O Terráqueo	Animação|Comédia	en	2021	Cartoon Network
cdcb1d74-b504-08f5-588b-6da58db0bba8	Em Busca do Bolo Perfeito	Cake Hunters	N:\Series\Em Busca do Bolo Perfeito	Reality	en	2015	Cooking Channel
69699474-3c34-6ece-e57f-1fc9e04b5f7a	Em Busca do Sonho	Becoming	N:\Series\Em Busca do Sonho	Documentário	en	2020	Disney+
fb50de6a-244d-335a-f3e6-7121db9fd3b1	Em Defesa de Jacob	Defending Jacob	N:\Series\Em Defesa de Jacob	Drama|Mistério|Crime	en	2020	Apple TV
1adf2588-fcc6-aae0-bfad-6121e0459777	Em Família	Em Família	N:\Series\Em Família	Soap|Drama	pt	2014	TV Globo
20f4a4b5-0305-eccf-e451-40fdbe1e9ec5	Em Nome de Deus	Em Nome de Deus	N:\Series\Em Nome de Deus	Documentário	pt	2020	Globoplay
e8a5981b-b2b2-fdc4-43e4-8aa24d769ac3	Em Nome do Céu	Under the Banner of Heaven	N:\Series\Em Nome do Céu	Crime|Drama|Mistério	en	2022	Hulu
a729a260-9c00-cfa0-b409-d144ae64a2fe	Em Prantos	The Cry	N:\Series\Em Prantos	Drama|Mistério	en	2018	BBC One|ABC TV
a39bdf2f-37c0-2e3c-cbe3-da4bca7f4fe4	Emily em Paris	Emily in Paris	N:\Series\Emily em Paris	Drama|Comédia	en	2020	Netflix
9a2640b4-763d-f1a3-3903-8923c796aad1	Empire: Fama e Poder	Empire	N:\Series\Empire - Fama e Poder	Drama|Soap	en	2015	FOX
fc8e3343-2aa6-ca88-fe90-8c4374b3a0af	Encantado's	Encantado's	N:\Series\Encantados	Comédia	pt	2022	Globoplay
fa4bc53f-5f23-1d9e-a537-e91373a88d72	Engana-me Se Puder	Lie to Me	N:\Series\Lie To Me	Crime|Drama|Mistério	en	2009	FOX
71408c08-72b2-f2a0-e422-9dcdc95a5d62	Enlightened	Enlightened	N:\Series\Enlightened	Comédia|Drama	en	2011	HBO
19bf287b-31eb-2358-4fca-ae3593b85b8a	Entourage: Fama e Amizade	Entourage	N:\Series\Entourage	Comédia|Drama	en	2004	HBO
0cd683ea-5ad8-a734-f4f4-2178a5a61007	Equinox	Equinox	N:\Series\Equinox	Documentário	en	1986	Channel 4
f6552b72-2ac4-26e8-cc5b-e112c664884c	ER: Plantão Médico	ER	N:\Series\ER - Plantão Médico	Drama	en	1994	NBC
77193d48-a1de-04a2-9ac2-68d7e7a624bb	Era Uma Vez	Once Upon a Time	N:\Series\Once Upon A Time (2011)	Drama|Sci-Fi & Fantasy	en	2011	ABC
f343263b-e1de-ab82-b516-19a9091dc9cc	Éramos Seis	Éramos Seis	N:\Series\Éramos Seis	Soap|Drama	pt	2019	TV Globo|
ba3748ef-36b7-61d4-63c2-c6491564138e	Ergo Proxy	エルゴプラクシー	N:\Series\Ergo Proxy	Animação|Mistério|Sci-Fi & Fantasy	ja	2006	WOWOW Prime
9782fc7f-3d6b-9056-2b70-a23e9a15508e	Eric Hollenbeck: O Mestre da Restauração	The Craftsman	N:\Series\Eric Hollenbeck - O Mestre da Restauração	Reality	en	2021	Magnolia Network
47075f49-2819-71ef-2469-a8e78b671c50	Escrava Mãe	Escrava Mãe	N:\Series\Escrava Mãe	Drama|Soap	pt	2016	Record
ef1f5429-cf37-fda9-f236-c16315507d6e	Espelho da Vida	Espelho da Vida	N:\Series\Espelho da Vida	Soap|Drama|Família	pt	2018	TV Globo
2b3acab8-2181-4a4a-063d-f9a554771dfb	Esquadrão de Heróis	The Super Hero Squad Show	N:\Series\Esquadrão De Heróis	Action & Adventure|Animação|Comédia	en	2009	Cartoon Network|Teletoon
9d5f3342-a7f2-1a76-073f-80719307c094	Estação 19	Station 19	N:\Series\Station 19	Drama|Action & Adventure	en	2018	ABC
256cb8be-4f2c-c0dd-b73d-9a94ccf180c8	Estação Onze	Station Eleven	N:\Series\Estação Onze	Drama|Mistério	en	2021	HBO Max
fb81f49b-7835-5ffe-fbc1-a127cbc87368	Estado de Fúria	Furia	N:\Series\Fúria (2026)	Drama|Comédia	es	2025	HBO Max
58037f00-5587-a537-f370-af0921a21347	Estrada sem Saída	Pewnego razu na krajowej jedynce	N:\Series\Estrada sem Saída	Comédia|Drama	pl	2022	Netflix
b4a7a0bc-7012-9287-ca59-b255992f40c3	Estrela-Guia	Estrela-Guia	N:\Series\Estrela-Guia	Soap|Drama|Sci-Fi & Fantasy	pt	2001	TV Globo
9a3b947d-2bb7-a8cd-06f8-7f9795125148	Êta Mundo Bom!	Êta Mundo Bom!	N:\Series\Êta Mundo Bom!	Soap|Drama|Comédia	pt	2016	TV Globo|
0e03cc71-131f-c42f-4592-315a1a6593c4	Eu Matei Meu Pai	I Just Killed My Dad	N:\Series\Eu Matei Meu Pai	Documentário	en	2022	Netflix
6a4798d0-de89-9a3a-04ea-497c105af387	Eu Nunca...	Never Have I Ever	N:\Series\Eu Nunca	Comédia|Drama	en	2020	Netflix
5574e379-0a3a-7a32-31c1-7bc1580b5e8a	Eu Odeio Natal	Odio il Natale	N:\Series\Eu Odeio Natal	Comédia|Drama	it	2022	Netflix
d5a167dd-f3a4-6300-11c5-dfadd2a6f97e	Eu Sei o Que Vocês Fizeram no Verão Passado	I Know What You Did Last Summer	N:\Series\Eu Sei o Que Vocês Fizeram no Verão Passado	Mistério|Drama	en	2021	Prime Video
3491cb09-9367-e7ab-9dbb-124f6e6cc142	Eu Sei Que Isso é Verdade	I Know This Much Is True	N:\Series\Eu Sei Que Isso é Verdade	Drama	en	2020	HBO
4d155cb9-ca87-c2da-7179-9254eefc18f9	Eu Sou Groot	I Am Groot	N:\Series\Eu Sou Groot	Animação|Comédia|Família|Sci-Fi & Fantasy|Kids	en	2022	Disney+
754f02b5-547a-8c6d-58f4-098b0588eda3	Eu Terei Sumido na Escuridão	I'll Be Gone in the Dark	N:\Series\Eu Terei Sumido na Escuridão	Documentário|Crime	en	2020	HBO
aca94486-2b1c-2f2c-52ac-e16745c71f81	Eu Vi: América Latina	Haunted: Latinoamérica	N:\Series\Eu Vi - América Latina	Reality	es	2021	Netflix
b0301059-77bf-0fe7-8ec4-5e162439bfd6	Eu, a Patroa e as Crianças	My Wife and Kids	N:\Series\Eu, a Patroa e as Crianças	Comédia|Família|Drama	en	2001	ABC
8b7105ff-879e-3a53-5a92-75638ea8f063	Eu, a Vó e a Boi	Eu, a Vó e a Boi	N:\Series\Eu, a Vó e a Boi	Comédia	pt	2019	Globoplay
430fd0f9-f3c5-29dd-4a40-7a4a90efc8d7	Eu, Elvis Riboldi	Yo , Elvis Riboldi	N:\Series\Eu Elvis Riboldi	Animação|Kids|Comédia	es	2020	Télétoon+|Super3|Cartoon Network Latin America
6ef56bd3-3e48-d995-646b-afd2c7acbab3	Eu, Tu e Ela	You Me Her	N:\Series\Eu Tu e Ela	Comédia|Drama	en	2016	Audience
a6564a86-c506-afb2-06ac-5c2c4d7e1d7f	Euphoria	Euphoria	N:\Series\Euphoria	Drama	en	2019	HBO
53ec6575-1287-80ee-d93b-223cc902d7eb	Evil or Live	理想禁区	N:\Series\Evil or Live	Animação|Drama	ja	2017	Tokyo MX
cf7994b1-1e62-0b02-7611-f5db0776deaa	Evil: Contatos Sobrenaturais	Evil	N:\Series\Evil	Crime|Drama|Mistério	en	2019	CBS|Paramount+
799eb564-e69c-7d06-af51-acec7d9cb074	Expedição Fundo do Mar	Expedition Deep Ocean	N:\Series\Expedição Fundo do Mar	Documentário	en	2021	discovery+
221652c3-0b8f-8c33-69aa-4f9527c89940	Explicando: A Mente	The Mind, Explained	N:\Series\Explicando - A Mente	Documentário	en	2019	Netflix
630b7911-c42f-531b-1aae-a0b4ec1512e4	Explode Coração	Explode Coração	N:\Series\Explode Coração	Soap|Drama	pt	1995	TV Globo
cf41d1c5-af0f-cded-59f1-9e9863c4e939	Expresso do Amanhã	Snowpiercer	N:\Series\Expresso do Amanhã	Sci-Fi & Fantasy|Drama	en	2020	TNT|AMC
b39d7044-9614-1563-bd0f-708e5d2de04b	Extra 3	Extra 3	N:\Series\3%	Comédia|Documentário	de	2004	Das Erste|NDR Fernsehen|EinsFestival
cc8e69f9-0e44-2d52-987d-56e9deae1c26	F is for Family	F is for Family	N:\Series\F is for Family	Comédia|Animação	en	2015	Netflix
d494bbd9-0011-e03e-bce9-8e10b3f19942	F1: Dirigir para Viver	Formula 1: Drive to Survive	N:\Series\Fórmula 1 - Dirigir para Viver	Documentário	en	2019	Netflix
5ffa1f58-c26b-b134-f9d3-7ad246a065d6	Fairfax	Fairfax	N:\Series\Fairfax	Comédia|Animação	en	2021	Prime Video
77e3a305-da37-6a86-7b0e-2a213968c9bc	Faking It	Faking It	N:\Series\Faking It	Comédia|Drama	en	2014	MTV
8b918c5b-b171-f0ba-fb38-c9858d772b00	Falcão e o Soldado Invernal	The Falcon and the Winter Soldier	N:\Series\Falcão e o Soldado Invernal	Action & Adventure|Sci-Fi & Fantasy	en	2021	Disney+
2342d174-f9ec-b738-4d54-883af80eb6b1	Falsidade.com	Web of Lies	N:\Series\Falsidade.com	Crime|Documentário	en	2014	Investigation Discovery
7fbd1634-e4c7-6056-60d0-371af4bab772	Família Dinossauros	Dinosaurs	N:\Series\Família Dinossauros	Sci-Fi & Fantasy|Comédia|Família	en	1991	ABC|Syndication
9c826bbc-28cd-8356-9485-17156c5189c5	Família em Concerto	Country Comfort	N:\Series\Família em Concerto	Comédia|Drama|Família	en	2021	Netflix
5f6eb4a6-178e-75c5-02dd-41e48702ce9a	Família Gil	Família Gil	N:\Series\Em Casa com os Gil	Documentário	pt	2022	Prime Video
1e3aea35-9525-fd80-22de-2a22c518fb1c	Família Moderna	Modern Family	N:\Series\Modern Family	Comédia	en	2009	ABC
aa52ac7b-5ad3-4eb0-84a3-296d441fd80b	Família Upshaw	The Upshaws	N:\Series\Família Upshaw	Comédia|Família|Drama	en	2021	Netflix
76838fa2-949e-4eea-211f-2b27ccb7796f	Fanático	Fanático	N:\Series\Fanático	Drama	es	2022	Netflix
d04f6db8-418b-e994-c9a5-0b5b136a8c13	Fancy Nancy Clancy	Fancy Nancy	N:\Series\Fancy Nancy Clancy	Animação|Kids	en	2018	Disney Junior
bab7b057-edb1-0946-7a81-bbae35feba03	Fantasmas	Ghosts	N:\Series\Fantasmas (2024)	Comédia|Sci-Fi & Fantasy	en	2021	CBS
deae73fa-6828-8bdb-7291-e58e35ae7adf	Fantasmas	Ghosts	N:\Series\Fantasmas (2021)	Comédia|Sci-Fi & Fantasy	en	2021	CBS
fac2be5f-fa8d-1eea-cbaf-e6d561a8039b	Fargo	Fargo	N:\Series\Fargo	Crime|Drama	en	2014	FX
446c1fdc-5b96-73aa-6389-e121ff50f410	Fast Layne	Fast Layne	N:\Series\Fast Layne	Comédia|Família|Action & Adventure	en	2019	Disney Channel
020abefc-2b4e-ffb2-197d-b4929c8f3027	Fate: A Saga Winx	Fate: The Winx Saga	N:\Series\Fate - A Saga Winx	Sci-Fi & Fantasy|Drama	en	2021	Netflix
faae4bfc-3610-5dd4-f2ce-243fc4fcecd4	Fatma	Fatma	N:\Series\Fatma	Crime|Drama	tr	2021	Netflix
3a408a61-126f-71df-0281-c4ef2b7c806c	Fauda	פאודה	N:\Series\Fauda	Drama|Action & Adventure|War & Politics	he	2015	yes
c3657699-b973-5445-5ff1-a9914095493a	Faz de Conta que NY é uma Cidade	Pretend It's a City	N:\Series\Faz de Conta que NY é uma Cidade	Documentário|Comédia	en	2021	Netflix
41683068-36b0-9c6d-8753-6baf4e0a5396	Faz-me Rir	Drôle	N:\Series\Faz-me Rir	Comédia|Drama	fr	2022	Netflix
1a5a88cf-bb7e-b4fa-53e2-e4dc6b9173bf	FBI	FBI	N:\Series\FBI	Crime|Action & Adventure|Drama	en	2018	CBS
b6a971c7-f143-e796-ac7f-0babd77df723	FBI: Internacional	FBI: International	N:\Series\FBI - International	Crime|Drama	en	2021	CBS
57814b2d-aa4d-45f8-a6ab-4b1fd6bdd7cc	FBI: Os Mais Procurados	FBI: Most Wanted	N:\Series\FBI Most Wanted	Crime|Drama	en	2020	CBS
03732df4-0f81-c4dd-8de0-f34d9cddcd74	Fear the Walking Dead	Fear the Walking Dead	N:\Series\Fear the Walking Dead	Action & Adventure|Drama	en	2015	AMC
219f7f01-b388-4761-cba5-8dc26cb4ec6a	Felicidade	Felicidade	N:\Series\Felicidade	Soap|Drama	pt	1991	TV Globo
ac38bc3c-f8e5-2f90-0d99-6b89bc2b8840	Fera Radical	Fera Radical	N:\Series\Fera Radical	Soap|Drama	pt	1988	TV Globo
405b843c-00fb-65ef-df57-10fd03810159	Festa da Salsicha: Comilândia	Sausage Party: Foodtopia	N:\Series\A Festa da Salsicha - Comilândia	Animação|Comédia|Action & Adventure|Sci-Fi & Fantasy	en	2024	Prime Video
404768f4-7f50-8096-d60f-a5574964ad88	Feyenoord: Por Dentro do Time	Dat ene woord - Feyenoord	N:\Series\Feyenoord - Por Dentro do Time	Documentário	nl	2021	Disney+
3a0353b9-bd21-479a-d2ab-c0d1f9b91232	Fidelidade	Fedeltà	N:\Series\Fidelidade	Drama	it	2022	Netflix
707e267f-3507-ce10-083a-a15ff020fdfb	Filhas de Eva	Filhas de Eva	N:\Series\Filhas de Eva	Drama	pt	2021	Globoplay
cb69c114-2b49-c038-2e76-43c36362ef80	Filhinho da Mamãe	I Love a Mama's Boy	N:\Series\Filhinho da Mamãe	Reality|Documentário	en	2020	TLC
3fdbcb4a-8c85-1886-7dd8-7a111dadd48f	Filho Pródigo	Prodigal Son	N:\Series\Filho Pródigo	Crime|Drama|Mistério	en	2019	FOX
53b4a3ad-9841-4f16-b5e0-a52d696e4913	Filhos da Anarquia	Sons of Anarchy	N:\Series\Sons of Anarchy	Crime|Drama	en	2008	FX
1782d876-83ac-5a0d-7e8e-f5d5f3ee6298	Filmes que Marcam Época	The Movies That Made Us	N:\Series\Filmes Que Marcam Época	Documentário	en	2019	Netflix
ae5369cf-d01b-71a5-4c80-91a8e817c6d6	Filthy Rich	Filthy Rich	N:\Series\Filthy Rich	Comédia	en	1982	CBS
67560a5d-06e7-99f0-6088-c56fcf812977	Fim das Nações	Fim das Nações	N:\Series\Fim Das Nações	Documentário	pt	2020	Brasil Paralelo
d7730648-903e-c98a-94fe-901e6fb4fc0a	Fina Estampa	Fina Estampa	N:\Series\Fina Estampa	Soap|Drama|Comédia	pt	2011	TV Globo
2861a027-906e-2c53-e33f-46f125fc34e1	Final Space	Final Space	N:\Series\Final Space	Animação|Action & Adventure|Sci-Fi & Fantasy|Comédia	en	2018	Adult Swim|TBS
73df7adb-c4d3-e850-5dbe-6cabb01215ad	Fique Comigo	Stay Close	N:\Series\Fique Comigo	Drama|Crime|Mistério	en	2021	Netflix
a580754b-0407-f452-3b42-5988c81c4b03	Flack	Flack	N:\Series\Flack	Drama|Comédia	en	2019	U&W
bf2d8d8f-e55e-a875-ff03-174765c943bc	Flagrantes de Família	Family Business	N:\Series\Flagrantes de Família	Comédia	fr	2019	Netflix
dd586e8d-35e6-ba96-61e9-b6d1a43f8aea	Flaked	Flaked	N:\Series\Flaked	Drama|Comédia	en	2016	Netflix
bed387a0-391c-7291-8d3a-6caf134011e8	Flash	The Flash	N:\Series\The Flash	Drama|Sci-Fi & Fantasy	en	2014	The CW
35b426f6-596e-f071-2b45-3556f1e3f621	Flordelis: Em Nome da Mãe	Flordelis: Em Nome da Mãe	N:\Series\Flordelis - Em Nome da Mãe	Documentário	pt	2022	discovery+|HBO Max
a8ee4041-69bf-1b7d-4348-c3226fe177f1	Flordelis: Questiona ou Adora	Flordelis: Questiona ou Adora	N:\Series\Flordelis - Questiona ou Adora	Documentário	pt	2022	Globoplay
63e35577-3203-d336-3aae-bcc5556062b7	Fogo Ardente	Donde Hubo Fuego	N:\Series\Fogo Ardente	Action & Adventure|Drama	es	2022	Netflix
2733a7e1-019a-f75e-79ed-8c47efad3bb9	Fome de Loba	Bitten	N:\Series\Bitten	Drama|Sci-Fi & Fantasy	en	2014	Space|Syfy
aaa80bc4-6ca4-4536-9bac-8ea977ef4f73	Food Wars! Shokugeki no Soma	食戟のソーマ	N:\Series\Food Wars Shokugeki no Soma	Animação|Comédia|Drama	ja	2015	TBS|Tokyo MX|BS11
55ef497c-c253-a9da-1dcd-8924b775b7a1	For All Mankind	For All Mankind	N:\Series\For all Mankind	Drama|Sci-Fi & Fantasy|War & Politics	en	2019	Apple TV
2e07fc02-e33d-7542-81c6-c40ba88464f6	For Life: Lutando Por Justiça	For Life	N:\Series\For Life - Lutando por Justiça	Crime|Drama	en	2020	ABC
0be7bc8f-e1ce-df22-f61e-2e4a972469aa	Forever: Uma Vida Eterna	Forever	N:\Series\Forever	Drama|Crime|Mistério|Sci-Fi & Fantasy	en	2014	ABC
572a1e1b-4540-f9cf-da91-dbddf1dd5acf	Fosse/Verdon	Fosse/Verdon	N:\Series\Fosse Verdon	Drama	en	2019	FX
68ada6d1-fb71-78b7-9079-756c8b58e8ac	Freud	Freud	N:\Series\Freud	Drama	en	1984	BBC Two
c3d577ef-6f24-9bff-f989-8b5b668bf214	Friends	Friends	N:\Series\Friends	Comédia	en	1994	NBC
22c1f23e-9f16-2ab9-95b0-289fc324288d	Fronteiras	Fringe	N:\Series\Fringe	Sci-Fi & Fantasy|Drama|Mistério	en	2008	FOX
29be2686-f570-6b6d-2033-41bbe15bcf98	Fruits Basket	フルーツバスケット	N:\Series\Fruits Basket	Animação|Drama|Sci-Fi & Fantasy	ja	2019	TV Tokyo|TV Aichi|TV Osaka
71ef777e-6bb8-20af-7230-ddacf9f33536	Full Dive: This Ultimate Next-Gen Full Dive RPG Is Even Shittier than Real Life!	究極進化したフルダイブRPGが現実よりもクソゲーだったら	N:\Series\Full Dive This Ultimate Next-Gen Full Dive RPG Is Even Shittier Than Real Life	Animação|Comédia|Action & Adventure|Sci-Fi & Fantasy	ja	2021	AT-X
afe65a9f-1cf8-29d0-fa70-425e7f02a2b6	Full Metal Panic	フルメタル・パニック！	N:\Series\Panic	Animação|Sci-Fi & Fantasy	ja	2002	Fuji TV|WOWOW Prime|AT-X
7f46f1e8-838c-4038-fde1-1da84caf00bf	Fuller House	Fuller House	N:\Series\Fuller House	Família|Comédia	en	2016	Netflix
0d1a03a2-dd74-4f88-b607-e57fef20a9c0	Fullmetal Alchemist: Brotherhood	鋼の錬金術師 FULLMETAL ALCHEMIST	N:\Series\Fullmetal Alchemist - Brotherhood	Animação|Action & Adventure|Sci-Fi & Fantasy|Drama	ja	2009	MBS|TBS|CBC|Tulip Television|SBC|BSN|tys|NBC|HBC|RKK|i-Television|SBS|IBC|BSS|MRO|OBS|TUF|RSK|TUY|tbc|RKB|KUTV|RBC|UTY|RCC|MRT|ATV|MBC
4fbcf6ee-bf46-a650-13b0-5af7a9a108f4	Fullmetal Alchemist: Brotherhood	鋼の錬金術師 FULLMETAL ALCHEMIST	N:\Series\Brotherhood	Animação|Action & Adventure|Sci-Fi & Fantasy|Drama	ja	2009	MBS|TBS|CBC|Tulip Television|SBC|BSN|tys|NBC|HBC|RKK|i-Television|SBS|IBC|BSS|MRO|OBS|TUF|RSK|TUY|tbc|RKB|KUTV|RBC|UTY|RCC|MRT|ATV|MBC
eab1cad3-f1cc-fe5f-8267-6f39d8131373	Fundação	Foundation	N:\Series\Fundação	Sci-Fi & Fantasy|Drama	en	2021	Apple TV
9a90f66a-cc9f-e185-e2f3-63b30b55d067	Future Man	Future Man	N:\Series\Future Man	Comédia|Sci-Fi & Fantasy	en	2017	Hulu
5872d6b9-a399-4d0a-6e2e-01eeebe14726	Fuzuê	Fuzuê	N:\Series\Fuzuê	Soap|Comédia	pt	2023	TV Globo
4849e0aa-4f91-98a2-7d77-69579e0a5171	Gabby Duran: Babá de Aliens	Gabby Duran and the Unsittables	N:\Series\Gabby Duran - Babá de Aliens	Comédia|Sci-Fi & Fantasy|Família	en	2019	Disney Channel
6d679b4d-4d86-f899-866f-db8bf75c2b14	Gabriel Monteiro – Herói Fake	Gabriel Monteiro – Herói Fake	N:\Series\Gabriel Monteiro – Herói Fake	Documentário	pt	2022	Globoplay
020d7842-8b53-edcb-2ee5-5a0c7515dd99	Gabriela	Gabriela	N:\Series\Gabriela	Soap|Comédia|Drama	pt	2012	TV Globo
7e7891b4-e292-ba66-6a0b-fdc95ae19c74	Galera do Barulho	Saved by the Bell	N:\Series\Galera do Barulho	Família|Comédia	en	1989	NBC
f4bb078e-b0fb-bd26-5e7b-8711512c1a48	Galera FC	Galera FC	N:\Series\Galera FC	Comédia	pt	2021	TNT Latin America
01e53303-e2ef-4f0d-3089-03797757b82c	Game dos Clones	Game dos Clones	N:\Series\Game dos Clones	Reality	pt	2020	Record|Prime Video
386772d2-cfbf-691c-22c6-d3a1442e0e13	Game of Thrones	Game of Thrones	N:\Series\Game of Thrones	Sci-Fi & Fantasy|Drama|Action & Adventure	en	2011	HBO
58e41b19-2147-7e64-61c5-4f7807cef7b3	Gangues de Londres	Gangs of London	N:\Series\Gangs of London	Action & Adventure|Drama|Crime	en	2020	Sky Atlantic
57c06817-9036-1fe3-fd44-e0898ef66d59	García!	¡García!	N:\Series\García!	Action & Adventure|Sci-Fi & Fantasy|Drama	es	2022	HBO Max
811e8fb5-f336-fbb2-b38b-16ed70741aa8	Garota Conhece o Mundo	Girl Meets World	N:\Series\Garota Conhece o Mundo	Comédia|Família	en	2014	Disney Channel
547eb22e-c75c-74a0-6ae4-3a1c30526766	Garota Vampiro	NULL	N:\Series\Garota Vampiro		NULL	NULL	
cfddfad3-2ea1-761a-9687-0116070087be	Gatunas	Trinkets	N:\Series\Gatunas	Drama	en	2019	Netflix
3ed47da5-fc83-81b0-d8d2-980dd9914088	Gavião Arqueiro	Hawkeye	N:\Series\Gavião Arqueiro	Drama|Comédia|Action & Adventure	en	2021	Disney+
013d265d-0aa8-e870-1f72-323bfd7d1369	Genera+ion	Genera+ion	N:\Series\Genera+ion	Drama	en	2021	HBO Max
2ca0629c-4682-236e-1003-00c37318bc24	Generation Kill	Generation Kill	N:\Series\Generation Kill	War & Politics|Drama|Action & Adventure	en	2008	HBO
6faa3f03-11d5-1242-ba8d-cd39768d1e91	Gênesis	Gênesis	N:\Series\Gênesis	Soap|Drama	pt	2021	Record
860c1140-b520-cb3c-9240-0576c98c8d66	Genius	Genius	N:\Series\Genius (2017)	Drama	en	2017	National Geographic
0689ba0b-e21e-f31a-a1ba-215a2418f162	Gentefied	Gentefied	N:\Series\Gentefied	Comédia|Drama	en	2020	Netflix
2c9efb7d-6796-7419-3b7a-73400dc5dd02	Gentleman Jack	Gentleman Jack	N:\Series\Gentleman Jack	Drama	en	2019	HBO
9549ffdb-d5da-0f20-2cf8-4ed1bfeb453c	Geração Brasil	Geração Brasil	N:\Series\Geração Brasil	Soap|Sci-Fi & Fantasy|Comédia	pt	2014	TV Globo
afcfe4b5-4927-28f4-84ce-faad799de657	Germinal: A Revolução	Germinal	N:\Series\Germinal - A Revolução	Drama	fr	2021	France 2|Salto
41dc2db7-da2a-7ba9-d752-c86ab3790932	Giada Faz a Festa	Giada Entertains	N:\Series\Giada Faz a Festa	Família|Reality	en	2016	Food Network
5bdc7941-7175-0448-db10-c6714f9c8b23	Gigantes da Indústria	The Men Who Built America	N:\Series\Indústria	Documentário	en	2012	History
c52aef9a-cae5-f963-85c8-860a210d480e	Gigantossauro	Gigantosaurus	N:\Series\Gigantossauro	Kids|Família|Animação	en	2019	Disney Junior|Disney Channel
1aa3bdbb-37b2-b22e-f514-14de181d87ad	Gigolô Americano	American Gigolo	N:\Series\Gigolô Americano	Drama|Crime	en	2022	Showtime
2a2bfc4a-ef47-c9b1-7aeb-6a1689216e1d	Ginny e Georgia	Ginny & Georgia	N:\Series\Ginny e Georgia	Comédia|Drama	en	2021	Netflix
3b97ff70-6a0c-15c2-8a2a-e5b9985e1c4f	Glee: Em Busca da Fama	Glee	N:\Series\Glee	Comédia|Drama	en	2009	FOX
72eb2cff-94f2-d960-ffea-9c7f40bbf27f	Gleipnir	グレイプニル	N:\Series\Gleipnir	Animação|Mistério|Comédia|Action & Adventure|Sci-Fi & Fantasy	ja	2020	Tokyo MX|BS11|KBS Kyoto|ABEMA|Sun TV
b36ad12d-ad5d-3154-b7c9-8c2abf103eb7	Glitch	Glitch	N:\Series\Glitch	Drama|Sci-Fi & Fantasy	en	2015	ABC TV
739c76ea-b5e5-a424-7b1a-16a7414fb4b5	GLOW	GLOW	N:\Series\GLOW	Comédia|Drama	en	2017	Netflix
3637b1a6-c1c1-e639-e564-a32d717349e3	GNOSIA	グノーシア	N:\Series\GNOSIA	Animação|Mistério|Sci-Fi & Fantasy	ja	2025	Gunma TV|Tokyo MX|BS11|Tochigi TV
84d81721-086c-6822-6a6e-f9d7b11424e5	Godfather of Harlem	Godfather of Harlem	N:\Series\Godfather of Harlem	Drama|Crime	en	2019	Epix|MGM+
4b0854fd-99a1-74df-137c-9b4facfb2f2f	Godzilla Ponto Singular	ゴジラS.P＜シンギュラポイント＞	N:\Series\Godzilla Singular Point	Animação|Action & Adventure|Sci-Fi & Fantasy|Mistério	ja	2021	Tokyo MX|BS11|KBS Kyoto
eed6857d-baf2-ecb7-7242-cfacf89f8c09	Gokushufudou: Tatsu Imortal	極主夫道	N:\Series\Gokushufudou	Animação|Comédia	ja	2021	Netflix
467ef7d7-5874-57c6-94e3-87d7bfa01cb9	Gol Contra	Goles en contra	N:\Series\Gol Contra	Drama	es	2022	
0b7933fc-4ed7-83f5-d9a9-a69f764072ff	Golias	Goliath	N:\Series\Goliath	Crime|Drama	en	2016	Prime Video
68bf8281-0fd6-def3-a0a8-214f615be56f	Good Girls	Good Girls	N:\Series\Good Girls	Drama|Crime	en	2018	NBC
67db7b95-5fb3-c41a-c867-deaa94c66ec0	Gotham	Gotham	N:\Series\Gotham	Drama|Crime|Sci-Fi & Fantasy	en	2014	FOX
9349217f-63ae-7ec6-3485-9b9bcd7b26d8	Grace and Frankie	Grace and Frankie	N:\Series\Grace and Frankie	Comédia|Drama	en	2015	Netflix
c973c951-9600-6ad3-0216-62a39d19d8a8	Grand Army	Grand Army	N:\Series\Grand Army	Drama	en	2020	Netflix
a11f6264-5f10-db1c-5c64-736eac1093f0	Great Pretender	GREAT PRETENDER	N:\Series\Great Pretender	Animação|Drama|Comédia|Action & Adventure	ja	2020	Fuji TV|DMM TV
2ce7310a-dad2-eba9-8293-0427ac5759fb	Grey's Anatomy	Grey's Anatomy	N:\Series\Greys Anatomy	Drama	en	2005	ABC
7183275a-c603-6ad4-b466-7be58fa4d543	Grimm: Contos de Terror	Grimm	N:\Series\Grimm	Drama|Mistério|Sci-Fi & Fantasy	en	2011	NBC
116a9ed1-8297-11af-c84a-39e84a9c562e	Grown-ish	grown-ish	N:\Series\Grown-ish	Comédia	en	2018	Freeform
4e2fbed8-3cbd-b042-cb83-9ae1e56f84fc	Guerra às Drogas	Narco Wars	N:\Series\Guerra às Drogas	Documentário	en	2020	National Geographic
ee34c192-c874-c6a3-db5d-a6355a237b7f	Guerra de Vizinhos	Guerra de vecinos	N:\Series\Guerra de Vizinhos	Comédia	es	2021	Netflix
242e5136-71ef-9277-5fc3-c800ac699396	Guerra do Imaginário: A Jornada de Chesterton, Lewis e Tolkien	Guerra do Imaginário: A Jornada de Chesterton, Lewis e Tolkien	N:\Series\Guerra do Imaginário - A Jornada de Chesterton, Lewis e Tolkien	Documentário	pt	2022	Brasil Paralelo
0fc7410e-64df-aad9-3444-f241f6bc4f11	Guerra dos Sexos	Guerra dos Sexos	N:\Series\Guerra dos Sexos	Soap|Comédia	pt	1983	TV Globo
d9b60f32-f910-0c2d-5581-6d32493128ee	Gunpowder	Gunpowder	N:\Series\Gunpowder	War & Politics|Drama	en	2017	BBC One
41bbae25-2fc1-de58-d82a-7e5f75673bda	Gyakuten Sekai no Denchi Shoujo	逆転世界ノ電池少女	N:\Series\Rumble Garanndoll	Animação|Action & Adventure|Sci-Fi & Fantasy	ja	2021	AT-X
5f26a7bf-c9cc-ad15-889f-d1a068a3a20c	Hache	Hache	N:\Series\Hache	Drama|Crime	es	2019	Netflix
0855ed70-ac77-085e-50e5-40f6d97636a2	Haha, You Clowns	Haha, You Clowns	N:\Series\Haha, You Clowns	Animação|Comédia	en	2025	Adult Swim
45b66503-25dd-bb9f-5ce4-e3a55c5a694e	Haja Coração	Haja Coração	N:\Series\Haja Coração	Soap	pt	2016	TV Globo
de8f0df4-5dc4-cea7-6144-598481ddaf11	Halo	Halo	N:\Series\Halo	Sci-Fi & Fantasy|Action & Adventure	en	2022	Paramount+
dd9e7ccb-7e08-e8b8-c8a6-61cbad49c0da	Halston	Halston	N:\Series\Halston	Drama	en	2021	Netflix
65fda82a-ba5e-0bfa-46a2-3e933f113264	Hanna	Hanna	N:\Series\Hanna	Action & Adventure|Drama	en	2019	Prime Video
44ebe0b7-8108-98a6-5ddb-3a7ab485574c	Hannah Montana	Hannah Montana	N:\Series\Hannah Montana	Comédia|Família	en	2006	Disney Channel
25adcee9-da0d-58b3-62f3-272d0f334187	Hannibal	Hannibal	N:\Series\Hannibal	Drama|Crime	en	2013	NBC
e8346b21-5bf6-fe22-d429-95e384c46e9b	Happy Days	Happy Days	N:\Series\Happy!	Comédia	en	1974	ABC
4cd2ef88-53ce-b068-b9a9-78eb67009087	Hard Quiz	Hard Quiz	N:\Series\Hard	Comédia	en	2016	ABC TV
11d27ab8-f617-4d2e-701c-82234ba1043e	Harlots	Harlots	N:\Series\Harlots	Drama	en	2017	ITV Encore|Hulu
72475d75-3eb8-3b07-e16d-d8ce09a985b4	Harrow	Harrow	N:\Series\Harrow	Crime|Drama|Mistério	en	2018	ABC TV
7a82b1c3-483b-a8fc-938b-f6b9efda7a09	Hatena☆Illusion	はてな☆イリュージョン	N:\Series\Hatena Illusion	Animação|Comédia|Drama|Sci-Fi & Fantasy	ja	2020	MBS|BS Nippon TV
e8e17ba8-b28c-49e3-a5f5-18e3c6b3cc00	Hatfields & McCoys	Hatfields & McCoys	N:\Series\Hatfields e McCoys	Faroeste|Drama	en	2012	History
43e6f72d-13e9-b2c6-7080-4aa3d3f9761e	Havaí Cinco-0	Hawaii Five-0	N:\Series\Hawaii Five-0	Crime|Drama|Action & Adventure	en	2010	CBS
9f1950c0-88c3-0e19-2da5-34165e06ac18	He-Man E Os Mestres Do Universo	He-Man E Os Mestres Do Universo	N:\Series\He-Man e os Mestres do Universo		pt	1983	
629067fa-7dbe-8a92-ccd1-201b666fe970	Heartbreak High: Onde Tudo Acontece	Heartbreak High	N:\Series\Heartbreak High - Onde Tudo Acontece (2022)	Drama	en	1994	ABC TV|10
59d4b77b-31e8-950d-db79-622d2a7e517e	Heartland	Heartland	N:\Series\Heartland	Família|Drama|Comédia	en	2007	CBC Television
489f1738-66cc-3d65-4db8-653cf5e77b8b	Hebe	Hebe	N:\Series\Hebe	Talk	pt	1966	SBT|Record|RedeTV!|TV Tupi
d672a236-8387-c038-3c1c-f2c6c7644873	Heels	Heels	N:\Series\Heels	Drama|Action & Adventure	en	2021	STARZ
354d7551-366a-a12c-3e39-09160bb7aa8d	Hell's Paradise	地獄楽	N:\Series\Hell's Paradise	Animação|Action & Adventure|Sci-Fi & Fantasy	ja	2023	TV Tokyo|TV Aichi|TVQ|TV Osaka|TVh|TSC
bcaa0d58-a76a-aa85-2068-7ff5a1d704ac	Helluva Boss	Helluva Boss	N:\Series\Boss	Animação|Comédia|Drama|Sci-Fi & Fantasy	en	2020	YouTube|Prime Video
e0ef7946-6a17-9aeb-12f6-21fae66ac71b	Helstrom	Helstrom	N:\Series\Helstrom	Action & Adventure|Sci-Fi & Fantasy|Drama	en	2020	Hulu
26010c55-83e5-0d87-6f67-cb083ed54e8a	Hércules	Hercules	N:\Series\Hércules	Comédia|Kids|Animação|Action & Adventure	en	1998	Syndication|ABC
1efc06c4-0571-9d8f-a0e1-0a54ae73e3bd	Here and Now	Here and Now	N:\Series\Here and Now	Drama	en	2018	HBO
089d63d2-fd5b-8586-bca4-3436f9fe366a	Heroes	Heroes	N:\Series\Heroes	Sci-Fi & Fantasy|Drama	en	2006	NBC
7e310f2a-bdb5-117e-7b27-778111ddfa65	High School Musical: A Série: O Musical	High School Musical: The Musical: The Series	N:\Series\High School Musical - A Série - O Musical	Família|Comédia|Drama	en	2019	Disney+
1972e620-dc8d-4b31-b45d-a630d69a6e32	High: Confissões de uma Traficante	High: Confessions of an Ibiza Drug Mule	N:\Series\High - Confissões de uma Traficante	Documentário	en	2021	BBC One
3469ce32-af01-f5ba-771c-86d197e2b65c	Hightown	Hightown	N:\Series\Hightown	Drama|Crime	en	2020	STARZ
b1cdf233-13e5-978b-f6ff-a3b945403731	Higurashi: When They Cry - GOU	ひぐらしのなく頃に 業	N:\Series\Higurashi When They Cry Gou	Animação|Mistério|Sci-Fi & Fantasy|Drama	ja	2020	Tokyo MX|BS11
8b307542-71ee-45b0-a3be-f6ca74d133e5	Hilda Furacão	Hilda Furacão	N:\Series\Hilda Furacão	Drama|War & Politics|Soap	pt	1998	TV Globo
07060f19-b029-fae4-664f-afc92e45e603	Hip Hop Uncovered	Hip Hop Uncovered	N:\Series\Hip Hop Uncovered	Documentário	en	2021	FX
45a82942-a141-b292-0b54-55677f60c00e	His Dark Materials: Fronteiras do Universo	His Dark Materials	N:\Series\His Dark Materials	Sci-Fi & Fantasy|Drama|Action & Adventure	en	2019	BBC One
96df9c83-e304-e174-0946-133c4a610158	Histórias de Verão	Cielo grande	N:\Series\Histórias de Verão	Kids|Drama|Família|Comédia	es	2022	Netflix
bb0bee35-29a6-e09e-d7ef-45dfa7682c24	Histórias Maravilhosas	Amazing Stories	N:\Series\Histórias Maravilhosas	Sci-Fi & Fantasy|Action & Adventure	en	2020	Apple TV
d9e50feb-b4ee-9f24-2802-6fe010b5a018	Hit and Run	Hit and Run	N:\Series\Hit and Run	Drama	de	2018	funk
00c3be0e-ae47-212d-5b09-75978660f345	Holly Hobbie	Holly Hobbie	N:\Series\Holly Hobbie	Família|Drama	en	2018	Family Channel|Hulu|BYU Television
a6da7af5-5e4d-68e0-1198-c2e100147df9	Home and Away	Home and Away	N:\Series\Away	Drama|Soap	en	1988	Seven Network
9f475332-c054-7776-e039-8463ccfe98dd	Home Before Dark	Home Before Dark	N:\Series\Home Before Dark	Mistério|Drama	en	2020	Apple TV
ee0844c1-1f2d-9cc6-7ea4-50a6a23d5864	Homecoming: De Volta à Pátria	Homecoming	N:\Series\Homecoming - De Volta à Pátria	Drama	en	2018	Prime Video
417c8ef8-1500-5d9f-7f14-cb14803253a1	Homeland - Segurança Nacional	Homeland	N:\Series\Homeland - Segurança Nacional	Drama|War & Politics|Crime	en	2011	Showtime
709dfcec-ae8a-b5b9-3cc2-a187c4766960	Homem X Abelha: A Batalha	Man vs Bee	N:\Series\Homem X Abelha - A Batalha	Família|Comédia	en	2022	Netflix
ee7608da-0791-51ec-362f-9807c36a1453	Homens com Missão	아는 형님	N:\Series\Homens_	Reality|Comédia	ko	2015	JTBC
f35f8f92-f42f-a793-1168-2826b811749d	Homens de Terno	Suits	N:\Series\Suits	Drama	en	2011	USA Network
01d08ddd-65ad-2b63-d676-3d9e90143f75	Homens de Terno LA	Suits LA	N:\Series\Suits LA (2025)	Drama	en	2025	NBC
6a06b2b1-529c-6a78-296b-98d0f624176b	Homicídio	Homicide: Life on the Street	N:\Series\Homicídio (2024)	Mistério|Drama|Crime	en	1993	NBC
819104da-2e51-ac87-7efc-531ef7a6557a	Honra e Amor	Sakla Beni	N:\Series\Amor e Honra	Drama	tr	2023	Star TV
4e2a707a-031b-081a-6f99-1f5b0f5511e8	Hora de Aventura	Adventure Time	N:\Series\Hora de Aventura	Animação|Comédia|Sci-Fi & Fantasy	en	2010	Cartoon Network
79b7cbf0-c5ae-d4f4-62da-070893a3ba07	Hora de Aventura: Terras Distantes	Adventure Time: Distant Lands	N:\Series\Hora de Aventura - Terras Distantes	Animação|Action & Adventure|Comédia|Sci-Fi & Fantasy|Família	en	2020	HBO Max
d3738c83-36e6-894b-cad5-816920a8ede4	Horimiya	ホリミヤ	N:\Series\Horimiya	Animação|Comédia|Drama	ja	2021	Gunma TV|Tokyo MX|BS11|Tochigi TV
73c8c2eb-7336-bf3c-a7e3-81cf1b995a7b	Hospital New Amsterdam	New Amsterdam	N:\Series\New Amsterdam	Drama	en	2018	NBC
bdee3d31-455c-ed9b-d67d-bfb16aea4e03	Hospital New Amsterdam	New Amsterdam	N:\Series\Amsterdam	Drama	en	2018	NBC
bf5b5eee-0f9d-8fa3-a2fe-df871ea320f3	Hotel Portofino	Hotel Portofino	N:\Series\Hotel Portofino	Mistério|Drama	en	2022	BritBox|U&Drama
149a8b7b-62cf-b3bb-7db6-013189476170	Houdini & Doyle	Houdini & Doyle	N:\Series\Houdini	Drama|Crime|Mistério	en	2016	ITV1|FOX|Global TV
0afc2f57-4c21-6265-0bf9-a4de7b212ddc	House of Cards	House of Cards	N:\Series\House of Cards	Drama	en	2013	Netflix
bb52850f-9645-caa6-c907-337a37aca1ee	House of Lies	House of Lies	N:\Series\House of Ho	Comédia|Drama	en	2012	Showtime
b0960103-0483-178a-6a01-957125ade015	How I Met Your Father	How I Met Your Father	N:\Series\How I Met Your Father	Comédia|Drama	en	2022	Hulu
fecccbe4-88c4-afd5-9589-6d14f8b698c2	Hulk e os Agentes de S.M.A.S.H.	Marvel's Hulk and the Agents of S.M.A.S.H.	N:\Series\Hulk e os Agentes de S.M.A.S.H	Action & Adventure|Animação|Sci-Fi & Fantasy	en	2013	Disney XD
db2e1b1b-1f3d-6bec-eee0-b3273ac1b8c1	Hung	Hung	N:\Series\Hung	Comédia	en	2009	HBO
7b45a9cc-050d-f294-d33f-792146702c1d	I Am Not Okay with This	I Am Not Okay with This	N:\Series\I Am Not Okay with This	Drama|Comédia|Sci-Fi & Fantasy	en	2020	Netflix
8b309bfb-6ed6-3a76-2ea6-b9ece1327bd1	I Love Paraisópolis	I Love Paraisópolis	N:\Series\I Love Paraisópolis	Soap|Drama	pt	2015	TV Globo
939e8fef-ebc5-1969-f4e4-e990fb0d7088	I Love That for You	I Love That for You	N:\Series\I Love That for You	Comédia	en	2022	Showtime
70abf99c-7557-56d0-1faa-c983e612dc96	I May Destroy You	I May Destroy You	N:\Series\I May Destroy You	Drama	en	2020	BBC One
3971b828-94cf-1150-4337-82d03accea1f	I'm the Villainess, So I'm Taming the Final Boss	悪役令嬢なのでラスボスを飼ってみました	N:\Series\Akuyaku Reijou nanode Last Boss wo Kattemimashita	Animação|Comédia|Sci-Fi & Fantasy	ja	2022	Tokyo MX
a099f488-b525-3112-e983-213196453d1f	iCarly	iCarly	N:\Series\iCarly	Comédia	en	2007	Nickelodeon|
f7cdce3b-98af-7493-485e-fa2456865b38	iCarly	iCarly	N:\Series\iCarly (2021)	Comédia	en	2007	Nickelodeon|
e9d1c647-474b-62f0-1742-108c63e73862	ID:Invaded	ID：INVADED イド：インヴェイデッド	N:\Series\ID - Invaded	Animação|Drama|Mistério|Action & Adventure|Sci-Fi & Fantasy	ja	2020	Tokyo MX|BS11
4396a27f-bc14-a55c-471b-09407e8286c8	Ilha de Ferro	Ilha de Ferro	N:\Series\Ilha de Ferro	Drama	pt	2018	Globoplay
91a75069-a6fe-b2b8-6816-6e698d487d7b	Ilha Record	Ilha Record	N:\Series\Ilha Record	Reality	pt	2021	Record
0387bcfe-a189-10a7-bc07-301ded684406	Iluminadas	Shining Girls	N:\Series\Iluminadas	Drama|Mistério|Crime	en	2022	Apple TV
272b6a80-7e1f-f2b0-1416-dc4de72e3518	Império	Império	N:\Series\Império	Soap|Drama	pt	2014	TV Globo
f0f593cc-8067-d35a-6e0a-e02953d74cc9	Império da Ostentação	Bling Empire	N:\Series\Império da Ostentação	Reality	en	2021	Netflix
458a22f1-2d22-aef7-2bcd-858d50db4699	Império de Mentiras	Imperio De Mentiras	N:\Series\Império de Mentiras	Drama|Action & Adventure|Soap	es	2020	Las Estrellas
851e4cb5-deb4-cb76-ee2f-f24729b182ac	Impuros	Impuros	N:\Series\Impuros	Crime|Drama|Action & Adventure	pt	2018	Fox Premium Series|Fox Brasil|Disney+|Star+
f71b165b-a848-121b-3916-8495a80dea20	In Limbo	In Limbo	N:\Series\Limbo	Comédia|Drama	en	2023	ABC TV
0eb2f406-8fae-a2c8-d67b-09f61a928317	In/Spectre	虚構推理	N:\Series\Kyokou Suiri	Animação|Comédia|Mistério|Sci-Fi & Fantasy	ja	2020	tv asahi|Tokyo MX
cd45ef9e-bd3c-0a3f-ee15-4d131a65600d	Inacreditável	Unbelievable	N:\Series\Inacreditável	Drama|Crime	en	2019	Netflix
e7ffc933-5be5-c11d-c00e-8ed3a65558f8	Infiniti	Infiniti	N:\Series\Infiniti	Sci-Fi & Fantasy|Mistério|Drama	fr	2022	Canal+
c6d4f4a8-a1b0-503f-364b-62106f12ae69	Inimigo Interno	The Enemy Within	N:\Series\The Enemy Within	Drama|Crime	en	2019	NBC
0f28b095-78e7-78f6-a6df-3a719d400d79	Inocente: Uma História Real de Crime e Injustiça	The Innocent Man	N:\Series\Inocente - Uma História Real de Crime e Injustiça	Documentário|Crime	en	2018	Netflix
87670249-3b7d-6488-79c8-57e243ad7da6	Insaciável	Insatiable	N:\Series\Insatiable	Drama|Comédia	en	2018	Netflix
6fff7db0-49a8-e67f-0134-143dc68a0233	Insânia	Insânia	N:\Series\Insânia	Drama	pt	2021	Star+
0246eb95-cb4a-2cbd-a84b-e3140f1faa3e	Insecure	Insecure	N:\Series\Insecure	Comédia|Drama	en	2016	HBO
acf5866e-75fe-4dd2-fdac-a9d4c5538f3d	Insensato Coração	Insensato Coração	N:\Series\Insensato Coração	Soap|Drama|Comédia	pt	2011	TV Globo
d3374790-49bf-4f76-722f-1518594ceee1	Instituto Voltaire	Mixte	N:\Series\Instituto Voltaire	Comédia|Drama	fr	2021	Prime Video
7a65cb51-40de-8334-2efd-5362a8fef701	Inumanos da Marvel	Marvel's Inhumans	N:\Series\Inumanos da Marvel	Drama|Sci-Fi & Fantasy|Action & Adventure	en	2017	ABC
f6da1a8f-59e4-e5f4-dec4-ac6f6f91bbcb	Invasão	Invasion	N:\Series\Invasão	Sci-Fi & Fantasy|Drama	en	2021	Apple TV
7de56f18-b77b-e0f5-009f-7f77db777cf8	INVENCÍVEL	INVINCIBLE	N:\Series\Invencível	Animação|Drama|Sci-Fi & Fantasy|Action & Adventure	en	2021	Prime Video
0f0ac5d7-7f7e-1ca6-2949-e5c9cb850cea	Inventando Anna	Inventing Anna	N:\Series\Inventando Anna	Drama	en	2022	Netflix
7ee99ef0-ddb8-0327-0731-f0dd2d583af6	Inventando Anna	Inventing Anna	N:\Series\Anna	Drama	en	2022	Netflix
64e66798-086d-76cd-5ec1-b7844d43c9ac	Irina: The Vampire Cosmonaut	月とライカと吸血姫	N:\Series\Irina The Vampire Cosmonaut	Animação|Drama|Sci-Fi & Fantasy	ja	2021	TV Tokyo
705fa113-e7e0-fa11-e4c8-0b1f51e8496b	Irma Vep	Irma Vep	N:\Series\Irma Vep	Comédia|Drama	en	2022	HBO
12256b5c-cb54-e24d-be9b-44b12effc1d0	Irmandade	Irmandade	N:\Series\Irmandade	Drama|Action & Adventure	pt	2019	Netflix
d77331f6-0085-9c81-617b-ee926098a743	Irmão do Jorel	Irmão do Jorel	N:\Series\Irmão do Jorel	Animação|Comédia|Kids|Drama	pt	2014	Cartoon Network
093e024b-f6ae-567b-2a36-a4c9da0a3ea5	Irmãos à Obra	Property Brothers	N:\Series\Irmãos à Obra	Reality	en	2011	HGTV
36bb0dd1-48ce-64ce-da71-58d93fa58edf	Irmãos à Obra: Compra e Venda	Property Brothers: Buying and Selling	N:\Series\Irmãos à Obra - Compra e Venda	Reality	en	2012	HGTV
e04518bd-02e1-0ff3-b5c1-634ad28547f2	Irmãos à Obra: Lar Sempre Lar	Property Brothers: Forever Home	N:\Series\Irmãos à Obra - Lar Sempre Lar	Reality	en	2019	HGTV
033e0f2f-63d1-116c-8019-5a972d219f89	Irmãos de Guerra	Battleground Afghanistan	N:\Series\Irmãos de Guerra	Documentário|Reality	en	2013	National Geographic
f7dd9619-7e24-3162-ef67-09e4d0c00252	It's a Sin	It's a Sin	N:\Series\Its a Sin	Comédia|Drama	en	2021	Channel 4
b1163850-e65c-0660-f601-8ae19d5756c4	iZombie	iZombie	N:\Series\iZombie	Drama|Crime|Sci-Fi & Fantasy	en	2015	The CW|
9e1479e8-2570-5ae1-f09a-df25a3a4f88c	Jack Ryan de Tom Clancy	Tom Clancy's Jack Ryan	N:\Series\Jack Ryan de Tom Clancy	Action & Adventure|Drama	en	2018	Prime Video
e93aff91-a99b-e6da-7e21-afc575005017	Jane a Virgem	Jane the Virgin	N:\Series\Jane The Virgin	Comédia|Drama	en	2014	The CW
5adcfb7c-75b4-cebd-9ca7-d4ab9dea1515	Jeremy Wade - Águas Misteriosas	Jeremy Wade's Dark Waters	N:\Series\Jeremy Wade - Águas Misteriosas	Documentário	en	2019	Animal Planet
4d890551-61b3-1944-9dca-a94f853538dc	Jessie	Jessie	N:\Series\Jessie	Comédia|Kids|Drama|Família	en	2011	Disney Channel
5c6d0124-6c20-d5b4-0d00-2c8f9dccc73d	Jesus	Jesus	N:\Series\Jesus	Drama	pt	2018	Record
5c991fee-8cac-d28f-b9de-23b8d3b5b0c3	Jezabel	Jezabel	N:\Series\Jezabel	Soap|Drama	pt	2019	Record
177b595a-9a95-07a3-794d-7e317251b995	Jiban	機動刑事ジバン	N:\Series\Jiban (1989)	Action & Adventure|Sci-Fi & Fantasy	ja	1989	tv asahi
5cf6bc0e-2717-73cf-6523-433d0701caf9	Jiva!	Jiva!	N:\Series\Jiva!	Drama	en	2021	Netflix
d394bbd5-6fd3-f4a3-b488-301586064a02	Joias Sobre Rodas	Wheeler Dealers	N:\Series\Joias Sobre Rodas	Reality|Documentário	en	2003	Velocity|Discovery Real Time|Discovery|MotorTrend
d84007ef-a54e-0715-bab2-239d1e01b2d7	Jornada nas Estrelas: A Nova Missão	Star Trek: Deep Space Nine	N:\Series\A Missão	Sci-Fi & Fantasy|Action & Adventure|Drama	en	1993	Syndication
84d0ec20-9a4b-8f81-43af-c46b5fc188fa	Jornada nas Estrelas: Picard	Star Trek: Picard	N:\Series\Star Trek Picard	Sci-Fi & Fantasy|Action & Adventure|Drama	en	2020	CBS All Access|Paramount+
c085d6a2-5a51-db8c-c1f2-5a72188e87e1	Jujutsu Kaisen	呪術廻戦	N:\Series\Jujutsu Kaisen	Animação|Sci-Fi & Fantasy|Action & Adventure	ja	2020	MBS|TBS|CBC|Tulip Television|SBC|BSN|tys|NBC|HBC|RKK|i-Television|SBS|IBC|BSS|MRO|OBS|TUF|RSK|TUY|tbc|RKB|KUTV|RBC|UTY|RCC|MRT|ATV|MBC
c5155599-f00e-f6e2-4072-1b5fc1965ff5	Julia	Julia	N:\Series\Julia	Comédia	en	1968	NBC
edad28ca-f1b0-e19b-e1a9-894bc34a4697	Julie e os Fantasmas	Julie and the Phantoms	N:\Series\Julie e os fantasmas	Família|Comédia|Sci-Fi & Fantasy	en	2020	Netflix
ad4f2e7e-629a-b402-9ad8-2ee364dff3aa	Jungle Nest	Jungle Nest	N:\Series\Jungle Nest	Action & Adventure|Comédia	es	2016	Disney XD|Disney Channel
89070871-b85d-32e5-025d-6043856edeba	Just Beyond	Just Beyond	N:\Series\Just Beyond	Família|Comédia	en	2021	Disney+
d971f8f7-0c14-bb0b-9f69-819a9f409b30	Justiça por Malik Oussekine	Oussekine	N:\Series\Justiça por Malik Oussekine	Drama	fr	2022	Disney+
f2226427-e006-1db8-9569-70d32e90b68b	Kaguya-sama: Love Is War	かぐや様は告らせたい～天才たちの恋愛頭脳戦～	N:\Series\Kaguya-sama Love Is War	Comédia|Animação	ja	2019	Gunma TV|Tokyo MX|BS11|Tochigi TV
0bb279e0-2dd9-1684-4226-03091d9fc706	Kakegurui	賭ケグルイ	N:\Series\Kakegurui	Animação|Mistério|Crime|Drama	ja	2017	MBS|Tokyo MX
722650e3-2be9-b6cf-67c3-06961c1b4fc0	Kamp Koral: Bob Esponja, Primeiros Anos!	Kamp Koral: SpongeBob's Under Years	N:\Series\Bob Esponja Kamp Koral	Animação|Comédia|Família	en	2021	Paramount+
9c4edc13-c40e-cffe-f224-0e9b78e9c563	Katla	Katla	N:\Series\Katla	Drama|Mistério|Sci-Fi & Fantasy	is	2021	Netflix
824087e4-5168-4315-2502-7211fb42ad1c	Katy Keene	Katy Keene	N:\Series\Katy Keene	Comédia|Drama	en	2020	The CW
3e6eeccd-f8d0-3cbf-9a10-38ffd26b0a74	Kenan e Kel	Kenan & Kel	N:\Series\Kenan	Família|Comédia|Kids	en	1996	Nickelodeon
2a4ecf3f-4c51-8e99-85df-40d85771480d	Kevin Can F**K Himself	Kevin Can F**K Himself	N:\Series\KEVIN CAN F HIMSELF	Comédia|Drama	en	2021	AMC
04e30c09-544b-fcd3-dc78-d9d4ab5bb2df	Killing Eve: Dupla Obsessão	Killing Eve	N:\Series\Killing Eve	Crime|Drama	en	2018	BBC America
399b5fe5-de40-1b50-63e3-4d46135bcef7	Kleo	Kleo	N:\Series\Kleo	Action & Adventure|Drama|Crime	de	2022	Netflix
85a9322a-37e7-73fe-9359-2125539c7f5a	Koala Man	Koala Man	N:\Series\Koala Man	Animação|Comédia	en	2023	Hulu
a1d7519b-f701-123a-253c-c1c08cad3b80	Kono Oto Tomare!: Sounds of Life	この音とまれ！	N:\Series\Kono Oto Tomare!	Animação|Drama	ja	2019	BS11|AT-X|Tochigi TV|HTB|WOWOW Prime|Tokyo MX
58ee76e8-e5a9-0165-29fb-4985a8811348	KPop Demon Hunters Bonus Content	KPop Demon Hunters Bonus Content	N:\Series\Bônus de 250 Reais_ Quebrei Tudo	Comédia	en	2026	Netflix
6e8baa15-f60a-d6ef-49d3-e49ff00cd0bd	Krypton	Krypton	N:\Series\Krypton	Action & Adventure|Drama|Sci-Fi & Fantasy	en	2018	Syfy
710ca7a5-0d2c-2759-51b8-2a0e17af83b6	Kubanacan	Kubanacan	N:\Series\Kubanacan	Soap|Comédia|Drama	pt	2003	TV Globo
6da5223a-bdb1-d261-9cb9-07344abd42aa	Kuroko's Basketball	黒子のバスケ	N:\Series\Kuroko no Basket	Animação|Comédia|Drama	ja	2012	MBS
c3bfb804-2ee0-6473-f58c-8885df6690a0	Kyle XY	Kyle XY	N:\Series\Kyle XY	Sci-Fi & Fantasy|Drama	en	2006	ABC Family
197281ec-9b38-ece6-6943-d449003b921b	La Brea: A Terra Perdida	La Brea	N:\Series\La Brea - A Terra Perdida	Sci-Fi & Fantasy|Drama|Action & Adventure	en	2021	NBC
71aa79da-5e41-e013-81f2-a401a6f5a039	La casa de papel	La casa de papel	N:\Series\La Casa de Papel	Crime|Drama	es	2017	Netflix|Antena 3
36047017-cf0b-1f86-7811-d3552ea194b0	La Casa de Papel: Coreia	종이의 집: 공동경제구역	N:\Series\La Casa de Papel - Coreia	Action & Adventure|Crime|Drama|Mistério	ko	2022	Netflix
7f61eb0b-a217-dd4c-e20a-bc722b01116c	La Révolution	La Révolution	N:\Series\La Revolution	Drama	fr	2020	Netflix
4ca472b5-7817-1c85-fa39-56ef2f695a8d	Lab Rats	Lab Rats	N:\Series\Lab Rats	Comédia|Sci-Fi & Fantasy|Kids	en	2012	Disney XD
15da3361-6583-e8d5-6748-2f9929ddecca	Labirinto do Medo	Dead Places	N:\Series\Labirinto do Medo	Mistério|Drama	en	2021	Netflix
c58cd2c0-5635-9e09-d1c1-295545f5cbd3	Laços de Família	Laços de Família	N:\Series\Laços de Família	Soap|Drama	pt	2000	TV Globo
3c911f8e-68cd-7c31-ccaf-9b932cc2587c	Lady Night	Lady Night	N:\Series\Lady Night	Talk|Comédia	pt	2017	Multishow
ae3eee64-1bbb-7251-4ef9-7ccf0fdc7510	Laetitia	Laëtitia	N:\Series\Laetitia	Crime|Drama	fr	2020	France 2
e37e5074-de9d-5af0-65cd-b57319e2f121	Lakers: Hora de Vencer	Winning Time: The Rise of the Lakers Dynasty	N:\Series\Lakers - Hora de Vencer	Drama|Comédia	en	2022	HBO
00a05206-7d1f-cd0f-7582-2a445e5df05b	Lances da Vida	One Tree Hill	N:\Series\One Tree Hill	Drama	en	2003	The WB|The CW
4eb96f85-ff2e-c724-4c6e-bfa9a2c25216	Landscapers	Landscapers	N:\Series\Landscapers	Comédia|Crime|Drama	en	2021	HBO
b8f335cd-3d10-7d35-dd2e-2bdbc5114df0	Largado e Pelados Sozinhos	NULL	N:\Series\Largado e Pelados Sozinhos		NULL	NULL	
ad2e61d4-744e-9cfd-b2c9-65a2d37c298b	Largados e Pelados	Naked and Afraid	N:\Series\Largados e Pelados	Reality	en	2013	Discovery
431fccc0-e9a2-959b-5969-1cc6ac3fb720	Largados e Pelados Brasil	Largados e Pelados Brasil	N:\Series\Largados e Pelados Brasil	Reality	pt	2021	discovery+|Max|HBO Max
bbab69bc-994d-fd0a-a730-e2956d9b4123	Largados e Pelados: A Tribo	Naked and Afraid XL	N:\Series\Largados e Pelados - A Tribo	Reality	en	2015	Discovery
975c2d64-03d5-6bce-6ba4-74065105190b	Largados, Pelados e Apaixonados	Naked and Afraid of Love	N:\Series\Largados, Pelados e Apaixonados	Reality	en	2021	discovery+
50083f00-0ab6-9a91-5cec-777dc8fc613b	Last Chance U: Basketball	Last Chance U: Basketball	N:\Series\Last Chance U - Basketball	Documentário	en	2021	Netflix
c7a0e6fb-56a9-76ff-90ad-8240d2a165d5	Law & Order: Crime Organizado	Law & Order: Organized Crime	N:\Series\Lei e Ordem - Crime Organizado	Crime|Drama	en	2021	NBC|Peacock
c6dc494b-51ab-baaa-185d-2b17ae27ebc9	Leavenworth	Leavenworth	N:\Series\Leavenworth	Documentário	en	2019	STARZ
0c51bd75-6d38-dbd3-461d-94ba77e7c589	Legacy: A Verdadeira História dos Lakers	Legacy: The True Story of the LA Lakers	N:\Series\Legacy - A Verdadeira História dos Lakers	Documentário	en	2022	Hulu
84d21f5f-69ed-d6bf-bee1-a8443109439a	Legados	Legacies	N:\Series\Legacies	Sci-Fi & Fantasy|Drama	en	2018	The CW
aeeb8bf3-a84e-33b7-35cc-493247b3cd89	Legião	Legion	N:\Series\Legion	Action & Adventure|Sci-Fi & Fantasy|Drama	en	2017	FX
cf4b8732-ae6d-3cef-f72f-8f5a6a5133a1	LEGO Aventuras na Cidade	LEGO City Adventures	N:\Series\LEGO Aventuras na Cidade	Animação|Action & Adventure|Família|Comédia|Kids	en	2019	Nickelodeon|YTV|YouTube
646bc613-73fd-5f1e-a89b-d5bddc0e55ef	LEGO Star Wars: All-Stars	LEGO Star Wars: All-Stars	N:\Series\LEGO Star Wars - All-Stars	Animação|Família|Comédia|Sci-Fi & Fantasy	en	2018	Disney XD
88b98815-3612-9d6a-4732-18589e6e84fc	LEGO Star Wars: As Aventuras dos Freemaker	LEGO Star Wars: The Freemaker Adventures	N:\Series\LEGO Star Wars - As Aventuras dos Freemaker	Animação|Comédia|Família|Kids|Sci-Fi & Fantasy|Action & Adventure	en	2016	Disney XD
3abddffd-d2b0-df29-02bf-0acd20a99c3c	Lei & Ordem: Unidade de Vítimas Especiais	Law & Order: Special Victims Unit	N:\Series\Lei e Ordem - Unidade de Vítimas Especiais	Crime|Drama|Mistério	en	1999	NBC
9634e9fd-f2e9-b861-c96f-8dc5a6fd2e6d	Lei & Ordem: Unidade de Vítimas Especiais	Law & Order: Special Victims Unit	N:\Series\Special	Crime|Drama|Mistério	en	1999	NBC
d7be3e2a-08f2-35fc-ddce-3009cf4df549	Lemony Snicket: Desventuras em Série	A Series of Unfortunate Events	N:\Series\Desventuras em Série	Action & Adventure|Família|Comédia|Mistério	en	2017	Netflix
83267607-642e-3f76-1c8a-6dbf9157b928	Lendas da Marvel	Marvel Studios Legends	N:\Series\Lendas da Marvel	Documentário|Action & Adventure|Sci-Fi & Fantasy	en	2021	Disney+
09876554-3451-0970-3281-43f15fb7ff18	Lendas do Amanhã	DC's Legends of Tomorrow	N:\Series\Legends Of Tomorrow	Action & Adventure|Sci-Fi & Fantasy|Drama	en	2016	The CW
830ee6f5-1c85-6e49-2c07-8223411bfd7c	Lendas do Amanhã	DC's Legends of Tomorrow	N:\Series\Amanhã	Action & Adventure|Sci-Fi & Fantasy|Drama	en	2016	The CW
e674bdd5-8ac5-6efc-29e3-203762b4b512	Leonardo Da Vinci	Leonardo	N:\Series\Leonardo Da Vinci (2021)	Drama|Crime	en	2021	Rai 1
b19c265f-c06c-e081-947d-f490750e0b65	Let's Play Minecraft	Let's Play Minecraft	N:\Series\Let's Play (2025)	Comédia	en	2012	YouTube
450fb082-fdae-a05e-be91-6915fae3f91a	Lexa: Mostra Esse Poder	Lexa: Mostra Esse Poder	N:\Series\Lexa - Mostra Esse Poder	Documentário	pt	2021	Globoplay
9a2bdd4f-9e96-639e-cbf2-1cfa9b43c315	Liberdade, Liberdade	Liberdade, Liberdade	N:\Series\Liberdade, Liberdade	Soap|Drama	pt	2016	TV Globo
a661d5a1-c1f4-0484-f991-5fe4b8e9251c	Liga da Justiça Ação	Justice League Action	N:\Series\Liga da Justiça Ação	Animação|Action & Adventure|Sci-Fi & Fantasy|Kids	en	2016	Cartoon Network
ec5fa785-6713-9966-2c42-490a8ebac285	Ligações Perigosas	Dangerous Liaisons	N:\Series\Ligações Perigosas	Drama	en	2022	STARZ
0e556b56-7c9c-19fa-7ae6-3fcc4a987349	Lilo e Stitch: A Série	Lilo & Stitch: The Series	N:\Series\Lilo e Stitch - A Série	Animação|Comédia|Família|Sci-Fi & Fantasy|Action & Adventure	en	2003	ABC|Disney Channel|Toon Disney
d7d88188-6ba2-573a-7476-6721d8017f0b	Lista Negra	The Blacklist	N:\Series\The Blacklist	Drama|Crime|Mistério	en	2013	NBC
9bb41860-4d9e-864e-9bf5-cc862486c393	Lista Negra: Redenção	The Blacklist: Redemption	N:\Series\The Blacklist - Redenção	Crime|Drama	en	2017	NBC
1dc9db53-f03e-1328-1eaa-93b2f96ec9f5	Lobo Adolescente	Teen Wolf	N:\Series\Teen Wolf	Sci-Fi & Fantasy|Drama|Comédia	en	2011	MTV
289f7907-8755-317c-d996-3443123a3665	Locke & Key	Locke & Key	N:\Series\Locke e Key	Sci-Fi & Fantasy|Drama|Mistério	en	2020	Netflix
35a040ee-e4e5-d809-ff7d-84cd1c3fcd27	Lois & Clark: As Novas Aventuras do Superman	Lois & Clark: The New Adventures of Superman	N:\Series\Lois e Clark - As Novas Aventuras do Superman	Action & Adventure|Drama|Sci-Fi & Fantasy|Comédia	en	1993	ABC
94c4f4ee-c541-9c70-0823-e5be08e0a5f1	Lois & Clark: As Novas Aventuras do Superman	Lois & Clark: The New Adventures of Superman	N:\Series\Clark	Action & Adventure|Drama|Sci-Fi & Fantasy|Comédia	en	1993	ABC
1f3eb8af-a889-d607-2eb7-138338ef6cef	Loki	Loki	N:\Series\Loki	Drama|Sci-Fi & Fantasy	en	2021	Disney+
127a951f-983b-d932-bd9b-43b651de644c	LOL: Last One Laughing - Alemanha	LOL: Last One Laughing	N:\Series\LOL - Se Rir Já Era	Reality|Comédia	de	2021	Prime Video
65fd6982-989f-a159-9ce8-560ec2611012	Longe Demais	Uzak Şehir	N:\Series\Longe Demais (2024)	Drama|Família|Action & Adventure	tr	2024	Kanal D
899f7eb7-1d49-864d-4f86-57f098a63097	Longe Demais	Uzak Şehir	N:\Series\Longe Demais (2022)	Drama|Família|Action & Adventure	tr	2024	Kanal D
c06e541c-502d-a70c-0e63-a375f4d33fa6	Looking	Looking	N:\Series\Looking	Comédia|Drama	en	2014	HBO
0aaeb151-116f-58ff-60d3-80908b17bafb	Looney Tunes Cartoons	Looney Tunes Cartoons	N:\Series\Looney Tunes Cartoons	Animação|Comédia|Família	en	2020	HBO Max|Max
6b90cc28-2bc8-88b5-e4d7-a177646c0732	Lost	인간실격	N:\Series\Lost (2021)	Drama	ko	2021	JTBC
a0330aa0-81ef-0be4-6314-42012b959fcb	Lost	Lost	N:\Series\Lost	Mistério|Action & Adventure|Drama	en	2004	ABC
d2ebd666-d05c-82be-5402-d473ab684398	Lost Song	LOST SONG	N:\Series\Lost Song	Animação|Action & Adventure|Sci-Fi & Fantasy	ja	2018	Netflix
890d7159-438e-df92-4ace-2136accacc5a	Loucos Um Pelo Outro	이 구역의 미친 X	N:\Series\Loucos Um Pelo Outro	Drama|Comédia	ko	2021	Kakao TV
1d1fef02-ff9e-d14e-5f06-f994d58ae3b0	Love Alarm Clap! Clap! Clap!	좋아하면 울리는 짝!짝!짝!	N:\Series\Love Alarm	Reality	ko	2022	wavve
8b89af72-f8ef-0832-33d3-48db7d1a4b55	Love in the Time of Corona	Love in the Time of Corona	N:\Series\Love in the Time of Corona	Comédia	en	2020	Freeform
94868593-b012-d59e-c08e-987ac4669811	Love Life	Love Life	N:\Series\Love Life	Comédia|Drama	en	2020	HBO Max
d9e226c7-b5ed-13c4-174a-57cd9d534480	Love Me	Love Me	N:\Series\Love Me	Drama	en	2021	Binge
c277ad83-47aa-f8c1-3f3f-b22b3a3166be	Love Unseen Beneath the Clear Night Sky	透明な夜に駆ける君と、目に見えない恋をした。	N:\Series\Night Sky	Animação|Drama	ja	2026	AT-X
5051d6ad-ae46-1f21-c14c-d4f7f81a2636	Love, Death & Robots	Love, Death & Robots	N:\Series\Love Death e Robots	Animação|Sci-Fi & Fantasy	en	2019	Netflix
e51631e5-1ba1-8dcd-2efb-9092fc9eb976	Love, Victor	Love, Victor	N:\Series\Com Amor, Victor	Comédia|Drama	en	2020	Hulu|Disney+
b491cdc6-68c7-e2ec-7eaa-bb60fc4ef6cb	Lovecraft Country	Lovecraft Country	N:\Series\Lovecraft Country	Drama|Mistério|Sci-Fi & Fantasy	en	2020	HBO
82eb8ca3-8efb-e5d8-6c7c-62cc32d3e10b	Lua Cheia de Amor	Lua Cheia de Amor	N:\Series\Lua Cheia de Amor	Soap|Drama|Comédia	pt	1990	TV Globo
45d16187-20dd-860f-8d64-e096aac78e09	Lucifer	Lucifer	N:\Series\Lucifer	Crime|Sci-Fi & Fantasy	en	2016	FOX|Netflix
863260b7-f16b-5d51-4035-de80038886b7	Lupin	Lupin	N:\Series\Lupin	Crime|Drama|Mistério	fr	2021	Netflix
f6c1b267-01b0-55df-1752-7f095699625f	Lutando Pela Vida	Chasing Life	N:\Series\Chasing Life	Drama|Família	en	2014	ABC Family
26f2b55f-ed67-9656-c120-f54216f6e608	Luther	Luther	N:\Series\Luther	Crime|Drama|Mistério	en	2010	BBC One
1bef9fa3-bccf-52a6-1d8a-57bf5f4c0586	Lynch	Lynch	N:\Series\Lynch	Drama|Action & Adventure|Crime	es	2012	
03e80ff1-88f7-b336-c01f-2e271646ba3b	MacGyver - Profissão: Perigo	MacGyver	N:\Series\MacGyver	Drama|Action & Adventure|Crime	en	1985	ABC
2e3130da-77f3-9354-98b8-9573f1d59fc0	MacGyver - Profissão: Perigo	MacGyver	N:\Series\MacGyver - Profissão - Perigo	Drama|Action & Adventure|Crime	en	1985	ABC
e17847a0-11ee-3268-c7e0-023da0d09be8	Machos Alfa	Machos alfa	N:\Series\Machos Alfa	Comédia	es	2022	Netflix
051804c7-61ae-4632-dbc9-560d48c770f5	Mad Men: Inventando Verdades	Mad Men	N:\Series\Mad Men	Drama	en	2007	AMC
72b29ac3-ed7d-a78a-8ec3-00dceab4d71a	Made for Love	Made for Love	N:\Series\Made For Love	Sci-Fi & Fantasy|Drama|Comédia	en	2021	HBO Max
79777513-3239-7f3c-1216-8529381b9f06	Madison	The Madison	N:\Series\Madison (2026)	Drama	en	2026	Paramount+
aa5be792-8c4f-4663-75e8-19a802ac84c5	Mãe Só Tem Duas	Madre solo hay dos	N:\Series\Mãe Só Tem Duas	Comédia|Drama	es	2021	Netflix
069a8d3b-958b-5a65-f959-5f07e49c1b8e	Maggie: A Vidente	Maggie	N:\Series\Maggie - A Vidente	Comédia|Sci-Fi & Fantasy	en	2022	Hulu
4cb32c1f-bdbe-2e75-6d49-8dfb641b8601	Magnum	Magnum, P.I.	N:\Series\Magnum (2026)	Crime|Drama|Mistério	en	1980	CBS
e1942450-c2c1-6e62-a72e-d4426f78422f	Magnum	Magnum, P.I.	N:\Series\Magnum P.I	Crime|Drama|Mistério	en	1980	CBS
dd334636-4ffe-194d-541c-04bc47d9229b	Magos: Contos da Arcadia	Wizards: Tales of Arcadia	N:\Series\Magos - Contos da Arcadia	Animação|Action & Adventure|Comédia|Sci-Fi & Fantasy	en	2020	Netflix
f6b312af-7d1e-c3d4-f5af-b1a30785408d	Maid	Maid	N:\Series\Maid	Drama	en	2021	Netflix
0bcb6aa1-89a7-06a2-0de4-b70e73e884c1	Mal de Família	Bad Sisters	N:\Series\Mal de Família	Drama|Crime	en	2022	Apple TV
24963349-6656-8011-65cf-9211537d1682	MalaYerba	MalaYerba	N:\Series\MalaYerba	Drama	es	2021	Pantaya
02c35974-2170-a9c9-520f-7df817541ca7	Maldito Rap	Rap Sh!t	N:\Series\Maldito Rap	Comédia	en	2022	HBO Max|Max
29a598da-e64a-c643-105d-f04fa2e28996	Maldivas	Maldivas	N:\Series\Maldivas	Comédia|Drama	pt	2022	Netflix
3d988301-b71e-66d6-1186-1df7ce75ec1c	Maldosas	Pretty Little Liars	N:\Series\Pretty Little Liars	Drama|Mistério	en	2010	ABC Family|Freeform
1a1385c8-0456-c7a0-c353-142643e301d2	Malhação	Malhação	N:\Series\Malhação (2010)	Soap|Comédia|Drama	pt	1995	TV Globo
264d30da-fd81-a023-80f9-2acfac3ea0aa	Malhação	Malhação	N:\Series\Malhação Viva a Diferença	Soap|Comédia|Drama	pt	1995	TV Globo
77ee15d2-03f2-71c1-37ed-e8be4896cd6d	Malhação	Malhação	N:\Series\Malhação (2014)	Soap|Comédia|Drama	pt	1995	TV Globo
a5246915-2550-745c-9e1e-7731b696430e	Malhação	Malhação	N:\Series\Malhação (2012)	Soap|Comédia|Drama	pt	1995	TV Globo
ee9b6667-631a-d296-785a-34c5e2433efb	Malhação	Malhação	N:\Series\Malhação - vidas brasileiras	Soap|Comédia|Drama	pt	1995	TV Globo
118d1394-214e-a57c-8f3b-0c386b82c424	Manhãs de Setembro	Manhãs de Setembro	N:\Series\Manhãs de Setembro	Drama	pt	2021	Prime Video
9a7ed76d-e28c-7d1b-4886-57b4f7631c52	Mania de Você	Mania de Você	N:\Series\Mania de Você	Soap|Drama|Mistério	pt	2024	TV Globo
a1270461-4e78-2e45-1c87-6df8d7de5272	Manifest: O Mistério do Voo 828	Manifest	N:\Series\Manifest	Sci-Fi & Fantasy|Mistério|Drama	en	2018	NBC|Netflix
405e95f3-f2e3-7640-8996-3a3f80c84b1a	Mano a Mana	Even Stevens	N:\Series\Mano a Mana	Comédia	en	2000	Disney Channel
d9957286-2ad7-3821-73ec-6c46f0edbe9d	Mao Mao: Heróis de Coração Puro	Mao Mao: Heroes of Pure Heart	N:\Series\Mao Mao - Heróis de Coração Puro	Animação|Action & Adventure|Comédia|Família|Sci-Fi & Fantasy	en	2019	Cartoon Network
d82d80b2-55d9-2754-4e4e-6e85995a4130	Máquina Mortífera	Lethal Weapon	N:\Series\Máquina Mortífera	Action & Adventure|Crime|Drama|Comédia	en	2016	FOX
a1c70247-0c1e-5463-69ae-f6cab0410c43	Maradona: Conquista de um Sonho	Maradona: Sueño bendito	N:\Series\Maradona - Conquista de um Sonho	Drama	es	2021	Prime Video
f52f16cb-0faa-cdc7-1e7f-38b94b476632	Maravilhosa Sra. Maisel	The Marvelous Mrs. Maisel	N:\Series\Maravilhosa Sra. Maisel	Comédia|Drama	en	2017	Prime Video
6574959f-3a90-5de2-e9b4-37d0ff6b6d27	Marco Polo	Marco Polo	N:\Series\Marco Polo	Action & Adventure|Drama	en	2014	Netflix
98a1dc54-cdc9-7bf4-5c86-9e5caeb029f4	Mare of Easttown	Mare of Easttown	N:\Series\Mare of Easttown	Drama|Crime|Mistério	en	2021	HBO
13385580-be2a-545b-eed4-8a50dffdcd9f	Maria do Bairro	María la del Barrio	N:\Series\Maria do Bairro	Drama|Soap	es	1995	Las Estrellas
e5cd7d57-4098-1331-d801-01ef8ed8d3c9	Marianne	Marianne	N:\Series\Marianne	Mistério	fr	2019	Netflix
fe9d138a-1f0c-db5d-c0b0-f299386ea622	Marielle: O Documentário	Marielle: O Documentário	N:\Series\Marielle - O Documentário	Documentário|Crime	pt	2020	Globoplay
5c8a1a6d-a4ac-6ca7-db34-7612de407525	Marília Mendonça: Todos os Cantos	Marília Mendonça: Todos os Cantos	N:\Series\Marília Mendonça Todos Os Cantos	Documentário	pt	2019	Globoplay
133d189a-7e5b-4385-076c-bcf625d8dee7	Marimar	Marimar	N:\Series\Marimar	Drama|Soap	es	1994	Las Estrellas
3e3e0a6c-b564-7b8e-9952-23dcb7d685cc	Marlon	Marlon	N:\Series\Marlon	Comédia|Drama	en	2017	NBC
1969a725-033b-2f75-82e8-350f34751ada	Mars Red	MARS RED	N:\Series\Mars Red	Animação|Mistério|Sci-Fi & Fantasy	ja	2021	YTV
6b657d74-ebb3-91dc-3fbe-e7609f1ad8c7	Marvel - Agente Carter	Marvel's Agent Carter	N:\Series\Marvel Agente Carter	Drama|Sci-Fi & Fantasy	en	2015	ABC
925ae771-be2b-6f59-46b3-078ce82e05a8	Marvel - Demolidor	Marvel's Daredevil	N:\Series\Demolidor	Crime|Drama|Action & Adventure	en	2015	Netflix
6c1e1a2c-7599-2820-b3f3-2a0b03383cdc	Marvel - Jessica Jones	Marvel's Jessica Jones	N:\Series\Marvel - Jessica Jones	Sci-Fi & Fantasy|Drama	en	2015	Netflix
bed2ba91-350c-a6c7-44a5-817f747325cc	Marvel - Luke Cage	Marvel's Luke Cage	N:\Series\Marvel Luke Cage	Drama|Action & Adventure|Crime	en	2016	Netflix
f4fc29ff-d6a7-a612-f381-8fb185890dde	Marvel - O Justiceiro	Marvel's The Punisher	N:\Series\Marvel O Justiceiro	Action & Adventure|Crime|Drama	en	2017	Netflix
89ea6a23-3418-4798-2ecf-9776d55c4cf3	Marvel - Os Defensores	Marvel's The Defenders	N:\Series\Marvel Os Defensores	Sci-Fi & Fantasy|Action & Adventure|Crime	en	2017	Netflix
455304e8-2f8c-1124-b173-3345dc0488e3	Marvel - Punho de Ferro	Marvel's Iron Fist	N:\Series\Marvel - Punho de Ferro	Action & Adventure|Drama|Sci-Fi & Fantasy	en	2017	Netflix
67c3d705-ff67-0828-1656-b4736d2cee48	Marvel 616	Marvel's 616	N:\Series\Marvel 616	Documentário	en	2020	Disney+
e93435aa-8142-81a8-456e-61422497bf3a	Marvel Studios - Avante	Marvel Studios Assembled	N:\Series\Marvel Studios - Avante	Documentário	en	2021	Disney+
3749a3cb-0b72-9c45-67aa-35933060626f	Marvel's M.O.D.O.K.	Marvel's M.O.D.O.K.	N:\Series\Marvels M.O.D.O.K	Comédia|Animação|Action & Adventure|Sci-Fi & Fantasy	en	2021	Hulu
22f8402e-a93c-e007-8456-2c490c7e5fec	MasterChef: Profissionais	MasterChef: Profissionais	N:\Series\MasterChef - Profissionais	Reality	pt	2016	Band
3cccbf55-bd7b-18dd-80d6-c914bacecfa1	Mayans M.C.	Mayans M.C.	N:\Series\Mayans M.C	Crime|Drama	en	2018	FX
0b5d4706-9020-efba-484c-1758b86740a8	McMafia	McMafia	N:\Series\McMafia	Crime|Drama	en	2018	BBC One
b7c1bd23-843f-dcee-14f9-ce6432482e6c	McMillion$	McMillion$	N:\Series\McMillions	Documentário|Crime|Drama	en	2020	HBO
e976fc51-91fd-e931-fbcd-f6b9025c7e7d	Me Chama de Bruna	Me Chama de Bruna	N:\Series\Me Chama de Bruna	Drama	pt	2016	Fox Premium Series
814327e8-99fa-2319-b6c0-7192a8b44ad6	Me Conte Uma História	Tell Me a Story	N:\Series\Tell Me a Story	Drama	en	2018	CBS All Access
c9333c28-ff18-4e0c-e551-ad4925d1fc0f	Me Encontra em Paris	Léna - Rêve d'étoile	N:\Series\Me Encontra em Paris	Drama|Sci-Fi & Fantasy|Comédia|Família	fr	2018	Disney Channel
e20cfc28-3279-906f-e055-446214bdc0ed	Medíocres	Hacks	N:\Series\Hacks	Comédia|Drama	en	2021	HBO Max|Max
86353506-cb21-06e1-258b-d58c7f40a789	Megas XLR	Megas XLR	N:\Series\Megas XLR	Animação|Action & Adventure|Comédia|Sci-Fi & Fantasy|Kids	en	2004	Cartoon Network
f592aa90-5ffb-b7b2-73ef-c5bc04a7eb8c	Memórias do 11/9	9/11: One Day in America	N:\Series\Memórias do 11 de Setembro	Documentário	en	2021	National Geographic
a207bf53-cf49-67a1-0d31-e07f1ffb3e79	Men in Kilts: A Roadtrip with Sam and Graham	Men in Kilts: A Roadtrip with Sam and Graham	N:\Series\Men in Kilts - A Roadtrip with Sam and Graham	Documentário|Reality	en	2021	STARZ
c6db3286-2547-059b-8a9c-d04bc28c9a8a	Mentes Criminosas	Criminal Minds	N:\Series\Criminal Minds	Crime|Drama|Mistério	en	2005	CBS|Paramount+
31c34cee-20e6-81ea-0f02-e9e365beba93	Mentes Criminosas: Conduta Suspeita	Criminal Minds: Suspect Behavior	N:\Series\Criminal Minds - Suspect Behavior	Crime|Drama	en	2011	CBS
ec4c4e2c-b7ad-2e70-04df-578a96bb623d	Mentiras verdaderas	Mentiras verdaderas	N:\Series\Mentiras	Talk|News	es	2011	La Red
8238e615-cd77-7e85-703b-01121593afb5	Messiah	Messiah	N:\Series\Messiah	Drama	en	2020	Netflix
d0096ab8-67dc-a613-830f-f820a1fa0bf9	Meu Amigo Bussunda	Meu Amigo Bussunda	N:\Series\Meu Amigo Bussunda	Documentário	pt	2021	Globoplay
3750a6db-159c-7fc5-f9b2-c3af468cbadc	Meu Bem, Meu Mal	Meu Bem, Meu Mal	N:\Series\Meu Bem, Meu Mal	Drama|Soap	pt	1990	TV Globo
164a4197-fff4-fb24-f2f4-361ef509cdf6	Meu Encontro com o Mal	Mi encuentro con el mal	N:\Series\Meu Encontro com o Mal	Documentário|Reality	es	2022	Netflix
f4851850-958c-0e5a-a99e-2428569bc7d6	Meu Lar, Meu Destino	Doğduğun Ev Kaderindir	N:\Series\Meu Lar, Meu Destino	Drama	tr	2019	TV8
59ae73aa-50e7-d7d8-63c7-650e025488a6	Meu Pai e Outros Vexames	Dad Stop Embarrassing Me!	N:\Series\Meu Pai e Outros Vexames	Comédia	en	2021	Netflix
d24bf24e-dca5-6f1d-f017-fbc645208ae0	Meu pai, o Assassino do Zodíaco	The Most Dangerous Animal of All	N:\Series\Meu pai, o Assassino do Zodíaco	Documentário|Mistério|Crime|Reality	en	2020	FX
82d1a5cc-4867-c098-5c21-5819241e99c7	Meu Papai (Ainda) é Noel	The Santa Clauses	N:\Series\Meu Papai (Ainda) é Noel	Comédia|Família|Sci-Fi & Fantasy	en	2022	Disney+
13d32710-e20f-f380-eaf9-345a5f3700d2	Meu Tio	Mi tío	N:\Series\Meu Tio	Comédia|Drama	es	2022	Prime Video
11039ecc-b940-07fb-3eff-03c19c79c4f9	Meus Amigos Tigrão e Pooh	My Friends Tigger & Pooh	N:\Series\Meus Amigos Tigrão e Pooh	Kids|Animação|Drama|Mistério|Action & Adventure	en	2007	Disney Channel
a4691d9b-fe4a-c2fa-d862-556386ad0250	Meus Pés Estão me Matando	My Feet Are Killing Me	N:\Series\Meus Pés Estão me Matando	Documentário|Reality	en	2020	TLC
4406a85a-8ce2-850c-ca15-04ce56c696ff	Mike: Além de Tyson	Mike	N:\Series\Mike - Além de Tyson	Drama	en	2022	Hulu
f208cbc8-69f2-c19e-0e22-e92ea5a64bef	Mil Colmilhos	Mil Colmillos	N:\Series\Mil Colmilhos	Drama|Action & Adventure	es	2021	HBO Max
df1ade01-9740-dfb3-0175-25aea0c24830	Mildred Pierce	Mildred Pierce	N:\Series\Mildred Pierce	Drama	en	2011	HBO
9bf2adb7-a2b6-971f-ffed-3e724141736c	MINDHUNTER	MINDHUNTER	N:\Series\MINDHUNTER	Drama|Crime	en	2017	Netflix
bd1a7163-7bbe-efe2-56da-e60287d3d218	Miss KUROITSU from the Monster Development Department	怪人開発部の黒井津さん	N:\Series\Miss Kuroitsu from the Monster Development Department	Animação|Comédia|Sci-Fi & Fantasy	ja	2022	HTB|tv asahi|Nagoya TV|KBC|ABC TV|NCC|OAB|ABA|Niigata Television Network 21|khb|KFB|HOME|KSB|Kagoshima Broadcasting|Iwate Asahi TV|Akita Asahi Broadcasting|Yamagata Television System|Shizuoka Asahi TV|Asahi Broadcasting Nagano|Hokuriku Asahi Broadcasting|Ehime Asahi TV|Yamaguchi Asahi Broadcasting|Kumamoto Asahi Broadcasting|Ryu-Q Asahi Broadcasting
976cba2b-f948-c88c-92a5-5edb2521fb73	Missa da Meia-Noite	Midnight Mass	N:\Series\Missa da Meia-Noite	Mistério|Drama	en	2021	Netflix
c53313f0-2710-0de4-a1fa-696707ce9e92	Mistérios Sem Solução	Unsolved Mysteries	N:\Series\Mistérios sem Solução	Mistério|Drama|Crime	en	1988	Spike|NBC|CBS|Lifetime
638d1451-180b-9f50-6559-e4f43b268206	Mito e Magnata: John Delorean	Myth & Mogul: John DeLorean	N:\Series\Mito e Magnata - John Delorean	Documentário	en	2021	Netflix
9e3a9eb8-bcc8-6b95-a8d0-b229ca270121	Mo	Mo	N:\Series\Mo	Comédia|Drama	en	2022	Netflix
31c8b6ef-5e20-9b50-4438-93f2f2531f00	Mob Psycho 100	モブサイコ100	N:\Series\Mob Psycho 100	Animação|Action & Adventure|Comédia|Sci-Fi & Fantasy	ja	2016	Tokyo MX
d4503cb9-53a7-64d4-0df2-2c5ed98ef40d	Molly McGee e o Fantasma	The Ghost and Molly McGee	N:\Series\Molly McGee e o Fantasma	Animação|Sci-Fi & Fantasy|Kids	en	2021	Disney Channel
84a9a3be-a88d-69a0-ad4c-6ca1504e8857	Mom	Mom	N:\Series\Mom	Comédia|Drama	en	2013	CBS
8abbeafb-d318-9ea6-a7da-b24eec271a38	Momonstros	Momonsters	N:\Series\Momonstros	Animação|Kids	es	2020	
7b4f88c8-1354-9f20-774e-609ee55f0b33	Monarca	Monarca	N:\Series\Monarca	Drama	es	2019	Netflix
aebbf65c-d49a-62d2-9189-70085dd1711c	Monk: Um Detetive Diferente	Monk	N:\Series\Monk - Um Detetive Diferente	Drama|Comédia|Crime|Mistério	en	2002	USA Network
437b769f-f21a-b13c-7250-83715046fb57	Monsterland	Monsterland	N:\Series\Monsterland	Sci-Fi & Fantasy|Drama|Mistério	en	2020	Hulu
1cae187b-b14e-36ee-1b9f-5ffe862060c5	Monstro do Pântano	Swamp Thing	N:\Series\Monstro do Pântano	Mistério|Sci-Fi & Fantasy|Drama	en	2019	DC Universe
ff4007c0-8384-d84a-de72-0978fc4cf798	Monstros da Cracóvia	Krakowskie potwory	N:\Series\Monstros da Cracóvia	Sci-Fi & Fantasy	pl	2022	Netflix
cf9bfca4-d043-c6bf-f78e-a5cec17625fc	Monstros no Trabalho	Monsters at Work	N:\Series\Monstros no Trabalho	Família|Comédia|Animação	en	2021	Disney XD|Disney Channel|Disney+
50a085c8-1048-9714-da99-40d404c1bd99	Morde & Assopra	Morde & Assopra	N:\Series\Morde e Assopra	Soap|Drama|Comédia	pt	2011	TV Globo
e4ac545c-a393-32d7-b5cc-9d7d912fb650	Moriarty the Patriot	憂国のモリアーティ	N:\Series\Moriarty the Patriot	Animação|Mistério	ja	2020	Tokyo MX
a6128f96-3bfb-cb6e-702d-f1832e8adf21	Morte no Paraíso	Death in Paradise	N:\Series\Paraíso	Comédia|Crime|Drama|Mistério	en	2011	BBC One
5903910e-7cb6-e9d8-f453-4dd14fcb32b4	Mosaic	Mosaic	N:\Series\Mosaic	Drama|Crime|Mistério	en	2018	HBO
791d1b0f-b984-70e9-8f0f-4741ad961628	Motel Bates	Bates Motel	N:\Series\Bates Motel	Drama|Crime|Mistério	en	2013	A&E
edaa29f6-47ba-6cff-1df9-7073d3d29489	Motherland: Fort Salem	Motherland: Fort Salem	N:\Series\Motherland - Fort Salem	Sci-Fi & Fantasy|Drama|Action & Adventure	en	2020	Freeform
df9685c1-fce1-0fc4-0aa2-5128bfb7c555	Mr Inbetween	Mr Inbetween	N:\Series\Mr Inbetween	Crime|Drama	en	2018	FX
09222f20-9f38-83bc-506e-270420be95c6	Mr. Pickles	Mr. Pickles	N:\Series\Mr. Pickles	Comédia|Animação	en	2014	Adult Swim
128a6fd4-71c4-ae48-9400-983662c66592	Mr. Robot	Mr. Robot	N:\Series\Mr. Robot	Crime|Drama	en	2015	USA Network
8341cb44-a509-9201-cc2c-c76d0ec7ea24	Mrs. America	Mrs. America	N:\Series\Mrs. America	Drama	en	2020	Hulu
cc5b4372-db1e-a1ee-05ea-9e6504199489	Mrs. Fletcher	Mrs. Fletcher	N:\Series\Mrs. Fletcher	Comédia|Drama	en	2019	HBO
76c065ce-3ec9-701f-c4dd-c12c20e2bd82	Ms. Marvel	Ms. Marvel	N:\Series\Ms. Marvel	Sci-Fi & Fantasy|Action & Adventure|Comédia	en	2022	Disney+
9c9383dd-8c6f-35c5-ef9c-58cf3c3177f8	Mulher de Fases	Mujer de Fases	N:\Series\Mulher de Fases	Comédia	pt	2011	HBO Brasil
f5e2ed15-a8ac-bd74-cc78-6a565316e8c9	Mulher-Hulk: Defensora de Heróis	She-Hulk: Attorney at Law	N:\Series\Mulher-Hulk - Defensora de Heróis	Comédia|Sci-Fi & Fantasy	en	2022	Disney+
2b083342-7785-3f94-29b5-1695d47c4e9b	Mulheres Apaixonadas	Mulheres Apaixonadas	N:\Series\Mulheres Apaixonadas	Soap|Família|Drama	pt	2003	TV Globo
a8e2f052-3bc4-3deb-10bb-6378773507cc	Mulheres de Areia	Mulheres de Areia	N:\Series\Mulheres de Areia	Soap|Drama	pt	1973	TV Tupi
e93f3916-69ba-6ae9-b282-86317428d90e	Mundo Mistério	Mundo Mistério	N:\Series\Mundo Mistério	Documentário|Comédia|Família	pt	2020	Netflix
8c4d2b85-8c52-d590-374f-69c2f20929f9	Muquiranas	Extreme Cheapskates	N:\Series\Muquiranas	Reality|Família	en	2012	TLC
bb37587f-b0b4-0ecd-0b8e-0f83d2954927	My Brilliant Friend	L'amica geniale	N:\Series\A Amiga Genial	Drama	it	2018	Rai 1
8f706111-0577-79e1-dd46-0893fa3f144e	My Hero Academia: Vigilantes	ヴィジランテ -僕のヒーローアカデミア ILLEGALS-	N:\Series\Boku no Hero Academia	Animação|Action & Adventure|Drama|Sci-Fi & Fantasy	ja	2025	Tokyo MX|BS Nippon TV
b6256ad4-04f7-4cc3-76d7-e1eca91fada0	My Little Pony:  A Amizade é Mágica	My Little Pony: Friendship Is Magic	N:\Series\My Little Pony - A Amizade é Mágica	Animação|Comédia|Sci-Fi & Fantasy|Kids	en	2010	Hub Network|Treehouse TV|Discovery Family
11ac4b01-d1a2-bd6c-2340-700c5a2e5d75	Mythic Quest	Mythic Quest	N:\Series\Mythic Quest	Comédia	en	2020	Apple TV
d6e8be0f-9dd3-5702-07b9-445210972bff	Na Pegada dos Food Trucks	NULL	N:\Series\Na Pegada dos Food Trucks		NULL	NULL	
9184902d-66c5-ca5e-eca6-e6f5fc35991c	Na Riqueza e na Pobreza	Marrying Millions	N:\Series\Na Riqueza e na Pobreza	Reality	en	2019	Lifetime
d9464375-1fb4-bf2b-2ec3-db2da123c2a1	Namorado de Natal	Hjem til jul	N:\Series\Namorado de Natal	Drama|Comédia	no	2019	Netflix
a92fb471-9644-4061-a380-7b8a6c4e31c7	Nancy Drew	Nancy Drew	N:\Series\Nancy Drew	Mistério|Drama|Sci-Fi & Fantasy	en	2019	The CW
36e963e0-9931-36ee-57b5-a91d5e67448e	Não Confie na P--- do Apartamento 23	Don't Trust the B---- in Apartment 23	N:\Series\Não Confie na P--- do Apartamento 23	Comédia	en	2012	ABC
20dabc7f-fba9-3500-54c6-f57856ed9d58	Não Foi Minha Culpa: México	No fue mi culpa: México	N:\Series\Não Foi Minha Culpa - México	Drama	es	2021	Star+
21e7fe57-c981-4fbb-aa56-03c8fbf8dd37	Naomi	Naomi	N:\Series\Naomi	Drama|Sci-Fi & Fantasy	en	2022	The CW
e9b363da-2e5d-5e61-6125-f5ebdad7e176	Napoleon Dynamite	Napoleon Dynamite	N:\Series\Napoleon Dynamite	Animação|Comédia	en	2012	FOX
ca07710c-d4a0-92fe-056b-6a7e881371b9	Narciso Negro	Black Narcissus	N:\Series\Narciso Negro	Drama	en	2020	FX
8e15c45d-6e72-bbea-e5f9-48873965b55f	Narco-Santos	수리남	N:\Series\Narco-Santos	Crime	ko	2022	Netflix
291685d6-90c6-b286-387b-32ad7d4ed001	Narcos	Narcos	N:\Series\Narcos	Crime|Drama	en	2015	Netflix
c59bdce0-e3a8-4178-78d1-7be4a2652a07	Naruto	ナルト	N:\Series\Naruto	Animação|Action & Adventure|Sci-Fi & Fantasy	ja	2002	TV Tokyo
dea02524-0cdd-3d31-a83c-bdb80b023e84	Nasce Uma Rainha	Nasce Uma Rainha	N:\Series\Nasce Uma Rainha	Reality	pt	2020	Netflix
a7c3cddf-918b-774d-2882-7805a8016ca0	National Geographic: As Várias Faces da Terra	Earth Moods	N:\Series\As Várias Faces da Terra	Documentário	en	2021	Disney+
4e593e27-6fca-852f-2fc2-01a712955977	NCIS Havaí: Investigações Criminais	NCIS: Hawaiʻi	N:\Series\NCIS Havaí - Investigações Criminais	Crime|Drama	en	2021	CBS
2b6e5996-ef71-6765-8487-a10fea7e193a	NCIS: Investigação Naval	NCIS	N:\Series\NCIS - Investigação Naval	Crime|Drama|Action & Adventure	en	2003	CBS
0d448c28-e634-77b7-5266-a68623cb3175	NCIS: Los Angeles	NCIS: Los Angeles	N:\Series\NCIS - Los Angeles	Action & Adventure|Drama|Crime|Mistério	en	2009	CBS
89c73708-205d-d813-120d-fd5f11f7a04b	Néro	Néro	N:\Series\Nero (2025)	Drama|Action & Adventure	fr	2025	Netflix
1616ba19-24d6-0f0a-4328-9a584828d7cc	Nevasca de Natal	Julestorm	N:\Series\Nevasca de Natal	Drama|Comédia	no	2022	Netflix
ffc4e970-1753-62e1-5472-3ffd0842509f	New Girl	New Girl	N:\Series\New Girl	Comédia	en	2011	FOX
e0585180-4ae5-e0a4-47c0-368c49cc00e8	New Looney Tunes	New Looney Tunes	N:\Series\New Looney Tunes	Animação|Comédia|Família|Kids	en	2015	Cartoon Network|Boomerang|Boomerang (SVOD)
e10fb03c-cdd4-e8ef-b80c-2fe0133ad132	Neymar: O Caos Perfeito	Neymar: O Caos Perfeito	N:\Series\Neymar - O Caos Perfeito	Documentário	pt	2022	Netflix
4e392c36-7735-6dd0-3b1c-7520a8c9ebe2	Nikita	Nikita	N:\Series\Nikita	Drama|Action & Adventure	en	2010	The CW
8b49e9c8-efeb-0588-b13b-36843aae8a4c	Ninguém Mandou	Get Even	N:\Series\Ninguém Mandou Se Meter com a Gente	Drama|Crime|Mistério	en	2020	BBC iPlayer
ef3ebc23-be82-b980-98b4-c5ac5a6190c2	Ninguém Pode Saber	PIECES OF HER	N:\Series\Ninguém Pode Saber	Crime|Mistério|Drama	en	2022	Netflix
34585ea5-2ec0-32b0-1d74-ffad942ecf2f	Ninjago: Mestres do Spinjitzu	Ninjago: Masters of Spinjitzu	N:\Series\LEGO Ninjago - Mestres do Spinjitzu	Animação|Action & Adventure|Sci-Fi & Fantasy|Comédia|Família	en	2012	Cartoon Network
a57bb219-20a6-7e73-5a98-3ce685cc403c	No Game, No Life	ノーゲーム・ノーライフ	N:\Series\No Game No Life	Animação|Sci-Fi & Fantasy|Action & Adventure|Comédia	ja	2014	AT-X|Tokyo MX|Sun TV|KBS Kyoto|TV Aichi|BS11
65aebcbe-9a7d-58c2-5126-1f082391f18a	No Limite	No Limite	N:\Series\No Limite	Reality	pt	2000	TV Globo
64674479-31a6-510e-8223-514735ebfe10	No Man's Land	No Man's Land	N:\Series\No Man's Land	Action & Adventure|War & Politics|Drama	fr	2020	ARTE
62888969-6a1f-9da8-a6c8-ed7656017fe4	No Mundo da Luna	No Mundo da Luna	N:\Series\No Mundo da Luna	Comédia|Drama	pt	2022	HBO Max
fa6c58ce-5856-98cc-52d0-6a8c844aee60	Noite Adentro	Into the Night	N:\Series\Noite Adentro	Sci-Fi & Fantasy	fr	2020	Netflix
034e1224-ad01-6769-1847-c048175acf93	Noragami	ノラガミ	N:\Series\Noragami	Animação|Action & Adventure|Sci-Fi & Fantasy	ja	2014	BS11|Tokyo MX|MBS|TV Aichi|BS Fuji
01fc9f4c-e4ea-e978-e04f-0904a2376c1c	Nossa Bandeira é a Morte	Our Flag Means Death	N:\Series\Nossa Bandeira é a Morte	Comédia|Action & Adventure|Drama	en	2022	HBO Max|Max
44584f73-a095-46c7-dd0b-cf2a5bbf506d	Nosso Segredo	暗格里的秘密	N:\Series\Nosso Segredo	Drama	zh	2021	Mango TV
5dae6a8b-833f-f519-8548-348424a93337	Nostradamus: Fim dos Dias	Nostradamus: End of Days	N:\Series\Nostradamus - Fim dos Dias	Documentário	en	2021	discovery+
f01af986-2808-511e-9a00-5d07a2f43d74	Notre-Dame: Catedral em Chamas	Notre-Dame, la part du feu	N:\Series\Notre-Dame - Catedral em Chamas	Drama	fr	2022	Netflix
3c813fb9-ce19-5e79-f33c-50013f0dc8c5	Nova York Contra o Crime	NYPD Blue	N:\Series\Contra o Crime	Drama	en	1993	ABC
28702864-c460-c1c4-70f9-a6a2e01d894f	Nove Desconhecidos	Nine Perfect Strangers	N:\Series\Nove Desconhecidos	Drama|Mistério	en	2021	Hulu
8a3b322d-cb3b-1f13-b7e3-2d9eaa3a6349	Novo Mundo	Novo Mundo	N:\Series\Novo Mundo	Soap|Drama|Action & Adventure	pt	2017	TV Globo
f78c9235-23a4-f661-d2c9-d5022bbf3fd0	Now and Then - O Segredo Que Nos Une	Now and Then	N:\Series\Now and Then - O Segredo que Nos Une	Drama|Mistério|Crime	es	2022	Apple TV
f1fcc237-2442-024a-031d-f41b6893a551	Nua na Rede: A Verdade Sobre Rose Leonel	Nua na Rede: A Verdade Sobre Rose Leonel	N:\Series\Nua na Rede A Verdade Sobre Rose Leonel (2026)	Documentário	pt	2026	HBO Max
71a4668a-8f09-9bff-91d3-30fffb79a540	Nudes	Nudes	N:\Series\Nudes	Drama	fr	2024	Prime Video
3cd714a1-721b-22a0-721d-721b482c39b6	O (Sur)real Mundo de Any Malu	O (Sur)real Mundo de Any Malu	N:\Series\O Surreal Mundo de Any Malu	Animação|Comédia	pt	2015	Cartoon Network Latin America
d5fe93af-d9c3-de09-47b0-e0a1254d849e	O Alienista	The Alienist	N:\Series\O Alienista	Drama|Crime|Mistério	en	2018	TNT
0e12f8f6-5228-f198-b0cc-8e088b9f26c5	O Arsenal dos Espiões	Spycraft	N:\Series\O Arsenal dos Espiões	Documentário|War & Politics	en	2021	Netflix
6b1ba9a7-64f9-74ab-d2a2-e3fe5ffe190b	O Assassino Confesso	The Confession Killer	N:\Series\O Assassino Confesso	Documentário|Crime	en	2019	Netflix
0ab6ee21-fda7-2609-9af8-4a20a869e486	O Ato	The Act	N:\Series\The Act	Drama|Crime	en	2019	Hulu
fe431a53-1d9b-446b-a723-7ecbecef39e5	O Barco do Amor	The Love Boat	N:\Series\Love	Drama|Comédia	en	1977	ABC
ed43bb06-c774-2f9d-48e3-90cbc40eb1d5	O Bem-Amado	O Bem-Amado	N:\Series\O Bem-Amado	Soap|Comédia	pt	1973	TV Globo
edceafde-0deb-b20d-7a70-7b02c0922071	O Cangaceiro do Futuro	O Cangaceiro do Futuro	N:\Series\O Cangaceiro do Futuro	Comédia|Drama	pt	2022	Netflix
892d3cb6-abc3-ff17-8e39-dcc4a98e68f9	O Caso Evandro	O Caso Evandro	N:\Series\O Caso Evandro	Documentário|Crime	pt	2021	Globoplay
e5ab08ee-bcdc-cc39-f893-3495e236b522	O Cavaleiro dos Sete Reinos	A Knight of the Seven Kingdoms	N:\Series\O Cavaleiro dos Sete Reinos	Drama|Sci-Fi & Fantasy|Action & Adventure	en	2026	HBO
28dce28e-e5b8-e46b-9efb-a0f9dc886a21	O Chefe da Casa	Man with a Plan	N:\Series\O Chefe da Casa	Comédia	en	2016	CBS
46a192eb-f644-2362-383a-32d325079a41	O Chefe da Casa	Man with a Plan	N:\Series\Chefe da Casa	Comédia	en	2016	CBS
dee6e722-501c-2a05-5458-112b445c1078	O Clone	O Clone	N:\Series\O Clone	Soap|Drama|Sci-Fi & Fantasy	pt	2001	TV Globo
981f31aa-f897-d2b7-a6b7-12b18b69b568	O Clube da Meia-Noite	The Midnight Club	N:\Series\O Clube da Meia-Noite	Mistério|Drama	en	2022	Netflix
ff921fc8-f50f-9689-ea8d-ab744d85aa08	O Clube do Terror	Are You Afraid of the Dark?	N:\Series\Clube do Terror	Mistério|Kids|Drama	en	1992	Nickelodeon|YTV|Family Channel
3bf8abc8-6cd8-5b98-f594-8f157073fd79	O Conto da Aia	The Handmaid's Tale	N:\Series\The Handmaids Tale	Drama|Sci-Fi & Fantasy|Action & Adventure	en	2017	Hulu
2fdba573-b1a5-6c00-e16a-55450f29b9d5	O Conto de Nove Caudas 1938	구미호뎐1938	N:\Series\O Zorro (2023)	Drama|Sci-Fi & Fantasy|Action & Adventure	ko	2023	tvN
d929b48c-c036-0323-4b84-976470668b33	O Coro: Sucesso, Aqui Vou Eu	O Coro: Sucesso, Aqui Vou Eu	N:\Series\O Coro - Sucesso Aqui Vou Eu!	Drama	pt	2022	Disney+
9cf40fac-e3c9-9e9e-8a82-72d0d5cb6344	O Corredor da Morte	En el corredor de la muerte	N:\Series\O Corredor da Morte	Drama|Crime	es	2019	Movistar Plus
272a2376-a727-53ff-6d97-00d6145fce1d	O Cravo e a Rosa	O Cravo e a Rosa	N:\Series\O Cravo e a Rosa	Soap|Comédia|Drama	pt	2000	TV Globo
cea07979-1f7e-558e-7c54-291a3bf66525	O Cristal Encantado: A Era da Resistência	The Dark Crystal: Age of Resistance	N:\Series\O Cristal Encantado - A Era da Resistência	Sci-Fi & Fantasy|Action & Adventure|Família	en	2019	Netflix
4c199495-0d2b-61bf-b2d8-9d00e2962c45	O Dia Depois da Eleição	O Dia Depois da Eleição	N:\Series\O Dia Depois da Eleição	Documentário	pt	2018	Brasil Paralelo
f46f88f6-0005-af94-2048-4795e3573ad0	O Diagnóstico	למה מי מת?	N:\Series\O Diagnóstico	Comédia|Drama	he	2021	yes
0ba1f83c-6bf0-e275-0120-8b1ad3f4828d	O Dono de Kingstown	Mayor of Kingstown	N:\Series\O Dono de Kingstown	Drama|Crime	en	2021	Paramount+
e81b58a9-ccab-9591-df7a-d9ee2912b429	O Doutrinador: A Série	O Doutrinador: A Série	N:\Series\O Doutrinador	Crime|Action & Adventure|Drama	pt	2019	Space
a6236831-ac7f-0325-c96a-a0f8238a8fcb	O Escolhido	O Escolhido	N:\Series\O Escolhido	Drama	pt	2019	Netflix
f7fd2bb2-ed72-0c12-f7fa-5461d1c8b2da	O Exorcista	The Exorcist	N:\Series\O Exorcista	Mistério|Drama	en	2016	FOX
7f0dd81f-971c-ecc4-3dd9-5e901ae725a2	O Filho Bastardo do Diabo	The Bastard Son & the Devil Himself	N:\Series\O Filho Bastardo do Diabo	Sci-Fi & Fantasy|Action & Adventure|Mistério	en	2022	Netflix
eb081bc3-584f-60fb-90b7-3c7b036c198d	O Fim da Beleza	O Fim da Beleza	N:\Series\O Fim da Beleza	Documentário	pt	2022	Brasil Paralelo
afb825ce-9023-d9e1-5c74-ef536093d6b7	O Fim do Amor	El fin del amor	N:\Series\O Fim do Amor	Drama|Comédia	es	2022	Prime Video
cc803928-e5d4-0d98-96d3-26df0917b746	O Gabinete de Curiosidades de Guillermo del Toro	Guillermo del Toro's Cabinet of Curiosities	N:\Series\O Gabinete de Curiosidades de Guillermo Del Toro	Drama|Mistério|Sci-Fi & Fantasy	en	2022	Netflix
8e5ae623-ba3f-70ab-a93f-b2090fae8318	O Gambito da Rainha	The Queen's Gambit	N:\Series\O Gambito da Rainha	Drama	en	2020	Netflix
735836ff-c367-22f8-a533-8c6b79eaa611	O Grito: Origens	呪怨：呪いの家	N:\Series\O Grito - Origens	Mistério|Drama	ja	2020	Netflix
e9e81e36-0163-5231-8fe4-a749ac43d505	O Homem das Castanhas	Kastanjemanden	N:\Series\O Homem das Castanhas	Drama|Crime|Mistério	da	2021	Netflix
c52237c6-866d-4910-f29e-074463bc5375	O Idiota Favorito de Deus	God's Favorite Idiot	N:\Series\O Idiota Favorito de Deus	Comédia	en	2022	Netflix
091a4f3e-9344-0086-6c88-a788888cfa7b	O Incrível Mundo de Gumball	The Amazing World of Gumball	N:\Series\O Incrível Mundo de Gumball	Animação|Família|Sci-Fi & Fantasy|Comédia	en	2011	Cartoon Network
3ad7152c-af52-fb79-56bd-c27b4c924931	O Inocente	El inocente	N:\Series\O Inocente	Crime|Mistério|Drama	es	2021	Netflix
dfe7190c-d0c6-8010-d2e1-0277529dd193	O Internato: Las Cumbres	El internado: Las Cumbres	N:\Series\O Internato - Las Cumbres	Drama|Mistério	es	2021	Prime Video
5b4b1bba-4a62-26f3-93d0-7bd9fd86af6a	O Jardim de Bronze	El jardín de bronce	N:\Series\O Jardim de Bronze	Drama|Crime	es	2017	HBO Latin America
5f296b52-c103-7a79-b089-d67d873d8158	O Jim é Assim	According to Jim	N:\Series\O Jim é Assim	Comédia	en	2001	ABC
4009cd1d-adbd-4b0a-9c1f-1305f1705918	O Jogo Inglês	The English Game	N:\Series\The English Game	Drama	en	2020	Netflix
9c5519f6-a5c8-ecdd-fdc1-17c62ce910b2	O Legado de Júpiter	Jupiter's Legacy	N:\Series\O Legado de Júpiter	Sci-Fi & Fantasy|Action & Adventure|Drama|Mistério	en	2021	Netflix
4f0edc4f-91bd-3205-d78b-c6dbfdbad548	O Livro de Boba Fett	The Book of Boba Fett	N:\Series\O Livro de Boba Fett	Action & Adventure|Sci-Fi & Fantasy	en	2021	Disney+
3f723e10-d84c-d998-ab18-5eb7cb9a002e	O Método Kominsky	The Kominsky Method	N:\Series\O Método Kominsky	Comédia|Drama	en	2018	Netflix
169e6b4a-981f-b19c-c7d5-ea4c03723918	O Monstro ao Lado	พี่เขาบุกโลกของผม	N:\Series\O Monstro ao Lado	Drama	th	2024	WeTV
f96f70c4-181d-5011-1c82-2c5ede0142f2	O Mundo dos Animais	Growing Up Animal	N:\Series\O Mundo dos Animais	Documentário	en	2021	Disney+
48b93fab-0d29-691c-1e4d-eea2bd68c6aa	O Mundo dos Centauros	Centaurworld	N:\Series\O Mundo dos Centauros	Animação|Kids|Sci-Fi & Fantasy|Action & Adventure	en	2021	Netflix
7f99043c-7b75-04e8-d4cf-857e4a19053d	O Mundo Maravilhoso de Mickey Mouse	The Wonderful World of Mickey Mouse	N:\Series\O Mundo Maravilhoso de Mickey Mouse	Animação|Família|Kids	en	2020	Disney+
a987072b-3b4b-2eb4-224c-1cbdb1693e2a	O Mundo Sombrio de Sabrina	Chilling Adventures of Sabrina	N:\Series\O Mundo Sombrio de Sabrina	Mistério|Sci-Fi & Fantasy|Drama	en	2018	Netflix
82df280e-a964-f5dc-9b23-806149a25398	O Ônibus Mágico Decola Novamente	The Magic School Bus Rides Again	N:\Series\O Ônibus Mágico Decola Novamente	Kids|Animação	en	2017	Netflix
480e6d7a-c74d-938b-7f2d-daedc413ec8f	O Outro Lado do Paraíso	O Outro Lado do Paraíso	N:\Series\O Outro Lado do Paraíso	Soap|Drama|Mistério	pt	2017	TV Globo
32481c2e-24da-5bd6-2be1-cd4577390b42	O Paciente	The Patient	N:\Series\O Paciente	Drama|Crime	en	2022	Hulu
edb232af-84c6-f64e-2029-400edc1be55d	O Pacífico	The Pacific	N:\Series\O Pacífico	Drama|Action & Adventure|War & Politics	en	2010	HBO
f7fef02f-5566-b34b-8d9a-85889293ecbb	O Patriota	Patriot	N:\Series\O Patriota	Comédia|Drama	en	2015	Prime Video
067e7db3-de85-a646-988f-6eeab155f4b1	O Píer	The Waterfront	N:\Series\O Píer (2025)	Drama|Crime	en	2025	Netflix
e37f2324-f135-c0ff-c8f1-fb7c0a3b9b5d	O Píer	The Waterfront	N:\Series\O Píer	Drama|Crime	en	2025	Netflix
63b7d223-ff3d-eba9-7759-c5b50fb4a0ba	O Poder e a Lei	The Lincoln Lawyer	N:\Series\O Poder e a Lei	Drama|Crime	en	2022	Netflix
7af7e15a-3391-374a-6e6f-0af2f28afaee	O Preço da Perfeição	Tiny Pretty Things	N:\Series\O Preço da Perfeição	Drama|Mistério	en	2020	Netflix
9da95784-4507-16b1-0081-798df71e1658	O Príncipe Dragão	The Dragon Prince	N:\Series\O Príncipe Dragão	Animação|Action & Adventure|Sci-Fi & Fantasy|Família	en	2018	Netflix
d9d0ba2f-e327-031c-513d-2a011be349b9	O Profeta	O Profeta	N:\Series\O Profeta	Soap|Drama	pt	2006	TV Globo
909d020d-875a-acaf-a725-9af39363bab8	O Psiquiatra ao Lado	The Shrink Next Door	N:\Series\O Psiquiatra ao Lado	Drama	en	2021	Apple TV
e7b03e28-6676-a40e-0574-1e288bd4c3c8	O Que Fazemos Nas Sombras	What We Do in the Shadows	N:\Series\O Que Fazemos nas Sombras	Comédia|Sci-Fi & Fantasy	en	2019	FX
686b9a40-678a-f8a4-3cda-b98c7f4de622	O Quinteto	Party of Five	N:\Series\O Quinteto	Drama	en	1994	FOX
c4f1897f-ea41-33df-aa4d-d29ad9c2caeb	O Rebu	O Rebu	N:\Series\O Rebu	Soap|Mistério	pt	2014	TV Globo
0e9cc4bf-2708-3b4f-45d9-bf83d2ce0433	O Refúgio Atômico	El refugio atómico	N:\Series\El Refugio	Sci-Fi & Fantasy|Drama|Mistério	es	2025	Netflix
6d498e31-1126-36a6-5e79-e8fdb41e3f1d	O Rei da TV	O Rei da TV	N:\Series\O Rei da TV	Drama	pt	2022	Star+
6f953053-2689-7d05-2ebf-4555784f963c	O Rei do Gado	O Rei do Gado	N:\Series\O Rei do Gado	Soap|Drama	pt	1996	TV Globo
6cd3d03f-6d0a-f1b8-8ba0-89e13a2f9e3a	O Reino Perdido dos Piratas	The Lost Pirate Kingdom	N:\Series\O Reino Perdido dos Piratas	Documentário	en	2021	Netflix
955dc9ef-d52f-ad50-3191-fa6d0690646f	O Resgate na Caverna Tailandesa	Thai Cave Rescue	N:\Series\O Resgate na Caverna Tailandesa	Drama	en	2022	Netflix
7232ad1d-7c06-cca2-7396-e7cef860b83c	O Rico e Lázaro	O Rico e Lázaro	N:\Series\O Rico e Lázaro	Soap|Drama|Família	pt	2017	Record
58ae8e6a-df55-5bf9-4bbd-ad4a16e43d86	O Salvador da Pátria	O Salvador da Pátria	N:\Series\O Salvador da Pátria	Soap|Drama	pt	1989	TV Globo
8179395b-7163-7596-18d3-f59fcc56b092	O Sangue de Zeus	Blood of Zeus	N:\Series\O Sangue de Zeus	Animação|Action & Adventure|Sci-Fi & Fantasy	en	2020	Netflix
5f4de1ef-ede5-7470-4014-814b1ccb3d6e	O Segredo da Família Greco	El Secreto de la Familia Greco	N:\Series\O Segredo da Família Greco	Drama	es	2022	Netflix
ceb28f70-6d75-12a3-22b0-bee4d47eddd1	O Segredo do Templo	Atiye	N:\Series\O Segredo do Templo	Mistério|Drama|Sci-Fi & Fantasy	tr	2019	Netflix
50cb2601-1c98-3607-18a5-2132fb3a6ec3	O Senhor dos Anéis: Os Anéis de Poder	The Lord of the Rings: The Rings of Power	N:\Series\O Senhor dos Anéis - Os Anéis de Poder	Action & Adventure|Drama|Sci-Fi & Fantasy	en	2022	Prime Video
773662ae-82dd-ba74-fcc6-44cb80aa8ec8	O Sétimo Guardião	O Sétimo Guardião	N:\Series\O Sétimo Guardião	Soap|Comédia|Drama|Sci-Fi & Fantasy	pt	2018	TV Globo
9bc5095c-14ca-e542-3142-9a51860a08d5	O Sócio	The Profit	N:\Series\O Sócio	Reality	en	2013	CNBC
55d0008c-6aca-4182-8e73-e2cc95e944dc	O Submarino	Yakamoz S-245	N:\Series\O Submarino	Sci-Fi & Fantasy|Drama	tr	2022	Netflix
bec5566e-9010-3df6-3fd9-66c42ec5a902	O Sucessor	Vivir sin permiso	N:\Series\O Sucessor	Crime|Drama	es	2018	Telecinco
70faba6b-3aa3-1655-4ee4-473c9d776c45	O Teatro das Tesouras	O Teatro das Tesouras	N:\Series\O Teatro das Tesouras	Documentário	pt	2018	Brasil Paralelo
a3fae78a-fef1-2f5a-4b18-d6f7954aa20a	O Traficante	Caïd	N:\Series\O Traficante	Action & Adventure|Crime|Drama	fr	2021	Netflix
210e85ef-5c5a-4cab-b066-73bed98338e0	O Turista	The Tourist	N:\Series\O Turista	Mistério|Drama	en	2022	BBC One
dfd523a0-d16c-4c54-4dce-092d9727faff	O Ultimato: Ou Casa ou Vaza	The Ultimatum: Marry or Move On	N:\Series\O Ultimato - Ou Casa ou Vaza	Reality	en	2022	Netflix
887d69e6-2197-c5c3-3525-95b41ff00a9e	O Último Cara da Terra	The Last Man on Earth	N:\Series\O Último Cara da Terra	Drama|Comédia	en	2015	FOX
e6a5cd9b-5edd-fd47-fcfc-3ac0a145c4e7	O Último Dragão	El Dragón: El regreso de un guerrero	N:\Series\O Último Dragão	Drama|Action & Adventure	es	2019	Univision
428ca38e-beb2-443f-35e3-efdd13a48b75	O Vazio	The Hollow	N:\Series\O Vazio	Animação|Drama|Mistério|Sci-Fi & Fantasy	en	2018	Netflix
6498a7cf-3c0c-4f84-51f2-9f8e60faa0b8	O Verão Que Mudou Minha Vida	The Summer I Turned Pretty	N:\Series\O Verão Que Mudou Minha Vida	Drama	en	2022	Prime Video
05eab2af-c448-4dde-c98d-61e2cc394ba6	O Vilão	The Bad Guy	N:\Series\O Vilão	Crime|Drama|Comédia	it	2022	Prime Video
107e83b6-5b32-fa7f-72e4-8b9746f479fd	O11ZE	O11CE	N:\Series\O11ZE	Comédia|Família|Soap	es	2017	Disney XD
6e872997-a02f-02a1-40d9-7338aaa81d7e	Obi-Wan Kenobi	Obi-Wan Kenobi	N:\Series\Obi-Wan Kenobi	Sci-Fi & Fantasy|Action & Adventure	en	2022	Disney+
834c4df2-b913-f3a5-7c03-229c21976d13	Objetos Cortantes	Sharp Objects	N:\Series\Objetos Cortantes	Crime|Drama|Mistério	en	2018	HBO
3aced1e8-8ace-ea8b-42e3-8f4ebfe4ba2e	October Faction	October Faction	N:\Series\October Faction	Sci-Fi & Fantasy|Drama	en	2020	Netflix
402a29be-4220-c7d4-dc89-48305ef8f56c	Odo	Odo	N:\Series\Odo	Kids|Animação	en	2021	Milkshake!
525c21b1-5358-f12a-e371-b3f76a13c45a	Oktoberfest: Sangue e Cerveja	Oktoberfest 1900	N:\Series\Oktoberfest - Sangue e Cerveja	Drama	de	2020	Das Erste
9082c5e6-9835-91a4-b935-08fd408678e5	Olhar Indiscreto	Olhar Indiscreto	N:\Series\Olhar Indiscreto	Drama|Mistério	pt	2023	Netflix
37321992-6afa-446d-9474-e05826237086	On My Block	On My Block	N:\Series\On My Block	Comédia	en	2018	Netflix
4e59e1c6-29c1-52b9-c556-0af8ef4bc8b4	Onda de 100 Pés	100 Foot Wave	N:\Series\Onda de 100 Pés	Documentário|Reality	en	2021	HBO
53c79514-d59c-6b80-a94a-b642062326a1	Onde Está Meu Coração	Onde Está Meu Coração	N:\Series\Onde Está Meu Coração	Drama	pt	2021	Globoplay
2d348320-1757-6b8f-f3a1-3d4dc664d0bf	One Day at a Time	One Day at a Time	N:\Series\One Day at a Time	Comédia	en	1975	CBS
67d77c58-8c2a-9e88-babc-9b8a4ad78957	One-Punch Man	ワンパンマン	N:\Series\One Punch Man	Animação|Comédia|Action & Adventure|Sci-Fi & Fantasy	ja	2015	TV Tokyo|TV Aichi|TVQ|TV Osaka|TVh|TSC
0febdecc-3605-68a3-bd89-4f203cd43e35	Onisciente	Onisciente	N:\Series\Onisciente	Sci-Fi & Fantasy|Drama	pt	2020	Netflix
e3aff864-2b70-d8ed-fc18-18211432a52b	Only Murders in the Building	Only Murders in the Building	N:\Series\Only Murders in the Building	Comédia|Mistério|Crime	en	2021	Hulu
07bd15bd-0470-9061-9277-bfa005aeb43b	Operação Big Hero: A Série	Big Hero 6 The Series	N:\Series\Operação Big Hero - A Série	Action & Adventure|Animação|Comédia|Família|Sci-Fi & Fantasy	en	2017	Disney XD|Disney Channel
b4f08433-f9a0-8661-af9a-b072ccbaeb95	Operação Ecstasy	Undercover	N:\Series\Operação Ecstasy	Crime|Drama	nl	2019	VRT 1
02ef989f-31cd-2701-a014-62ebc90a88f4	Operação Maré Negra: A Travessia Suicida	Operación Marea Negra: La travesía suicida	N:\Series\Operação Maré Negra - A Travessia Suicida	Documentário	es	2022	Prime Video
500cd084-c6ed-73fe-a918-d5afb35e890d	Operação Pacífico	Operación Pacífico	N:\Series\Operação Pacífico	Drama|Crime|Soap	es	2020	Telemundo
1f16bd1e-cd71-bad4-a5ea-ea422579f82b	Orange County à Venda	Selling the OC	N:\Series\Orange County à Venda	Reality	en	2022	Netflix
fc7b9b74-7387-3699-b010-4dafa336b802	Orange Is the New Black	Orange Is the New Black	N:\Series\Orange Is the New Black	Drama|Comédia|Crime	en	2013	Netflix
64840a8d-235b-8601-492c-2c49e2aceb65	Orgulho e Paixão	Orgulho e Paixão	N:\Series\Orgulho e Paixão	Soap|Drama|Comédia	pt	2018	TV Globo
0b262e20-bd95-ec45-194c-d456d7f04556	Orgulho e Preconceito	Pride and Prejudice	N:\Series\Pride	Drama	en	1995	BBC One
4c927c7a-ede3-3522-ae2a-a8d6afdcf435	Orient	オリエント	N:\Series\Orient	Animação|Action & Adventure|Sci-Fi & Fantasy	ja	2022	TV Tokyo
c0146b77-f9c3-7cf7-6862-6a53a3f74879	Orphan Black	Orphan Black	N:\Series\Orphan Black	Drama|Sci-Fi & Fantasy	en	2013	Space|BBC America
cf96cb24-4ffb-0ec3-7d8c-feaf87f19416	Os 100	The 100	N:\Series\The 100	Sci-Fi & Fantasy|Action & Adventure|Drama|Crime	en	2014	The CW
b4cc0291-f2f8-0ebd-d5d8-a1dfca703e3e	Os 4400	The 4400	N:\Series\The 4400	Drama|Sci-Fi & Fantasy	en	2004	USA Network
67681945-bcf2-f505-ede7-61545a48d239	Os Ausentes	Os Ausentes	N:\Series\Os Ausentes	Crime|Drama	pt	2021	HBO Max
21a8136c-5afa-faf3-b664-c819d1820f38	Os Bórgias	The Borgias	N:\Series\The Borgias	Drama|Crime	en	2011	Showtime
da0443e5-0e9a-a9d5-10da-b123d02deb81	Os Busbys + 5	OutDaughtered	N:\Series\Os Busbys + 5	Reality	en	2016	TLC
3b0b1def-cfd7-08f6-3a03-4d993ba2af93	Os Cavaleiros do Zodíaco	聖闘士星矢	N:\Series\Os Cavaleiros do Zodíaco (2019)	Animação|Drama|Action & Adventure|Sci-Fi & Fantasy	ja	1986	tv asahi
d097618a-2110-fd52-37b1-0b931fee8e86	Os Cavaleiros do Zodíaco	聖闘士星矢	N:\Series\Os Cavaleiros do Zodíaco	Animação|Drama|Action & Adventure|Sci-Fi & Fantasy	ja	1986	tv asahi
ec2ed466-0760-46c9-0fb7-d6683b6f15e0	Os Corretores de Beverly Hills	Buying Beverly Hills	N:\Series\Os Corretores de Beverly Hills	Reality	en	2022	Netflix
2cda2385-f6b2-59f1-e91a-ecb2905ed752	Os Dez Mandamentos	Os Dez Mandamentos	N:\Series\Os Dez Mandamentos	Drama|Romance|História|Soap|Mistério	pt	2015	Record
1078709e-8cff-66a5-664a-7d51f25f5694	Os Eleitos	Os Eleitos	N:\Series\Os Eleitos	Drama	pt	2023	OPTO
aae3feaa-ed5c-1289-8e0f-84da28722221	Os Grandes Escapistas	The Great Escapists	N:\Series\Os Grandes Escapistas	Documentário	en	2021	Prime Video
65879208-5247-261f-6d71-dcbe03a6c2f9	Os Guerreiros Wasabi	Kickin' It	N:\Series\Os Guerreiros Wasabi	Família|Action & Adventure|Comédia	en	2011	Disney XD
ec45ebf7-4467-2ad7-1f9a-db97b2962447	Os Inocentes	Os Inocentes	N:\Series\Os Inocentes	Soap|Drama|Faroeste	pt	1974	TV Tupi
59ecaac7-a033-7fda-2e0a-ee1b6e8ab7f6	Os Irregulares de Baker Street	The Irregulars	N:\Series\Os Irregulares de Baker Street	Drama|Mistério|Sci-Fi & Fantasy	en	2021	Netflix
040e8e96-0c23-d5cb-6b98-f18ae90e7b7f	Os Jovens Titãs em Ação!	Teen Titans Go!	N:\Series\Teen Titans	Animação|Action & Adventure|Comédia|Família|Sci-Fi & Fantasy	en	2013	Cartoon Network
75b4114f-15c8-aa52-db4d-6f7f89491862	Os Jovens Titãs em Ação!	Teen Titans Go!	N:\Series\Os Jovens Titãs em Ação	Animação|Action & Adventure|Comédia|Família|Sci-Fi & Fantasy	en	2013	Cartoon Network
a5937610-216d-eb45-e7b9-df5170dd9637	Os Mãos de Vaca	So Freakin Cheap	N:\Series\Os Mãos de Vaca	Reality	en	2021	TLC
4f283e3c-240c-2aac-b12d-576bd114c552	Os Normais	Os Normais	N:\Series\Os Normais	Comédia	pt	2001	TV Globo
618343ce-0803-26a2-1b5f-1cd7b5b93239	Os Padrinhos Mágicos	The Fairly OddParents	N:\Series\Os Padrinhos Mágicos	Animação|Comédia|Sci-Fi & Fantasy|Kids	en	2001	Nickelodeon|Nicktoons
e283d510-042c-1da5-f4b1-9f11313b4004	Os Queridinhos de Byron Bay	Byron Baes	N:\Series\Os Queridinhos de Byron Bay	Reality	en	2022	Netflix
4120a907-326a-89cb-a321-9dd2efec832b	Os Ricos Também Choram	Los ricos también lloran	N:\Series\Os Ricos Também Choram (2022)	Drama|Soap	es	1979	Las Estrellas
438c2985-56d2-706a-fe61-bfe7aae33080	Os Segredos de Manscheid	Capitani	N:\Series\Os Segredos de Manscheid	Crime	lb	2019	RTL Télé
ddfce0a4-37dc-bb89-2736-92ddb4c099f8	Os Simpsons	The Simpsons	N:\Series\Os Simpsons	Animação|Comédia	en	1989	FOX
711db909-6671-77c5-66a1-1d2bb26fc16e	Os Sustos Ocultos de Frankelda	Los sustos ocultos de Frankelda	N:\Series\Os Sustos Ocultos de Frankelda	Animação	es	2021	HBO Max
bedbfc99-fb2d-45a5-28ad-682002f8c6c8	Os Vídeos Mais Divertidos da América	America's Funniest Home Videos	N:\Series\América	Comédia|Talk|Reality	en	1989	ABC
f6710f76-1447-41f3-4bc3-0d4890fefd60	Os Vingadores: A Série	The Avengers: United They Stand	N:\Series\Os Vingadores - A Série	Animação|Action & Adventure|Sci-Fi & Fantasy	en	1999	Fox Kids
ce22e563-b551-1a79-493a-ce2c8d2b53c9	Os Vizinhos Green	Big City Greens	N:\Series\Os Vizinhos Green	Família|Animação|Comédia	en	2018	Disney Channel
663a5dfa-7789-ac81-b749-40b1aa2d3276	Os Winchesters	The Winchesters	N:\Series\Os Winchesters	Action & Adventure|Sci-Fi & Fantasy|Drama	en	2022	The CW
c46e9a14-bd9e-dc39-5a67-725626f425b1	Our Boys	Our Boys	N:\Series\Our Boys	Drama	en	2019	HBO
e61f6667-f77c-5562-f4cd-4fcc2db505b1	Our Last Crusade or the Rise of a New World	キミと僕の最後の戦場、あるいは世界が始まる聖戦	N:\Series\Our Last Crusade or the Rise of a New World	Animação|Action & Adventure|Sci-Fi & Fantasy|War & Politics	ja	2020	AT-X
1a16331a-5fb8-f540-3ef4-81d986564f33	Outer Banks	Outer Banks	N:\Series\Outer Banks	Action & Adventure|Mistério	en	2020	Netflix
8c99ba7f-42cd-b1ab-2ab9-76828f09e42b	Outlander	Outlander	N:\Series\Outlander	Drama|Sci-Fi & Fantasy	en	2014	STARZ
8b377a0c-4f98-40df-dad2-7e2b9943f5bd	Overlord	オーバーロード	N:\Series\Overlord	Animação|Sci-Fi & Fantasy|Action & Adventure	ja	2015	AT-X
197c4bcc-8c09-18c0-c8cd-709d2f92a043	Oz	Oz	N:\Series\Oz	Crime|Drama	en	1997	HBO
3d60419d-e380-a550-1c69-fec1d5dbca89	Ozark	Ozark	N:\Series\Ozark	Crime|Drama	en	2017	Netflix
f1f0b399-224d-8777-e02d-4b07a1e7482d	P-Valley	P-Valley	N:\Series\P-Valley	Drama|Crime	en	2020	STARZ
e4f92c1f-6c46-848b-1caf-8f39b4995af3	Pablo Escobar: O Patrão do Mal	Pablo Escobar: El Patrón del Mal	N:\Series\Pablo Escobar - O Senhor do Tráfico	Crime|Drama	es	2012	Caracol TV
341d6f3e-9522-6423-91f0-7cfdd20de0a6	Pacificador	Peacemaker	N:\Series\Pacificador	Action & Adventure|Sci-Fi & Fantasy|Comédia	en	2022	HBO Max
e7d19809-cd76-d7cc-ee37-e348f848d787	Pacto Brutal: O Assassinato de Daniella Perez	Pacto Brutal: O Assassinato de Daniella Perez	N:\Series\Pacto Brutal - Caso Daniella Perez	Documentário|Crime	pt	2022	HBO Max
53d9742b-916a-4902-f84d-9c8c50c406f8	Pacto de Sangue	Pacto de Sangue	N:\Series\Pacto de Sangue	Soap|Drama	pt	1989	TV Globo
d6c09e22-cce3-3026-afdd-57044381017a	Pagan Peak	Der Pass	N:\Series\Pagan Peak	Crime|Drama	de	2019	Sky One
755ba413-5f88-8b46-c587-f127ea0f33ef	Páginas da Vida	Páginas da Vida	N:\Series\Páginas da Vida	Soap|Drama|Família	pt	2006	TV Globo
082efa81-d156-9d27-8358-eae5256aa2ec	Pai de Primeira Viagem	Baby Daddy	N:\Series\Pai de Primeira Viagem	Comédia	en	2012	ABC Family|Freeform
67f343ce-1f95-358e-433c-6432e55a0fff	Paixões Perigosas	Silk Stalkings	N:\Series\Paixões Perigosas	Crime|Drama|Action & Adventure	en	1991	CBS|USA Network
fde33ed5-49fc-f521-e4e6-0f7f6d22b683	Pam & Tommy	Pam & Tommy	N:\Series\Pam e Tommy	Comédia|Drama	en	2022	Hulu
35578ef5-d234-dcdc-e441-01df28f50011	Pantanal	Pantanal	N:\Series\Pantanal	Soap|Drama	pt	1990	Rede Manchete
57a5f8da-364b-6ba0-630f-17cb6f5f1187	Paper Girls	Paper Girls	N:\Series\Paper Girls	Drama|Mistério|Sci-Fi & Fantasy	en	2022	Prime Video
1dd69b3f-6696-eadd-b776-56fd0311de96	Par de Reis	Pair of Kings	N:\Series\Par de Reis	Família|Action & Adventure|Comédia|Sci-Fi & Fantasy	en	2010	Disney XD
ec19a212-9126-8735-b171-d3c0beecf870	Paradise Police	Paradise PD	N:\Series\Paradise Police	Comédia|Animação	en	2018	Netflix
62d8ada1-bdbc-82ef-fd7f-dfa59432a5c0	Parot	Parot	N:\Series\Parot	Mistério|Crime|War & Politics|Drama	es	2021	Prime Video
d7f20cd4-1e83-d8ab-848b-a1bf46a1f4da	Passageiros: A Última Viagem	Пассажиры	N:\Series\Passageiros - A Última Viagem	Drama|Sci-Fi & Fantasy	ru	2020	START
02eacc0c-603d-127f-fc8a-3618299e4e17	Pátria Educadora	Pátria Educadora	N:\Series\Pátria Educadora	Documentário	pt	2020	Brasil Paralelo
a07051ee-0d7d-8610-1f0f-bef1394776a6	Pátria Minha	Pátria Minha	N:\Series\Pátria	Soap|Drama	pt	1994	TV Globo
638d630e-4827-1a9a-a60a-55150fceb649	Patrulha do Destino	Doom Patrol	N:\Series\Doom Patrol	Sci-Fi & Fantasy|Drama	en	2019	DC Universe|HBO Max|Max
e506c038-508f-6592-8517-44091f21ac89	PCC, Poder Secreto	PCC: Poder Secreto	N:\Series\PCC - Poder Secreto	Documentário|Crime	pt	2022	HBO Max
4b7e69bb-69a0-791c-7b23-ce650811e1dd	Peace Peace Now Now	Peace Peace Now Now	N:\Series\Peace Peace Now Now	Documentário	es	2021	Star+
0ef655c8-6b27-c8c9-7a98-c3e5503807d0	Peaky Blinders: Sangue, Apostas e Navalhas	Peaky Blinders	N:\Series\Peaky Blinders	Drama|Crime	en	2013	BBC One|BBC Two
421a544b-ae95-c60b-b042-2e4833426fef	Pearson	Pearson	N:\Series\Pearson	War & Politics|Drama	en	2019	USA Network
09768aef-531f-3ac2-7bfc-5845fbcf3344	Pedra Sobre Pedra	Pedra Sobre Pedra	N:\Series\Pedra Sobre Pedra	Soap|Drama	pt	1992	TV Globo
106ca60f-28be-fa2d-05dd-563bd39dc1a7	Pega Pega	Pega Pega	N:\Series\Pega Pega	Soap|Comédia	pt	2017	TV Globo
42e7596f-1f58-9b8e-eee7-f5985b2c89b0	Pelo Prisma do Amor	プリズム輪舞曲	N:\Series\Prisma	Animação|Drama	ja	2026	Netflix
0f5caff6-898a-cd39-1391-58ee2625b416	Penny Dreadful	Penny Dreadful	N:\Series\Penny Dreadful	Sci-Fi & Fantasy|Drama|Mistério|Action & Adventure	en	2014	Showtime
f7b32bf0-a6fd-f8d9-065e-ce2b191e2a01	Penny Dreadful: Cidade dos Anjos	Penny Dreadful: City of Angels	N:\Series\Penny Dreadful - Cidade dos Anjos	Sci-Fi & Fantasy|Drama|Crime|Mistério	en	2020	Showtime
d08b5e1f-f0b0-b72a-647a-90102fa09417	Pennyworth: A Origem de Alfred	Pennyworth: The Origin of Batman's Butler	N:\Series\Pennyworth	Drama|Crime	en	2019	Epix|HBO Max
5e5244e8-caf2-a028-0940-564fa918c636	Pequeno Problema	正義的算法	N:\Series\Pequeno Problema	Drama|Comédia	zh	2022	Disney+
e7e1ee48-9d1d-85a8-dec9-d700058eabae	Pequenos Incêndios por Toda Parte	Little Fires Everywhere	N:\Series\Pequenos Incêndios Por Toda Parte	Drama	en	2020	Hulu
4c4249eb-a7c5-4d1d-a4c8-8e7d17b4d417	Perdidos no Espaço	Lost in Space	N:\Series\Perdidos no Espaço	Sci-Fi & Fantasy|Comédia	en	1965	CBS
e963e5c2-8f1d-9887-6271-78f3cd0114a2	Perícia Lab	Perícia Lab	N:\Series\Perícia Lab	Documentário|Crime	pt	2022	AXN
e4bc1ef6-094f-b5d1-42fd-2eb7ff64db6a	Periféricos	The Peripheral	N:\Series\Periféricos	Sci-Fi & Fantasy|Drama	en	2022	Prime Video
d63ac635-0042-c5e6-2054-66b9cdcd0750	Pernille	Pørni	N:\Series\Porni	Drama|Comédia	no	2021	Netflix|Viaplay
4f4b0beb-6be6-fa9f-d33b-ecc8abcecef4	Perry Mason	Perry Mason	N:\Series\Perry Mason	Mistério|Drama|Crime	en	1957	CBS
9d3aa9ec-f524-3cc6-c192-c383108ff9da	Pesca Mortal	Deadliest Catch	N:\Series\Pesca Mortal	Reality	en	2005	Discovery
5e602070-276a-fa89-9988-f306f79bf0bc	Pesca Mortal: Aventura no Sangue	Deadliest Catch: Bloodline	N:\Series\Pesca Mortal - Aventura no Sangue	Documentário|Reality	en	2020	Discovery
49ed35cf-6e66-966e-1765-3b5d0aafdbf9	Pessoas Normais	Normal People	N:\Series\Normal People	Drama	en	2020	BBC Three
fc139468-1f62-eb73-6793-b031589cdea7	Pet Stars	Pet Stars	N:\Series\Pet Stars	Reality	en	2021	Netflix
8d8aa004-bd07-b3cb-4e60-6bc234b2fefe	Peter Grill and the Philosopher's Time	ピーター・グリルと賢者の時間	N:\Series\Peter Grill and the Philosopher's Time	Animação|Comédia|Sci-Fi & Fantasy	ja	2020	Tokyo MX
410d3d2b-3272-1068-993e-28b6d5a64166	Phineas e Ferb	Phineas and Ferb	N:\Series\Phineas e Ferb	Animação|Comédia|Família|Sci-Fi & Fantasy	en	2007	Disney XD|Disney Channel
c365edc4-41fc-856a-9c3b-0f1247dd144a	Pico da Neblina	Pico da Neblina	N:\Series\Pico da Neblina	Drama|Crime	pt	2019	HBO Brasil
30343908-0b5d-ae23-6c47-650d9775e2eb	Pinky e o Cérebro	Pinky and the Brain	N:\Series\Pinky e o Cérebro	Animação|Comédia|Família|Sci-Fi & Fantasy|Kids	en	1995	The WB
bc989c60-2173-d6f8-adfd-205ebe7fd265	Pintando com John	Painting With John	N:\Series\Pintando com John	Documentário|Comédia|Reality	en	2021	HBO
f7239224-ef7c-1bec-210f-ecb0b3028f04	Pisando Fundo	Dale Gas	N:\Series\Pisando Fundo	Drama|Action & Adventure	es	2022	Netflix
caa1ca30-791f-a902-2622-335d95a752df	Pivoting: Rodando Na Vida	Pivoting	N:\Series\Pivoting - Rodando Na Vida	Comédia	en	2022	FOX
195fd63f-96d9-0d5a-afcc-3db8428ebe04	PJ Masks - Heróis de Pijama Curtas	NULL	N:\Series\PJ Masks - Heróis de Pijama Curtas		NULL	NULL	
7bf35f50-8793-027e-1894-cc13bf33a1e7	Plunderer	プランダラ	N:\Series\Plunderer	Action & Adventure|Sci-Fi & Fantasy|Animação	ja	2020	Tokyo MX|KBS Kyoto
1fe13460-e977-4334-d3fa-1bb7276cc0a7	Polos Opostos	Zero Chill	N:\Series\Polos Opostos	Drama|Comédia|Família	en	2021	Netflix
286c5e5f-e3ed-224f-c9cb-83f2f393dcce	Ponto Cego	Blindspot	N:\Series\Ponto Cego	Crime|Drama|Action & Adventure	en	2015	NBC
360167c9-d0dd-4c82-833a-7b323129e138	Por Amor	Por Amor	N:\Series\Por Amor	Soap|Drama|Família	pt	1997	TV Globo
21409f40-ce02-483b-f58f-5f50542cea4b	Por Que as Mulheres Matam	Why Women Kill	N:\Series\Por Que As Mulheres Matam	Comédia|Crime|Drama	en	2019	CBS All Access|Paramount+
6c0e40a7-74c7-986b-ca40-a1135161c8b4	Por Trás da Diversão	Behind the Attraction	N:\Series\Por Trás da Diversão	Documentário	en	2021	Disney+
aec7961a-ab2e-8cd7-6b23-0a1a54a910a4	Por Trás de Seus Olhos	Behind Her Eyes	N:\Series\Por Trás de Seus Olhos	Mistério|Sci-Fi & Fantasy|Drama	en	2021	Netflix
9ab7be49-1b2a-9286-ef1c-d1ee5c34053f	Por Você - Em Busca de Jade	逐玉	N:\Series\Em Busca de Jade (2026)	Drama|Action & Adventure|War & Politics	zh	2026	iQiyi|Tencent Video
de602de2-aa61-2554-6b7a-d396208f1028	Porto dos Milagres	Porto dos Milagres	N:\Series\Porto dos Milagres	Soap|Drama	pt	2001	TV Globo
d842894a-b5ae-c93e-5bf9-809d59539914	POSE	POSE	N:\Series\Pose	Drama	en	2018	FX
4a251ed1-c092-822e-6a40-08f48a020456	Possessions	Possessions	N:\Series\Possessions	Drama	fr	2020	Canal+|yes
9cc535a3-ac8a-8715-72bc-833229347459	Power	Power	N:\Series\Power	Crime|Drama	en	2014	STARZ
3c6b05d6-829c-de2d-9e0d-22637b5e87cf	Power Book II: Ghost	Power Book II: Ghost	N:\Series\Power Book II - Ghost	Crime|Drama	en	2020	STARZ
e112b14c-eb91-c4fc-e897-22a2c3336983	Power Book III: Raising Kanan	Power Book III: Raising Kanan	N:\Series\Power Book III - Raising Kanan	Drama|Crime	en	2021	STARZ
2905c3d1-cac1-d873-483d-3d804f460274	Power Book IV: Force	Power Book IV: Force	N:\Series\Power Book IV - Force	Crime|Drama	en	2022	STARZ
76045d2e-9dc8-a23f-d854-b028f1153e3a	Power Players	Power Players	N:\Series\Players	Action & Adventure|Comédia|Animação|Kids	en	2019	France 4|Cartoon Network
2d92f5c4-845e-5825-8d51-0b32160c2032	Preacher	Preacher	N:\Series\Preacher	Sci-Fi & Fantasy|Mistério|Drama	en	2016	AMC
649d08aa-e787-5db9-0e55-b299a8ccb5a7	Predestinado	Predestinado	N:\Series\Predestinado	Documentário	pt	2021	Globoplay
8d3e3197-5703-a564-8794-35c9de5f8d0a	Prescrição Fatal	The Pharmacist	N:\Series\Prescrição Fatal	Documentário|Crime	en	2020	Netflix
7b254f79-da6c-33b9-6409-73e90dae6209	Pretty Little Liars: As Perfeccionistas	Pretty Little Liars: The Perfectionists	N:\Series\Pretty Little Liars - The Perfectionists	Mistério|Crime|Drama	en	2019	Freeform
619773cf-9ba8-5d39-f1d8-f235bf13cfae	Pretty Little Liars: Um Novo Pecado	Pretty Little Liars: Original Sin	N:\Series\Pretty Little Liars - Um Novo Pecado	Drama|Mistério	en	2022	HBO Max|Max
54af8ed9-cbc6-997c-a529-49b2e96c982e	Pretty Smart	Pretty Smart	N:\Series\Pretty Smart	Comédia|Drama	en	2021	Netflix
dca8dd6f-49b8-ccd7-8830-d3ea9f9dc4b6	Princesinha Sofia	Sofia the First	N:\Series\Princesinha Sofia	Família|Animação|Kids	en	2013	Disney Junior
bec36d06-e6f1-5ce6-7d13-c0a50bf1ded8	Prisão de Mulheres	Avlu	N:\Series\Prisão de Mulheres	Crime|Drama	tr	2018	Netflix|Show TV|Star TV
250ec4d4-bbea-cb4d-ba22-99a0a3435019	Prisioneiro da Madrugada	La noche más larga	N:\Series\Prisioneiro da Madrugada	Crime	es	2022	Netflix
5d08f4a7-5fdb-f703-786e-cea74d196f94	Prison Break: Em Busca da Verdade	Prison Break	N:\Series\Prison Break	Action & Adventure|Crime|Drama	en	2005	FOX
9b990e57-995e-56e1-828e-eacd81208ecf	Profecia do Inferno	지옥	N:\Series\Profecia do Inferno	Drama|Mistério|Sci-Fi & Fantasy	ko	2021	Netflix
fcf4071f-c503-5eb4-d92a-e9094da30c32	Professor Iglesias	Mr. Iglesias	N:\Series\Professor Iglesias	Comédia	en	2019	Netflix
01848098-849b-4628-b312-9979595f9443	Professor T	Professor T	N:\Series\Professor T	Crime|Mistério|Drama	en	2021	ITV1|BritBox
5245c5eb-c00e-0843-09be-76357a4e27c8	Programa de Talentos	A.N.T. Farm	N:\Series\Programa de Talentos	Comédia|Drama|Família	en	2011	Disney Channel
bc3f5196-07af-2b38-8e96-c5c46d592c92	Pronto-Socorro Animal	Animal ER	N:\Series\Pronto-Socorro Animal	Reality|Documentário	en	2016	Nat Geo Wild
9585c714-864a-bd46-936d-7e4498f2458a	Protetores do Pântano	Louisiana Law	N:\Series\Protetores do Pântano	Reality|Documentário	en	2021	Discovery|Animal Planet
482f4783-0efd-97ed-95cd-8146c5052223	Psi	Psi	N:\Series\Psi	Drama	pt	2014	HBO Brasil
8cb781f6-93cc-6593-e44d-7ddc6882a27b	Pui Pui - Porquinhos com Rodinhas	PUI PUI モルカー	N:\Series\Pui Pui - Porquinhos com Rodinhas	Animação|Kids	ja	2021	TV Tokyo
f0c119b9-ea0f-06e8-0b5e-2aeaaa42b814	Punk'd	Punk'd	N:\Series\Punk	Comédia|Reality	en	2003	MTV
3dab3b22-a84e-9f8b-0614-c4b4b64c3f9e	Quantico	Quantico	N:\Series\Quantico	Crime|Drama|Mistério	en	2015	ABC
e637cbf1-453f-434f-e5df-b4f5ace7deef	Quatro por Quatro	Quatro por Quatro	N:\Series\Quatro por Quatro	Soap|Comédia|Drama	pt	1994	TV Globo
a97532ae-224b-2cb8-91ee-5174f70c6474	Que a Justiça Seja Feita	Justice Served	N:\Series\Que a Justiça Seja Feita	Action & Adventure	en	2022	Netflix
23937102-e6a8-5b21-8bb8-3c844dd9cbd9	Que Rei Sou Eu?	Que Rei Sou Eu?	N:\Series\Que Rei Sou Eu_	Soap|Comédia	pt	1989	TV Globo
5e8e7d26-90e4-4ad2-3343-5ed8682915ab	Queen Sono	Queen Sono	N:\Series\Queen Sono	Action & Adventure|Drama|Crime	en	2020	Netflix
ed286f6e-0950-4d08-57b0-6ce7364e67d0	Queen Stars Brasil	Queen Stars Brasil	N:\Series\Queen Stars Brasil	Reality	pt	2022	HBO Max
06ed0c9d-92b2-0112-63cd-fdd02b325ad4	Quem Casa Quer Casa	Marriage or Mortgage	N:\Series\Quem Casa Quer Casa	Reality	en	2021	Netflix
f11c6ef7-5542-b0a0-706c-98664193d622	Quem é Você, Alaska?	Looking for Alaska	N:\Series\Quem é Você Alasca_	Drama	en	2019	Hulu
ae12f8a0-ef8f-683f-0afd-5a4b38e3b157	Quem Matou Sara?	¿Quién mató a Sara?	N:\Series\Quem Matou Sara_	Drama|Crime|Mistério	es	2021	Netflix
149f484f-c971-be1e-4ce6-606f106102a6	Quem Vai Comprar Minha Casa?	Buy My House	N:\Series\Quem Vai Comprar Minha Casa_	Reality	en	2022	Netflix
fe7e9a7a-7d5f-b8da-e6c5-15bbb5f45df8	Quilos Mortais	My 600-lb Life	N:\Series\Quilos Mortais	Reality	en	2012	TLC
4450946b-e8e8-1b46-ef2f-497e9b98ee77	RADIANT	ラディアン	N:\Series\Radiant	Action & Adventure|Animação|Comédia|Sci-Fi & Fantasy	ja	2018	NHK Educational TV
23deb7ca-5f2a-a4f1-7034-d23d64c417c9	Ragnarok	Ragnarok	N:\Series\Ragnarok	Sci-Fi & Fantasy|Drama|Mistério	no	2020	Netflix
3efdfee2-20ba-b134-5c70-4c9249a5f277	Raio Negro	Black Lightning	N:\Series\Raio Negro	Action & Adventure|Sci-Fi & Fantasy|Drama	en	2018	The CW
6ef4be12-d11f-b0af-87b6-dfff12150b45	Raised by Wolves	Raised by Wolves	N:\Series\Raised by Wolves	Sci-Fi & Fantasy|Drama	en	2020	HBO Max
4f91552c-281e-c63d-73a0-6b305f8e5835	Raising Hope	Raising Hope	N:\Series\Raising Hope	Comédia|Família	en	2010	FOX
a47febf5-c040-68f0-39f6-f42687cdd28a	Ranking of Kings	王様ランキング	N:\Series\Ranking of Kings	Animação|Action & Adventure|Sci-Fi & Fantasy	ja	2021	Fuji TV|Iwate Menkoi Television|SAGA TV|Sakuranbo TV|Ehime Broadcasting|Fukushima TV
318f9973-40ab-16bf-9000-f9037cc957d9	Ratched	Ratched	N:\Series\Ratched	Mistério|Drama|Crime	en	2020	Netflix
ba4ca4f2-e753-c7a8-d4ce-018f8cb6ca02	Reabilitação Canina	Dog: Impossible	N:\Series\Reabilitação Canina	Documentário|Reality	en	2019	National Geographic|Nat Geo Wild
a604a92c-7429-1c40-98d8-9010d88b5163	Reacher	Reacher	N:\Series\Reacher	Action & Adventure|Crime	en	2022	Prime Video
6f4c4252-fbc6-3a67-4226-28de7f13c5f2	Reality Z	Reality Z	N:\Series\Reality Z	Sci-Fi & Fantasy	pt	2020	Netflix
2c025346-c14b-50a9-4e1b-dc09a554b9d0	Rebelde	Rebelde	N:\Series\Rebelde	Drama|Comédia	es	2004	Univision|Las Estrellas
ae90cc84-7e03-249c-881f-f5baf5b057c5	Rebelde	Rebelde	N:\Series\Rebelde (2022)	Drama|Comédia	es	2004	Univision|Las Estrellas
404fb9c0-8c9a-f3dc-0c64-0495e67b7ffa	ReBoot	ReBoot	N:\Series\Reboot	Sci-Fi & Fantasy|Animação|Action & Adventure|Kids	en	1994	ABC|YTV
74cd0b07-5a8f-39aa-44dc-49cf4429cf85	Recomeço	From Scratch	N:\Series\Recomeço	Drama	en	2022	Netflix
054f4ad9-de9a-f86f-2690-5e18677b8b2d	Record of Ragnarok	終末のワルキューレ	N:\Series\Record of Ragnarok	Action & Adventure|Animação|Sci-Fi & Fantasy	ja	2021	Netflix
08419cbe-ebbd-e4b1-08d5-07487b5dd2a1	Recruta	The Recruit	N:\Series\Recruta	Drama|Crime|Action & Adventure	en	2022	Netflix
e57f7922-0293-1744-ed88-271c5fd1c1f1	Recursos Humanos	Human Resources	N:\Series\Recursos Humanos	Animação|Comédia	en	2022	Netflix
06a7e620-4732-c465-9fea-74f24b9b65f0	Red Light	Red Light	N:\Series\Red Light	Drama	nl	2020	Streamz|BNNVARA|VTM
4423ec30-5e04-a92b-8f87-c2e99b748eee	Red Oaks	Red Oaks	N:\Series\Red Oaks	Comédia|Drama	en	2014	Prime Video
54fae074-4dfa-e661-fc33-89dd62736573	Reforma em Família com Karen e Mina	Good Bones	N:\Series\Reforma em Família com Karen e Mina	Reality	en	2015	HGTV|TLC
ccf26a97-629c-f567-0804-e7770ecd9d70	Reformar Para Vender: Dicas do Tarek	Flipping 101 With Tarek El Moussa	N:\Series\Reformar Para Vender - Dicas do Tarek	Reality	en	2020	HGTV
ca00195a-2858-8eb4-1fba-0adf538fb0e2	Rei Davi	Rei Davi	N:\Series\Rei Davi	Drama|War & Politics	pt	2012	Record
04d70df3-8dd5-2a3f-ed8b-47af8a443297	Renascer	Renascer	N:\Series\Renascer (1993)	Soap|Drama	pt	2024	TV Globo
6395ca4e-bc70-ee2b-271e-d8f93e9208b6	Renascer	Renascer	N:\Series\Renascer (2024)	Soap|Drama	pt	2024	TV Globo
abebd554-2696-9276-e734-6af1c76d2c2e	Rensga Hits!	Rensga Hits!	N:\Series\Rensga Hits!	Drama|Comédia	pt	2022	Globoplay
f916a7f3-3a49-f645-d885-c3c1b9007706	Repatriado	El repatriado	N:\Series\Repatriado	Drama	es	2022	Star+
5343fae7-5e2a-afde-e2d2-29b8abac2355	Reservation Dogs	Reservation Dogs	N:\Series\Reservation Dogs	Drama|Comédia	en	2021	Hulu
f3abde3f-66d4-7c93-ae64-15535fb6ca2b	Resident Alien	Resident Alien	N:\Series\Resident Alien	Sci-Fi & Fantasy	en	2021	USA Network|Syfy
e251f4bf-ceef-6143-86f9-bb18a9f9d354	Resident Evil: A Série	Resident Evil	N:\Series\Resident Evil - A Série	Drama|Sci-Fi & Fantasy	en	2022	Netflix
4b6b933a-8e16-95a7-86f9-7ff4445d0307	Resident Evil: No Escuro Absoluto	バイオハザード: インフィニット ダークネス	N:\Series\Resident Evil - No Escuro Absoluto	Animação|Drama|Action & Adventure|Sci-Fi & Fantasy	ja	2021	Netflix
8a84b242-1bd7-153d-1934-2ecf10e28a08	Respire!	Keep Breathing	N:\Series\Respire!	Action & Adventure|Drama	en	2022	Netflix
e5e74864-b7db-eb2a-941d-5b9b255f51f4	Revenge	Revenge	N:\Series\Revenge	Drama|Mistério	en	2011	ABC
a71e2ab7-33df-6048-e7ae-3c9e279962b9	Rezar e Obedecer	Keep Sweet: Pray and Obey	N:\Series\Rezar e Obedecer	Documentário|Crime	en	2022	Netflix
0274ee05-5d10-8093-04be-bf8359e8fad3	Rick e Morty	Rick and Morty	N:\Series\Rick e Morty	Animação|Comédia|Sci-Fi & Fantasy|Action & Adventure	en	2013	Adult Swim
818e0581-ea43-3501-3fb8-c3fba108501b	RILAKKUMA	リラックマ	N:\Series\RILAKKUMA (2026)	Animação|Kids	ja	2026	TBS|Tulip Television|NBC
a99eed08-646a-00b9-afe1-87e0661f3a9c	Rio Shore	Rio Shore	N:\Series\Rio Shore	Reality	pt	2021	MTV|Paramount+
95d8786b-215f-f9ee-5ce0-2b8f0ce2410d	Risco Iminente	Trigger Point	N:\Series\Risco Iminente	Crime|Drama	en	2022	ITV1
d87b28d1-25da-e8c6-68f3-76d34a3e77c8	Rita	Rita	N:\Series\Rita	Drama|Comédia	da	2012	TV 2
c303cee3-f424-3461-ccdf-69547f9b9337	Ritmo Selvagem	Ritmo salvaje	N:\Series\Ritmo Selvagem	Drama	es	2022	Netflix
40c4a045-c0af-9633-ee11-ff756e91a67e	Riverdale	Riverdale	N:\Series\Riverdale	Crime|Drama|Mistério	en	2017	The CW
49cecd89-39de-ee7f-6bb2-cec0642db0de	Rizzoli & Isles	Rizzoli & Isles	N:\Series\Rizzoli e Isles	Crime|Drama|Mistério|Comédia	en	2010	TNT
24e9e639-63e6-bcab-4b35-36521ef8bd72	Robin Hood	Robin Hood	N:\Series\Robin Hood (2025)	Drama|Action & Adventure|Comédia	en	2006	BBC One
ed562bf6-bff6-658d-a4fc-d8fc1729e2fa	Rock Story	Rock Story	N:\Series\Rock Story	Drama|Soap	pt	2016	TV Globo
73dd0cb9-9f90-e4d8-2820-1ce66cb92aa4	Roda de Fogo	Roda de Fogo	N:\Series\Roda de Fogo	Soap|Drama	pt	1986	TV Globo
44007cd6-15fe-acbf-9485-a1ee0bbfa589	Roma	Rome	N:\Series\Roma	Action & Adventure|Drama	en	2005	HBO
20171fbc-206a-7f2b-cf5b-aeccee9a8813	Romulus	Romulus	N:\Series\Romulus	Drama|Action & Adventure	la	2020	Sky Atlantic 
0739a57b-791b-3c5e-efae-12e6855227d5	Roque Santeiro	Roque Santeiro	N:\Series\Roque Santeiro	Soap|Comédia|Drama	pt	1985	TV Globo
601d08d2-c6ec-e2fc-8e3d-cb686d7f2899	Rota 66: A Polícia que Mata	Rota 66: A Polícia que Mata	N:\Series\Rota 66 - A Polícia que Mata	Drama|Crime	pt	2022	Globoplay
75990706-8bf7-ad51-f63c-ab936afd5ac5	Round 6	오징어 게임	N:\Series\Round 6	Action & Adventure|Mistério|Drama	ko	2021	Netflix
13729142-f051-6cfb-86f7-c9340e127c32	Rua Augusta	Rua Augusta	N:\Series\Rua Augusta	Action & Adventure|Drama|Crime	pt	2018	TNT Latin America
95176806-6bf7-60ed-50c7-2f920544d00f	Rubí	Rubí	N:\Series\Rubí	Soap	es	2020	Univision
0feb61f6-12e8-4640-a676-0e50b67f9d58	Rumo às Estrelas	Among the Stars	N:\Series\Rumo às Estrelas	Documentário	en	2021	Disney+
c38dcc85-8ddc-f0bb-69df-1e43436de3fd	Run BTS!	달려라 방탄!	N:\Series\RUN	Reality	ko	2015	YouTube|V LIVE|Weverse
801df887-8794-f350-59d0-287a9348a523	Run the World	Run the World	N:\Series\Run the World	Comédia|Drama	en	2021	STARZ
4cb98c35-fdeb-362c-d54d-8f4b81d6869a	RuPaul's Drag Race UK	RuPaul's Drag Race UK	N:\Series\RuPaul's Drag Race UK	Reality	en	2019	BBC Three
06d44769-ecdd-a2cb-4eb1-4b497fd53b40	Ruptura	Severance	N:\Series\Ruptura	Drama|Mistério|Sci-Fi & Fantasy	en	2022	Apple TV
732547a0-9b39-5c76-1eb3-593682e467e2	S.O.S Carros	Car S.O.S.	N:\Series\S.O.S Carros	Reality	en	2013	National Geographic
9ea69606-15c7-67b1-9cf7-5767dc764e18	S.W.A.T.: Força de Intervenção	S.W.A.T.	N:\Series\S.W.A.T	Crime|Action & Adventure|Drama	en	2017	CBS
2c89d3c8-6d7e-1fec-2ad1-db298e1b41d6	Safe	Safe	N:\Series\Safe	Drama|Crime|Mistério	en	2018	Netflix
490fc7fa-d939-3d52-ab8b-9a5b97f34a83	Salem	Salem	N:\Series\Salem	Sci-Fi & Fantasy|Mistério|Drama	en	2014	WGN America
39dedd39-c893-adff-8106-1461badaa0dd	Salve Jorge	Salve Jorge	N:\Series\Salve-se Quem Puder	Soap|Drama|Romance	pt	2012	TV Globo
43f2e1ac-8c8a-4420-86e1-69b19dbb5176	Salve Jorge	Salve Jorge	N:\Series\Salve Jorge	Soap|Drama|Romance	pt	2012	TV Globo
88cc7bb5-7237-de6f-4a7a-98f8025400fb	Salve Meu Restaurante!	Restaurant Recovery	N:\Series\Salve Meu Restaurante!	Reality	en	2021	discovery+
94fec3ec-915f-5eb4-ce9d-f6afc55f77ca	Sam e Cat	Sam & Cat	N:\Series\Sam e Cat	Comédia|Kids|Família	en	2013	Nickelodeon
e845c20d-b8bb-e2f2-5f40-30a5a0566ef9	Samantha Who?	Samantha Who?	N:\Series\Samantha	Comédia	en	2007	ABC
00e35e6d-30e4-0ac4-d155-7fd0004e41cd	Samurai Jack	Samurai Jack	N:\Series\Samurai Jack	Sci-Fi & Fantasy|Action & Adventure|Animação	en	2001	Cartoon Network|Adult Swim
d835a1ea-1ac0-02e2-8de2-bcf2718711f4	Sandy & Junior: A História	Sandy & Junior: A História	N:\Series\Sandy e Junior - A História	Documentário	pt	2020	Globoplay
f04f7457-aa68-77df-9af6-d73f2db37295	Sandy + Chef	Sandy + Chef	N:\Series\Sandy + Chef	Reality	pt	2021	HBO Max
49786a04-58e3-e0bb-eb3a-18858bca42d0	Sangue Azul	Blue Bloods	N:\Series\Blue Bloods	Crime|Drama	en	2010	CBS
4360dbba-59db-3381-7fee-fce2c989f808	Sangue Bom	Sangue Bom	N:\Series\Sangue Bom	Soap|Drama|Comédia	pt	2013	TV Globo
aaf5b03e-6c83-bc27-1718-269776af1690	Santa Clarita Diet	Santa Clarita Diet	N:\Series\Santa Clarita Diet	Comédia|Mistério|Crime	en	2017	Netflix
0056d140-2695-584b-3ae6-e0b9620cd6bd	Santa Evita	Santa Evita	N:\Series\Santa Evita	Drama	es	2022	Star+
402e6b98-d67a-bb13-f1b2-f7053dfb99d1	Santo Bugito	Santo Bugito	N:\Series\Santo	Animação	en	1995	CBS
bbf01672-f51b-9a3b-4293-f58996ed3620	Santos Dumont	Santos Dumont	N:\Series\Santos Dumont	Drama	pt	2019	HBO Brasil
0d7a97c5-aae7-a86d-9540-87d8ffd32f4c	Sassaricando	Sassaricando	N:\Series\Sassaricando	Soap|Comédia	pt	1987	TV Globo
a82a7fbf-5a63-f1f2-6f10-7496fa671147	Save Me: Tudo Pela Minha Filha	Save Me	N:\Series\Save Me - Tudo Pela Minha Filha	Drama|Crime|Mistério	en	2018	Sky Atlantic
0c418314-66c8-f88c-edac-84fd0ccc9c8b	Scarlet Nexus	SCARLET NEXUS	N:\Series\Scarlet Nexus	Animação|Action & Adventure|Sci-Fi & Fantasy	ja	2021	Tokyo MX|BS11
43b129ec-3672-5056-b014-dfa7155102f9	Schitt's Creek	Schitt's Creek	N:\Series\Schitt's Creek	Comédia	en	2015	CBC Television
51782426-37dd-cdc7-8cb4-bc0e370e8049	Scooby-Doo, Cadê Você?	Scooby-Doo, Where Are You!	N:\Series\Scooby Doo Cadê Você_	Animação|Mistério|Comédia|Família|Sci-Fi & Fantasy	en	1969	ABC|CBS
74af9097-09e6-e8df-a27a-cc981fcf3bff	Scooped Up by an S-Rank Adventurer!	勇者パーティーを追放された白魔導師、Sランク冒険者に拾われる ～この白魔導師が規格外すぎる～	N:\Series\Banished from the Heroes Party	Animação|Action & Adventure|Sci-Fi & Fantasy	ja	2025	BS Fuji
040dec32-bf73-a799-a3f3-970340e01c31	Scorpion: Serviço de Inteligência	Scorpion	N:\Series\Scorpion	Action & Adventure|Drama|Crime	en	2014	CBS
9590e546-29ab-499d-84bb-829caec31ce3	Scream Queens	Scream Queens	N:\Series\Scream	Mistério|Comédia	en	2015	FOX
3132c9c8-c54b-d2fa-8d20-904bb81cfa4a	Se Sobreviver, Case	Se Sobreviver, Case	N:\Series\Se Sobreviver Case	Reality	pt	2020	Multishow
a66671c8-6887-f9c6-224b-4a54ba747373	SEAL Team: Soldados de Elite	SEAL Team	N:\Series\SEAL Team - Soldados de Elite	Action & Adventure|Drama|War & Politics	en	2017	CBS|Paramount+
0b3b6702-3f1f-a09e-e2d9-110b80b63384	Search Party	Search Party	N:\Series\Search Party	Comédia|Drama|Crime	en	2016	TBS|HBO Max
263bf36f-5c0c-2716-a8e8-28fabb982785	Seduced: Inside the NXIVM Cult	Seduced: Inside the NXIVM Cult	N:\Series\Seduced - Inside the NXIVM Cult	Documentário|Crime	en	2020	STARZ
ec50f7d8-a6aa-8add-1148-2af4308eb991	See	See	N:\Series\See	Drama|Sci-Fi & Fantasy|Action & Adventure	en	2019	Apple TV
cb7a3632-e7a9-6d9c-5c5f-87042da6aea6	Segredo Entre Amigas	Secret Bridesmaids' Business	N:\Series\Segredo Entre Amigas	Drama	en	2019	Seven Network
7e253fe5-fd92-ec83-b072-9d7032045810	Segredos da NASA	NASA's Unexplained Files	N:\Series\NASA's Unexplained Files	Documentário|Talk|Mistério	en	2012	Science
f4015537-4e01-20b3-dfbe-f2e1e31b6c64	Segredos do Fundo do Mar	Drain the Oceans	N:\Series\Segredos do Fundo do Mar	Documentário	en	2018	National Geographic
d07af86c-4b41-3bd0-a48c-bf41d0abd7e9	Segredos em Sulphur Springs	Secrets of Sulphur Springs	N:\Series\Segredos em Sulphur Springs	Família|Drama|Mistério|Sci-Fi & Fantasy	en	2021	Disney Channel
32a64ae5-3058-facf-36a0-fb3ed9e9f9ec	Segundo Sol	Segundo Sol	N:\Series\Segundo Sol	Soap|Drama	pt	2018	TV Globo
16161605-1d17-155c-40da-ff3fbdd694bc	Seja Nosso Chef	Be Our Chef	N:\Series\Seja Nosso Chef	Família|Reality	en	2020	Disney+
2d3e0842-dc41-3df2-b283-23d9ccfd6224	Selva de Pedra	Selva de Pedra	N:\Series\Selva de Pedra	Drama|Soap	pt	1972	TV Globo
c9e8c688-3592-e2f2-3248-030977ace60e	Sem Sentido	So Random!	N:\Series\Sem Sentido	Comédia|Família	en	2011	Disney Channel
03492695-7e5c-2c8f-590b-525c1963dac6	Sempre Bruxa	Siempre bruja	N:\Series\Sempre Bruxa	Sci-Fi & Fantasy|Drama	es	2019	Netflix
24894027-84c9-983b-7732-461c8e51bd8e	Sempre Fui Eu	Siempre fui yo	N:\Series\Sempre Fui Eu	Drama|Mistério	es	2022	Disney+
d4eb5362-4417-f4ad-a294-efd13b5fb1da	Senhora do Destino	Senhora do Destino	N:\Series\Senhora do Destino	Soap|Drama	pt	2004	TV Globo
620f8bfb-6344-cfb7-e2aa-b124be80ad5a	Señorita 89	Señorita 89	N:\Series\Senorita 89	Drama	es	2022	Pantaya|Starzplay|Universal Premiere
4173b4a5-c88c-9b3f-2a0d-ee2f585ba36b	Sense8	Sense8	N:\Series\Sense8	Sci-Fi & Fantasy|Drama	en	2015	Netflix
13a41d6b-436b-6fad-fdb2-7a559ec4e768	Seraph of the End	終わりのセラフ	N:\Series\Seraph of the End Vampire Reign	Animação|Action & Adventure|Sci-Fi & Fantasy	ja	2015	Tokyo MX
d069667c-16b1-4c0b-7cea-0f3616764de0	Sereno: O Panda Zen	Stillwater	N:\Series\Sereno - O Panda Zen	Kids|Animação	en	2020	Apple TV
10b89ab7-1e43-cc83-5c49-1511a8f08035	Servant	Servant	N:\Series\Servant	Drama|Mistério	en	2019	Apple TV
9f89a985-b955-9f3e-3427-dbd1082720e7	Sessão de Terapia	Sessão de Terapia	N:\Series\Sessão de Terapia	Drama	pt	2012	GNT|Globoplay
4c0343eb-4a34-6ac3-5e07-9c22a29637b7	Sete Vidas	Sete Vidas	N:\Series\Sete Vidas	Soap|Drama	pt	2015	TV Globo
57988413-9382-b423-89e9-03961faadccb	Seu Amigão da Vizinhança: Homem-Aranha	Your Friendly Neighborhood Spider-Man	N:\Series\Homem-Aranha da Marvel	Animação|Action & Adventure|Sci-Fi & Fantasy	en	2025	Disney+
e50e4b8c-df1f-a7d1-8db4-7c498ca31f27	Sex Education	Sex Education	N:\Series\Sex Education	Comédia|Drama	en	2019	Netflix
bcb90fba-56b7-3faf-476f-c3aa64c94eb9	Sex/Life	Sex/Life	N:\Series\Sex_Life	Drama	en	2021	Netflix
4d9d7bfa-7981-3000-d42a-ebb768d04c42	Sexify	Sexify	N:\Series\Sexify	Drama|Comédia	pl	2021	Netflix
ddc738a7-c55c-c402-b8c8-c2268e51977d	Sexo e a Cidade	Sex and the City	N:\Series\Sex and the City	Drama|Comédia	en	1998	HBO
770e53d6-097f-0ce6-e767-d9060095d6e5	Shadowhunters: Instrumentos Mortais	Shadowhunters	N:\Series\Shadowhunters	Action & Adventure|Drama|Sci-Fi & Fantasy	en	2016	Freeform
7d519878-1526-9b53-1a93-c1e4b77a23a9	SHADOWS HOUSE	シャドーハウス	N:\Series\Shadows House	Animação|Mistério|Sci-Fi & Fantasy	ja	2021	BS11|Gunma TV|Tochigi TV|AT-X|Tokyo MX
99387625-5f4c-b363-5957-47937ff6223c	Shadowverse	シャドウバース	N:\Series\Shadowverse	Animação|Action & Adventure|Sci-Fi & Fantasy	ja	2020	TV Tokyo|TV Aichi|TVQ|TV Osaka|TVh|TSC
b95d6bf0-19cd-bb36-27ad-3bed97175a75	Shaman King	SHAMAN KING	N:\Series\SHAMAN KING (2021)	Animação|Comédia|Sci-Fi & Fantasy|Action & Adventure	ja	2021	TV Tokyo|TV Aichi|TVQ|TV Osaka|TVh|TSC
f676daba-b535-27c0-671c-b6ccf963c2f5	Shark Tank Brasil: Versão Creators	Shark Tank Brasil: Versão Creators	N:\Series\Shark Tank Brasil	Reality	pt	2024	YouTube
04e194d5-d0f7-f6f2-c714-41fef12a1048	Sherlock	Sherlock	N:\Series\Sherlock	Crime|Drama|Mistério	en	2010	BBC One
0257d4cc-5965-4926-c991-d0e2f005f286	Shrill	Shrill	N:\Series\Shrill	Comédia|Drama	en	2019	Hulu
8dda5dc4-1f30-edb8-df65-522f0456befe	Silicon Valley	Silicon Valley	N:\Series\Silicon Valley	Comédia	en	2014	HBO
d172884e-d206-63ee-c7b2-a73903c4c117	Single Parents	Single Parents	N:\Series\Single Parents	Comédia	en	2018	ABC
36e744fc-f260-09d8-9a8c-50a96ef314af	Sinhá Moça	Sinhá Moça	N:\Series\Sinhá Moça	Soap|Drama	pt	2006	TV Globo
ba5ffd67-c33b-f069-52b2-2af51fa0883f	Sintonia	Sintonia	N:\Series\Sintonia	Drama|Crime	pt	2019	Netflix
2fb0d3c3-3fd2-86df-398b-916cb37581af	Siren: A Lenda das Sereias	Siren	N:\Series\Siren	Sci-Fi & Fantasy|Drama	en	2018	Freeform
c6a01869-3c24-0288-ac20-68a61d856d59	Sítio do Picapau Amarelo	Sítio do Picapau Amarelo	N:\Series\Sítio do Picapau Amarelo	Action & Adventure|Comédia|Drama|Família|Kids|Sci-Fi & Fantasy	pt	2001	TV Globo
71cb9c42-1dfa-e3dc-af2e-55ac1683872a	SK8 the Infinity	SK∞ エスケーエイト	N:\Series\SK8 the Infinity	Animação|Action & Adventure	ja	2021	HTB|tv asahi|Nagoya TV|KBC|ABC TV|NCC|OAB|ABA|Niigata Television Network 21|khb|KFB|HOME|KSB|Kagoshima Broadcasting|Iwate Asahi TV|Akita Asahi Broadcasting|Yamagata Television System|Shizuoka Asahi TV|Asahi Broadcasting Nagano|Hokuriku Asahi Broadcasting|Ehime Asahi TV|Yamaguchi Asahi Broadcasting|Kumamoto Asahi Broadcasting|Ryu-Q Asahi Broadcasting
12a3643c-1205-6169-8fd3-d56052b3f6a1	Sky Rojo	Sky Rojo	N:\Series\Sky Rojo	Action & Adventure|Crime|Drama	es	2021	Netflix
dda1cb96-2113-5787-7f16-8dfed2249c74	Slasher	Slasher	N:\Series\Slasher	Mistério|Crime|Drama	en	2016	Netflix|Chiller
0d0a7f7b-9568-cbac-9308-0a1738cd6ada	Small Axe	Small Axe	N:\Series\Small Axe	Drama	en	2020	BBC One
16bb52a3-8157-6042-e260-d9fe345e8cea	Smallville: As Aventuras do Superboy	Smallville	N:\Series\Smallville	Sci-Fi & Fantasy|Action & Adventure|Drama	en	2001	The WB|The CW
60f15ece-01cd-e6a9-9fb1-abf39086392b	Smother	Smother	N:\Series\Smother	Crime|Drama	en	2021	RTÉ One
22725b82-c1e3-026f-2817-c07237dbbf5e	Snoopy no Espaço: À Procura de Vida	Snoopy in Space: The Search for Life	N:\Series\Snoopy no Espaço	Animação|Kids	en	2019	Apple TV
dc7e5ccb-39d2-b0f9-2ad2-4232b1f24305	Snowfall	Snowfall	N:\Series\Snowfall	Drama|Crime	en	2017	FX
1f974fe7-676a-685c-da19-a85b4f443c4a	Só a Terra Permanece	Earth Abides	N:\Series\Só Se For Por Amor	Sci-Fi & Fantasy	en	2024	MGM+
147e32d3-03d7-fc8e-3bd0-7ec2e73cff27	Sob O Mar	The Deep	N:\Series\The Deep	Kids|Família|Animação|Action & Adventure	en	2015	ABC Me|7TWO
56bb37f8-1468-1d12-b8f4-76fd203967b5	Sob Pressão	Sob Pressão	N:\Series\Sob Pressão	Drama	pt	2017	TV Globo|Globoplay
c068c28a-738c-2e4c-f222-b58774dab862	Sob Pressão - Plantão Covid	NULL	N:\Series\Sob Pressão - Plantão Covid		pt	2020	
df1c01c9-0ec0-8c84-69ce-420134dc7832	Sobrenatural	Supernatural	N:\Series\Sobrenatural	Drama|Mistério|Sci-Fi & Fantasy	en	2005	The WB|The CW
4e979f82-6dc6-9ba1-8df3-b55dc1ce0118	Sobrevivente Primitivo com Hazen Audel	Primal Survivor	N:\Series\Sobrevivente Primitivo	Documentário	en	2016	National Geographic
53bcd902-1381-aecb-14f5-ebbc8cec0a96	Sobrevivi a R. Kelly	Surviving R. Kelly	N:\Series\Sobrevivi a R. Kelly	Documentário|Crime	en	2019	Lifetime
8cea3e87-7b4f-d7e9-83af-b314772e0f2f	Soco no Estômago	เจ็บเจียนตาย	N:\Series\Soco no Estômago	Drama|Documentário	th	2022	Netflix
d9b64b37-8e4a-f2ec-7701-32631574e136	Sol Nascente	Sol Nascente	N:\Series\Sol Nascente	Soap|Drama|Comédia	pt	2016	TV Globo
36acb2eb-7943-1b9e-556a-aaa1cb8d42d0	Solar Opposites	Solar Opposites	N:\Series\Solar Opposites	Comédia|Animação|Sci-Fi & Fantasy	en	2020	Hulu
67b150ae-99a9-e4cd-1a8d-af2c52115681	Solteiros, Ilhados e Desesperados	솔로지옥	N:\Series\Solteiros, Ilhados e Desesperados	Reality|Comédia|Talk	ko	2021	Netflix
dafe0ed2-b786-642c-8961-c8b6e8685003	Soltos	Soltos	N:\Series\Soltos em Floripa	Reality	pt	2020	Prime Video
df80290a-a800-cd9b-a7de-da87ddbfdc0d	Sombra e Ossos	Shadow and Bone	N:\Series\Sombra e Ossos	Drama|Sci-Fi & Fantasy	en	2021	Netflix
ec015440-7bf9-01b4-c8ae-fe5db2541b07	Sonhos de Liberdade	Sueños de libertad	N:\Series\Liberdade	Drama|Soap	es	2024	Antena 3|Atresplayer
f6c48651-d93d-2c68-169c-bb1c24624694	Sonic Prime	Sonic Prime	N:\Series\Sonic Prime	Animação|Action & Adventure|Sci-Fi & Fantasy|Kids	en	2022	Netflix
8cff1b2d-75d6-e686-5566-9472631dede3	Sonny Boy	Sonny Boy	N:\Series\Sonny Boy	Animação|Drama|Mistério|Sci-Fi & Fantasy	ja	2021	Tokyo MX|KBS Kyoto
ee03b51f-ac5f-e9fa-d18b-34d04248b925	Sophie: Assassinato em West Cork	Sophie: A Murder in West Cork	N:\Series\Sophie - Assassinato em West Cork	Documentário|Crime|Mistério	en	2021	Netflix
0f0776de-63dd-e21d-e4e6-e82428056e49	Soulmates	Soulmates	N:\Series\Soulmates	Sci-Fi & Fantasy|Crime|Drama	en	2020	AMC
388168d0-813c-feb3-2ab9-1f9711883caa	South Park	South Park	N:\Series\South Park	Animação|Comédia	en	1997	Comedy Central
9b5b106a-3b7b-3fdf-9d6d-61ab78f253a4	Sozinhos	Solos	N:\Series\Solos	Sci-Fi & Fantasy|Drama	en	2021	Prime Video
d77c6e85-9c30-c684-9a1e-f5d390812857	Space Force	Space Force	N:\Series\Space Force	Comédia|Drama	en	2020	Netflix
29e83d72-e4d6-cb43-273b-cd76fa89d0b3	Sparta	S'парта	N:\Series\Sparta	Drama|Mistério|Crime	ru	2018	Channel One
227fd9eb-014d-245e-49f1-11a1409afead	Spartacus	Spartacus	N:\Series\Spartacus	Drama	en	2010	STARZ
9e5557eb-2909-9342-67b1-cdfef1b7b3ab	Spidey e Seus Amigos Espetaculares	Spidey and His Amazing Friends	N:\Series\Spidey e Seus Amigos Espetaculares	Animação|Kids|Sci-Fi & Fantasy|Action & Adventure	en	2021	Disney Channel|Disney Junior
445fac3a-b074-b108-f0d4-8630b2d79610	Spin Out	Spinning Out	N:\Series\Spin Out	Drama	en	2020	Netflix
b1ce1f68-8830-2c7d-cbe9-635175eb64ab	Spirit - Cavalgando Livre	Spirit: Riding Free	N:\Series\Spirit - Cavalgando Livre	Animação|Action & Adventure|Família|Faroeste	en	2017	Netflix
645bade7-5281-abfa-ffea-b4178b542a73	Stalin (1992)	Stalin (1992)	N:\Series\1992	Documentário	es	1992	
48963639-3fad-b391-28d5-4d4348079512	Star Search	Star Search	N:\Series\Star Search (2026)	Reality	en	2026	Netflix
b6c52bd4-02bf-bb57-2407-052abb11fbdf	Star Trek: Discovery	Star Trek: Discovery	N:\Series\Star Trek - Discovery	Sci-Fi & Fantasy|Action & Adventure|Drama	en	2017	CBS All Access|Paramount+
bdd12d3a-f998-b4ed-3929-33519f76057a	Star Trek: Strange New Worlds	Star Trek: Strange New Worlds	N:\Series\Star Trek - Strange New Worlds	Sci-Fi & Fantasy|Drama	en	2022	Paramount+
42901d46-a960-462f-37f5-cfa0697f9c25	Star Wars: Forças do Destino	Star Wars: Forces of Destiny	N:\Series\Star Wars - Forças do Destino	Animação|Sci-Fi & Fantasy|Action & Adventure|Família	en	2017	Disney Channel
ff9781e5-8ac9-50a7-f43a-94e7b5668f9d	Star Wars: Galáxia de Sons	Star Wars Galaxy of Sounds	N:\Series\Star Wars - Galáxia de Sons	Sci-Fi & Fantasy	en	2021	Disney+
4269576f-09eb-2de5-a931-88bd383d444b	Star Wars: Histórias dos Jedi	Star Wars: Tales of the Jedi	N:\Series\Star Wars - Histórias dos Jedi	Animação|Sci-Fi & Fantasy|Action & Adventure	en	2022	Disney+
55d56f15-326c-f516-f391-8d7730cecc3d	Star Wars: Rebels	Star Wars Rebels	N:\Series\Star Wars - Rebels	Action & Adventure|Animação|Sci-Fi & Fantasy	en	2014	Disney XD
2b127ec0-3481-4a4e-0685-c7ed94baef36	Star Wars: The Bad Batch	Star Wars: The Bad Batch	N:\Series\Star Wars - The Bad Batch	Animação|Action & Adventure|Sci-Fi & Fantasy	en	2021	Disney+
ee281aac-29f1-d795-19cd-ec1b13dba42b	Star Wars: Visions	Star Wars: Visions	N:\Series\Star Wars - Visions	Animação|Sci-Fi & Fantasy|Action & Adventure	en	2021	Disney+
927f5ae4-3fe1-5e2d-bbdc-656dfcdde0c2	Stargirl	DC's Stargirl	N:\Series\Stargirl	Sci-Fi & Fantasy|Action & Adventure|Drama	en	2020	The CW|DC Universe
20c9cb54-44c9-a6ef-61a4-ac9ce5f2f6b9	Starstruck	Starstruck	N:\Series\Starstruck	Comédia	en	2021	BBC Three
fb75d18a-cb77-d70d-f2ca-bc7898326ef1	StartUp	StartUp	N:\Series\StartUp	Crime|Drama	en	2016	Crackle
fb35bd32-d1cb-0ed4-087b-073e279aa6ad	Steins;Gate	Steins;Gate	N:\Series\Steins Gate	Animação|Sci-Fi & Fantasy|Mistério|Comédia	ja	2011	Teletama|Sun TV
91dc50ff-8ca7-5ff4-4618-befd9cc8682d	Steins;Gate 0	シュタインズ・ゲート ゼロ	N:\Series\Steins Gate 0	Sci-Fi & Fantasy|Animação|Drama	ja	2018	Tokyo MX
70d5a45f-bb97-0c1e-d295-39bf0b1cb07a	Stella Blómkvist: Investigação Sem Limites	Stella Blómkvist	N:\Series\Stella Blomkvist - Investigação Sem Limites	Drama|Crime	is	2017	Sjónvarp Símans
704345ec-4ab0-c8d2-afb3-7f21473b3ea0	Steven Universo	Steven Universe	N:\Series\Steven Universo	Animação|Action & Adventure|Comédia|Sci-Fi & Fantasy|Família	en	2013	Cartoon Network
698461da-490c-ccb9-3286-25b62e235a80	Stranger Things	Stranger Things	N:\Series\Stranger Things	Action & Adventure|Mistério|Sci-Fi & Fantasy	en	2016	Netflix
9085bbde-ba40-282f-06d8-9945a2a18138	Stumptown: Investigadora Sem Limite	Stumptown	N:\Series\Stumptown - Investigadora Sem Limite	Drama	en	2019	ABC
86a4b11a-bae8-b548-fd4c-224cf342cbc5	Succession	Succession	N:\Series\Succession	Drama|Comédia	en	2018	HBO
3657c8d0-990c-5db2-e3de-671266042a49	Super Choque	Static Shock	N:\Series\Super Choque	Action & Adventure|Animação|Sci-Fi & Fantasy|Kids	en	2000	The WB
a7a3c9cd-ee84-bef6-3d75-61980f73b7a0	Super Cub	スーパーカブ	N:\Series\Super Cub	Animação|Comédia	ja	2021	AT-X
deda0824-fcfb-e68a-f08f-6f470f95ec90	Super Dragon Ball Heroes	スーパードラゴンボールヒーローズ	N:\Series\Super Dragon Ball Heroes	Animação|Action & Adventure|Sci-Fi & Fantasy	ja	2018	Fuji TV
be0c6fd0-0fa7-75db-3f37-5f89daea50ad	Super Drags	Super Drags	N:\Series\Super Drags	Animação|Comédia	pt	2018	Netflix
ce0f928f-0a89-7f82-5a80-bb3717a48555	Super Monstros: Pet-Monstros	Super Monsters Monster Pets	N:\Series\Super Monsters Monster Pets	Animação|Kids	en	2019	Netflix
e7f5f587-17ee-ca41-1c8c-0b33a1c37e87	Super Pumped: A Guerra Pela Uber	Super Pumped: The Battle for Uber	N:\Series\Super Pumped - A Guerra Pela Uber	Drama	en	2022	Showtime
1e1075f5-a364-6b2b-22b5-65a87db9127a	Supergirl	Supergirl	N:\Series\Supergirl	Drama|Sci-Fi & Fantasy|Action & Adventure	en	2015	CBS|The CW
e75f3688-d681-41a3-6864-c1802114632b	Supermães	Workin' Moms	N:\Series\Supermães	Comédia	en	2017	CBC Television
b3a296db-c38f-9772-7c5c-3ae90628a33b	Superman e Lois	Superman & Lois	N:\Series\Superman and Lois	Drama|Sci-Fi & Fantasy	en	2021	The CW
8342bdae-4f67-2183-b581-e3294b119798	Superstition	Superstition	N:\Series\Superstition	Sci-Fi & Fantasy|Mistério|Drama	en	2017	Syfy
97703be6-3a0a-2ffa-2e54-ecef7ebe3e67	Superstore: Uma Loja de Inconveniências	Superstore	N:\Series\Superstore	Comédia	en	2015	NBC
2ec3ae1c-b1df-3cdc-895a-270a492ad78d	Suspicion	Suspicion	N:\Series\Suspicion	Crime|Drama|Mistério	en	1957	NBC
3d3c0fc9-62db-98c3-3223-b03fb9dc6157	Swagger	Swagger	N:\Series\Swagger	Drama	en	2021	Apple TV
60ef384e-6ef9-22f8-bfe0-6bbde16bab57	Sweet Home	스위트홈	N:\Series\Sweet Home	Sci-Fi & Fantasy|Action & Adventure	ko	2020	Netflix
48477823-c2b2-7375-7b52-afc71245adb1	Sweet Tooth	Sweet Tooth	N:\Series\Sweet Tooth	Drama|Sci-Fi & Fantasy	en	2021	Netflix
2a8e0f4d-51d7-997e-f523-fe505ed68f56	Sylvanian Families	Sylvanian Families	N:\Series\Sylvanian Families	Animação|Kids	en	1987	Syndication
c2219829-16d2-b46e-ab5b-e4df291054d9	Tá Puxado	NULL	N:\Series\Tá Puxado		NULL	NULL	
38bdb7ac-d9d4-6e10-c568-ae2c6c4e3c81	Tá Tudo uma Merd@!	NULL	N:\Series\Tá Tudo uma Merd@!		NULL	NULL	
aef2c178-7ef2-3cb1-be3a-9c7d65a006fc	Taboo	Taboo	N:\Series\Taboo	Drama|Mistério	en	2017	BBC One
1408d83e-1e90-43b7-5180-60e82fae3486	Tabula Rasa	Tabula Rasa	N:\Series\Tabula Rasa	Drama|Mistério	nl	2017	VRT 1
0f503a13-6295-f333-07a3-908613e1e55e	Tainá e os Guardiões da Amazônia	Tainá e os Guardiões da Amazônia	N:\Series\Tainá e os Guardiões da Amazônia	Animação|Kids	pt	2018	Nickelodeon
8f49471b-4552-7e61-6038-569270404ec6	Tal Mãe, Tal Filha	Gilmore Girls	N:\Series\Gilmore Girls	Comédia|Drama	en	2000	The WB|The CW
e67b477d-ef7c-f54b-c0ec-4d06944c21c6	Tal Mãe, Tal Filha	Gilmore Girls	N:\Series\Girls	Comédia|Drama	en	2000	The WB|The CW
6c142850-380a-37d5-a6b3-3e83219cf9c8	Tales by Light	Tales by Light	N:\Series\Tales by Light	Documentário	en	2015	National Geographic Channel
0eb18209-954e-3cb5-0ba0-0a7bacc62286	Talking Tom and Friends	Talking Tom and Friends	N:\Series\Talking Tom and Friends	Animação|Comédia|Kids	en	2014	YouTube
89a2ed72-5ee1-fc5a-7c77-f8d1bc32b68c	Tapas & Beijos	Tapas & Beijos	N:\Series\Tapas e Beijos	Comédia	pt	2011	TV Globo
f696ca1c-530d-3436-cc2d-349be692d799	Tarcísio & Glória	Tarcísio & Glória	N:\Series\Tarcísio e Glória	Drama	pt	1988	TV Globo
fed83c71-d739-2de7-26eb-731d33511f4f	Tattoo Fail	Tattoo Redo	N:\Series\Tattoo Redo	Reality	en	2021	Netflix
d428f7d0-a831-7335-5e9a-2ff0695b6941	Tavis Smiley	Tavis Smiley	N:\Series\Smiley	Talk|News	en	2004	PBS
b567a06a-2184-eb40-44a2-7f1b6b43389c	Te Devo Essa! Reforma das Estrelas	Celebrity IOU	N:\Series\Te Devo Essa! Reforma das Estrelas	Reality	en	2020	HGTV
fc886cc9-1ecd-2497-9b63-7b2e6c130a2a	Team Kaylie	Team Kaylie	N:\Series\Team Kaylie	Comédia|Família	en	2019	Netflix
78aeabe2-3a1c-4799-dfb4-e029a3616fac	Ted Lasso	Ted Lasso	N:\Series\Ted Lasso	Drama|Comédia	en	2020	Apple TV
5fb49b1d-fc22-ad5d-d5e6-cf0d8abd45d8	Teenage Euthanasia	Teenage Euthanasia	N:\Series\Teenage Euthanasia	Comédia|Animação	en	2021	Adult Swim
766d2fce-cc2c-de2e-cf77-a3ce970cf7e6	Tempo de Amar	Tempo de Amar	N:\Series\Tempo de Amar	Drama	pt	2017	TV Globo
a4234aec-c5dc-9cfd-d0da-7bff9dcc7a32	Tenku Shinpan - Sem Saída	天空侵犯	N:\Series\Tenkuu Shinpan	Animação|Mistério|Action & Adventure	ja	2021	Netflix
ba92ea2b-5558-703e-cc0a-a654dc735f7d	Terapia Alternativa	Terapia alternativa	N:\Series\Terapia Alternativa	Drama|Comédia	es	2021	Star+
b54ba634-32e8-578f-ef2c-c79d0eb9607f	Terra de Crocodilos	Matt Wright's Wild Territory	N:\Series\Terra de Crocodilos	Reality	en	2022	Nine Network
ee9afaad-df87-673c-8cda-47c04771357a	Terra Incógnita	Tierra incógnita	N:\Series\Terra Incógnita	Mistério|Sci-Fi & Fantasy|Família	es	2022	Disney+
9ddb499a-d8b8-5a42-8705-8c8863633dbc	Terra Nostra	Terra Nostra	N:\Series\Terra Nostra	Soap|Drama	pt	1999	TV Globo
3faa00e0-235c-3108-2120-03303e01a7e9	Terra Nova	Terra Nova	N:\Series\Terra Nova	Sci-Fi & Fantasy|Mistério|Action & Adventure	en	2011	FOX
7c507980-bcaf-a80f-19f1-e0c6899af1d0	Terra Tempestuosa	Earthstorm	N:\Series\Terra Tempestuosa	Documentário	en	2022	Netflix
42b15af6-f6c3-6b2b-d7dc-b4aeae68ea0b	Terrorismo - Atentados Frustrados	Terrorism Close Calls	N:\Series\Terrorism Close Calls	Documentário	en	2018	Netflix
f4adb29c-7a33-8069-e8ea-c3aa762ef489	The A List	The A List	N:\Series\The A List	Drama|Mistério|Família	en	2018	Netflix|BBC iPlayer
d07f6237-9e78-9f25-f39a-ab8bbfd420f3	The Affair: Infidelidade	The Affair	N:\Series\The Affair - Infidelidade	Drama	en	2014	Showtime
7ef1a83f-d9b6-ba76-fbd2-9da827cfe5dd	The Big Family Cooking Showdown	The Big Family Cooking Showdown	N:\Series\The Big Family Cooking Showdown	Reality	en	2017	BBC Two
f3a9dbdc-4c0f-7566-92cc-4d15b223bbbd	The Big Lez Show	The Big Lez Show	N:\Series\The Big Show Show	Animação|Action & Adventure|Comédia|Sci-Fi & Fantasy	en	2012	
d8e6c282-90b7-7fdf-7aa0-5ac8e39f5f89	The Boys	The Boys	N:\Series\The Boys	Sci-Fi & Fantasy|Action & Adventure	en	2019	Prime Video
97a74049-6c27-357e-9fe3-c9a5cbf00725	The Boys Apresenta: Diabólicos	The Boys Presents: Diabolical	N:\Series\The Boys Apresenta - Diabólicos	Animação|Action & Adventure	en	2022	Prime Video
f6881fc9-ba9d-8d44-99b8-724f737e0781	The Brink	The Brink	N:\Series\The Brink	Comédia	en	2015	HBO
1dcfc0ac-144b-a6e7-b01f-0316aba66b54	The Chosen: Os Escolhidos	The Chosen	N:\Series\The Chosen - Os Escolhidos	Action & Adventure|Família|Drama	en	2019	Prime Video|VidAngel|Angel|TheChosen.tv
80c51cd9-3124-4871-06eb-4e79acc19f84	The Circle Brasil	The Circle Brasil	N:\Series\The Circle Brasil	Reality	pt	2020	Netflix
9549ea29-37a0-1a73-18d7-ae5051107bef	The Club	Kulüp	N:\Series\The Club (2021)	Drama	tr	2021	Netflix
819e0996-fd0a-a387-9d6c-3a0b567597e6	The Crown	The Crown	N:\Series\The Crown	Drama	en	2016	Netflix
46c7d1a3-d5af-669e-f790-e4031620b2e1	The Day I Became a God	神様になった日	N:\Series\The Day I Became a God	Animação|Comédia|Drama|Sci-Fi & Fantasy	ja	2020	Tokyo MX|Tochigi TV|BS11|ABC TV|Gunma TV|AT-X|NCC|tvk|Nagoya TV
71ef7882-b8aa-de94-5d24-1506ce4365e8	The Defiant Ones	The Defiant Ones	N:\Series\The Defiant Ones	Documentário	en	2017	HBO
616aca2a-bf2c-e075-7798-e2409769243f	The Deuce	The Deuce	N:\Series\The Deuce	Drama|Crime	en	2017	HBO
65440cab-c82a-cd2c-e7a9-8ca15dc08c66	The Dropout	The Dropout	N:\Series\The Dropout	Drama	en	2022	Hulu
25708b74-294b-f201-5b20-bd3a08a40955	The Dungeon of Black Company	迷宮ブラックカンパニー	N:\Series\Meikyuu Black Company	Animação|Comédia|Action & Adventure|Sci-Fi & Fantasy	ja	2021	Tokyo MX
650717d1-0ae0-1bcf-3082-6fa59b9cc0ce	The Eddy	The Eddy	N:\Series\The Eddy	Drama	en	2020	Netflix
4d2b78f3-4200-4732-d8c5-494548cdf51c	The Encounter	The Encounter	N:\Series\Encounter (2021) (LEG)	Drama	en	2016	Great American Pure Flix
7298c192-7b42-ac75-3b6f-502ec73006ad	The Expanse	The Expanse	N:\Series\The Expanse	Drama|Mistério|Sci-Fi & Fantasy	en	2015	Syfy|Prime Video
8ff6d48a-82bb-a193-5ede-80d0b6651955	The Fabulous	더 패뷸러스	N:\Series\The Fabulous	Drama|Comédia	ko	2022	Netflix
dfd4d528-9124-9bbc-4fbc-f817492d027b	The Family: Democracia Ameaçada	The Family	N:\Series\The Family - Democracia Ameaçada	Documentário	en	2019	Netflix
fdca5573-41fd-5dc2-58dd-e14946d0edbd	The Feed	The Feed	N:\Series\The Feed	Drama|Sci-Fi & Fantasy	en	2019	Virgin Media One
addb677b-2a46-aaa4-3c6a-c1e30b03d4f7	The Final Table - Que vença o melhor	The Final Table	N:\Series\The Final Table	Reality	en	2018	Netflix
e6e4a320-4e00-ce7c-7c1a-28447d0a006e	The Get Down	The Get Down	N:\Series\The Get Down	Drama	en	2016	Netflix
0d59c119-8ac6-5719-4b65-fe26df1ba281	The Gifted	The Gifted	N:\Series\The Gifted	Sci-Fi & Fantasy|Action & Adventure|Drama	en	2017	FOX
803599fa-ba58-5446-78b9-34f6b99883f2	The Girlfriend Experience	The Girlfriend Experience	N:\Series\The Girlfriend Experience	Drama	en	2016	STARZ
716dddad-6736-c723-8f12-4c0689eb9651	The Good Doctor: O Bom Doutor	The Good Doctor	N:\Series\The Good Doctor	Drama	en	2017	ABC
569c2a28-1221-976c-bc2d-afe4f4ef6427	The Good Fight	The Good Fight	N:\Series\The Good Fight	Drama	en	2017	CBS All Access|Paramount+
eb568923-8049-9392-b7c9-626ad576bcb5	The Good Place	The Good Place	N:\Series\The Good Place	Sci-Fi & Fantasy|Comédia	en	2016	NBC
a7eee5c8-8d71-2ec4-4775-da84a5ff695f	The Great North	The Great North	N:\Series\The Great North	Animação|Comédia	en	2021	FOX
95793748-6594-5b9b-215d-88d4dd77064a	The Great War	The Great War	N:\Series\The Great	Documentário|War & Politics	en	2014	YouTube
27e6915d-364c-9baa-a9b3-3305f08e8125	The Guest	손: The Guest	N:\Series\The Guest (2025)	Mistério|Drama|Crime	ko	2018	OCN
c31e021f-fc50-a0c6-2ea0-c7d4636c1628	The Hardy Boys	The Hardy Boys	N:\Series\The Hardy Boys	Drama	en	1995	
e23dc6c5-8c63-c062-2b71-85c3413f6d06	The Honourable Woman	The Honourable Woman	N:\Series\The Honourable Woman	Drama|War & Politics|Crime	en	2014	BBC Two|
f27d513b-3b8b-cfb2-db3e-c127e1014316	The Hot Zone	The Hot Zone	N:\Series\The Hot Zone - A História do Ebola	Drama	en	2019	National Geographic|
b5cac72d-46e8-71bf-1687-374cfe622091	The I-Land	The I-Land	N:\Series\The I-Land	Drama|Sci-Fi & Fantasy	en	2019	Netflix|
6a13e90e-3888-fc52-4a59-ecbe3fb741f0	The Keepers	The Keepers	N:\Series\The Keepers	Documentário|Mistério|Crime	en	2017	Netflix|
7c24eb4f-69cd-1438-b0fb-a2b172fea235	The Kids in the Hall	The Kids in the Hall	N:\Series\The Kids in the Hall	Comédia	en	1989	HBO
0fbfa9df-caa3-69c8-2a31-7727d8ad1feb	The Kill Point	NULL	N:\Series\The Kill Point		NULL	NULL	
63a7388f-8f60-7e2f-e964-b936e70cf0d4	The L Word - Geração Q	NULL	N:\Series\The L Word - Geração Q		NULL	NULL	
5b0f6e49-7e2c-4f8f-98c4-63246a553d3e	The Lady and the Dale	NULL	N:\Series\The Lady and the Dale		NULL	NULL	
0e56a115-6170-840b-1987-8603b283841d	The Last Kingdom	NULL	N:\Series\The Last Kingdom		NULL	NULL	
37147136-ae97-2449-0c15-82f75050f661	The Leftovers	NULL	N:\Series\The Leftovers		NULL	NULL	
39effcc3-da1d-d913-a756-ff64acd78897	The Liberator	NULL	N:\Series\The Liberator		NULL	NULL	
76c56ce4-c568-13c5-333a-4a68a6dd93f3	The Little Lies We All Tell	NULL	N:\Series\The Little Lies We All Tell		NULL	NULL	
522c9caa-6266-fc5c-661a-411bb4649c9e	The Looming Tower	NULL	N:\Series\The Looming Tower		NULL	NULL	
1ed5920f-3217-0dbc-54fd-d9c9f4c21aca	The Magicians	NULL	N:\Series\The Magicians (2015)		NULL	NULL	
d47782f1-bea7-0f75-5a30-39d92d124ba8	The Man In The High Castle	NULL	N:\Series\The Man In The High Castle		NULL	NULL	
bf264d9c-2c1b-6fae-e141-d061ec0d23e5	The Man Who Fell to Earth	NULL	N:\Series\The Man Who Fell to Earth		NULL	NULL	
08720679-993f-f248-0adf-bbfac34a31eb	The Mandalorian	NULL	N:\Series\The Mandalorian		NULL	NULL	
7c9b020b-a8cb-58b1-7cb4-f923e590e056	The Mentalist	NULL	N:\Series\The Mentalist		NULL	NULL	
d651f6b9-684d-d02d-10d5-0813e263b6ce	The Mick	NULL	N:\Series\The Mick		NULL	NULL	
6538da67-39d1-8a77-fdbd-3f755783e601	The Midnight Gospel	NULL	N:\Series\The Midnight Gospel		NULL	NULL	
1fcae49a-6054-0260-0cae-2833e9b9cdb7	The Morning Show	NULL	N:\Series\The Morning Show		NULL	NULL	
84d94316-34b6-19f1-0ed9-8a131dcaaba6	The Mosquito Coast	NULL	N:\Series\The Mosquito Coast		NULL	NULL	
382eb8d6-46a2-9379-acae-85a9f81e9252	The Nevers	NULL	N:\Series\The Nevers		NULL	NULL	
6f2145c0-f6a5-b3d2-db82-3b95951b8ffe	The New Pope	NULL	N:\Series\The New Pope		NULL	NULL	
68e5d991-a39d-0f47-9e8a-99c37d9293f1	The Newsroom	NULL	N:\Series\The Newsroom		NULL	NULL	
48bf1c08-725c-89eb-19c2-062a990558a9	The Night Of	NULL	N:\Series\The Night Of		NULL	NULL	
0f6fd1df-e8c4-3318-1771-189572490b30	The O C - Um Estranho no Paraíso	NULL	N:\Series\The O.C. - Um Estranho no Paraíso		NULL	NULL	
6efd97c0-4061-72bc-4d51-19501e7daf44	The OA	NULL	N:\Series\The OA		NULL	NULL	
c00b7262-9cc5-b8e0-7802-542e0b48180e	The Office	The Office	N:\Series\The Office (2024)	Comédia	en	2005	NBC
e365a4fe-207f-6ad6-6e33-542a925ec1e0	The Office	NULL	N:\Series\The Office		NULL	NULL	
8a663d4c-5638-1fbc-1839-043870e29dc0	The Old Man	NULL	N:\Series\The Old Man		NULL	NULL	
c28ecb85-84dd-e087-ced6-7aca6f46105a	The One	NULL	N:\Series\The One		NULL	NULL	
fdfa341f-e7f4-09de-39de-d65d237342c4	The Originals	NULL	N:\Series\The Originals		NULL	NULL	
73f369d5-b7a7-dc87-b862-5675fed600cd	The Orville	NULL	N:\Series\The Orville		NULL	NULL	
555f9694-0fad-2bc5-2b5f-3071fba55f5b	The Outsider	NULL	N:\Series\The Outsider		NULL	NULL	
89ae0703-7f7f-168c-6db5-3e98c9462bab	The Paper	The Paper	N:\Series\The Paper (2025)	Comédia	en	2025	Peacock
1ae65e6f-1788-025d-cd6d-8b1644379f25	The Pit Stop	The Pit Stop	N:\Series\Pit Stop	Reality|Talk|Comédia	en	2016	YouTube
2fa2f0fc-60fa-3540-360b-1bd1507504d8	The Politician	NULL	N:\Series\The Politician		NULL	NULL	
49ea280f-4f09-af86-ce1e-0675c54de54e	The Premise	The Premise	N:\Series\A Premissa	Comédia|Drama	en	2021	Hulu
988ba9de-d068-90b0-00b9-54e8946e02aa	The Purge	NULL	N:\Series\The Purge		NULL	NULL	
e4a5f3b8-9b43-3843-2324-ab55e5a4bd0e	The Rain	NULL	N:\Series\The Rain		NULL	NULL	
6d90fa87-4a88-714d-8d92-f98e848f70f3	The Ranch	NULL	N:\Series\The Ranch		NULL	NULL	
a3f80cba-0b0b-1e1d-b4fa-f66249119bc7	The Resident	NULL	N:\Series\The Resident		NULL	NULL	
f929bd39-7d2f-6579-955a-ccaf053cdd7f	The Returned	NULL	N:\Series\The Returned		NULL	NULL	
4498266a-0fef-979b-a27d-b94b31e738b2	The Rig	NULL	N:\Series\The Rig		NULL	NULL	
599020df-e273-ad5a-56d1-9751faf7d627	The Righteous Gemstones	NULL	N:\Series\The Righteous Gemstones		NULL	NULL	
a29ad276-1957-55ff-065f-f561ca5b775c	The Rookie	NULL	N:\Series\The Rookie		NULL	NULL	
8e96ea0a-e189-e39c-2de5-c2f6bde8e456	The Royals	NULL	N:\Series\The Royals		NULL	NULL	
9bbd6ffa-8d31-5a29-ef6d-9777c0766152	The Sandman	NULL	N:\Series\The Sandman		NULL	NULL	
1b60b6be-9b9e-8a09-59df-706bb27c5110	The Shannara Chronicles	NULL	N:\Series\The Shannara Chronicles		NULL	NULL	
1f868eb3-69d3-90c2-7448-1d4f85c1b4d6	The Sinner	NULL	N:\Series\The Sinner		NULL	NULL	
e21cb089-fe53-ac2a-f335-9a9813d19c9c	The Society	NULL	N:\Series\The Society		NULL	NULL	
03658feb-45c5-8359-9a39-1672e85bc884	The Sopranos	NULL	N:\Series\The Sopranos		NULL	NULL	
87e3b971-a940-08d9-46bb-441205fc6236	The Spanish Princess	NULL	N:\Series\The Spanish Princess		NULL	NULL	
38b142c6-45de-b029-10fc-9a89ae5e98e2	The Spy	NULL	N:\Series\The Spy		NULL	NULL	
1e2326c3-4f71-42c8-6696-18b027787e3a	The Stand	NULL	N:\Series\The Stand		NULL	NULL	
04171ce5-baf6-f6b6-c66c-590b728bf61d	The Strain	NULL	N:\Series\The Strain		NULL	NULL	
f9d69b10-9178-ce38-63f1-78c46124e1e6	The Terror	NULL	N:\Series\The Terror		NULL	NULL	
b132d94b-72d4-0b12-775d-ae51ddb163c4	The Titan Games	NULL	N:\Series\The Titan Games		NULL	NULL	
a2c3ed52-f291-eff6-1fe7-27ccbca2fa94	The Tudors	NULL	N:\Series\The Tudors		NULL	NULL	
e2e7384e-f48b-d55c-b3ab-3d6c4557902f	The Umbrella Academy	NULL	N:\Series\The Umbrella Academy		NULL	NULL	
62b631b3-0430-d924-8175-0e69c70c6e6a	The Underground Railroad - Os Caminhos para a Liberdade	NULL	N:\Series\The Underground Railroad - Os Caminhos para a Liberdade		NULL	NULL	
590dfee4-992a-edf2-0ad5-975e3ce3c72f	The Undoing	NULL	N:\Series\The Undoing		NULL	NULL	
b86629b9-5997-6ad5-8655-bf1db11dee98	The Vampire Diaries	NULL	N:\Series\The Vampire Diaries		NULL	NULL	
372f98de-c24f-87a8-b425-f725a6f664fc	The Vow	NULL	N:\Series\The Vow		NULL	NULL	
7d09e462-6561-b741-f096-87bd6ba800b0	The Walking Dead	NULL	N:\Series\The Walking Dead		NULL	NULL	
97c882b3-e19b-370c-0f89-aaed24198586	The Walking Dead - Um Novo Universo	NULL	N:\Series\The Walking Dead - Um Novo Universo		NULL	NULL	
d92c42cf-1566-6b11-6425-95f81fb36dba	The Watch	NULL	N:\Series\The Watch		NULL	NULL	
49cf9a07-2bc3-b7fa-bc5a-74b203460ed2	The White Lotus	NULL	N:\Series\The White Lotus		NULL	NULL	
45e6eb12-b9ba-9fa9-dd3b-ea28db27d74c	The White Princess	NULL	N:\Series\The White Princess		NULL	NULL	
79da841d-b750-9b4a-5bd2-dde875a663a7	The White Queen	NULL	N:\Series\The White Queen		NULL	NULL	
7bd36277-114b-eefc-82d1-d1d989c36874	The Wilds - Vidas Selvagens	NULL	N:\Series\The Wilds - Vidas Selvagens		NULL	NULL	
d6d35211-eb0f-aba3-b29a-5bd303832c90	The Witcher	NULL	N:\Series\The Witcher		NULL	NULL	
1579b5eb-ccc9-f209-3c5c-224b1ff5c3bd	The Witcher - A Origem	NULL	N:\Series\The Witcher - A Origem		NULL	NULL	
47b0f129-068b-7777-b6df-07a39ad985e3	This Is Us	NULL	N:\Series\This Is Us		NULL	NULL	
d440b2fa-be5a-3714-0ed3-af1377809334	Those Snow White Notes	ましろのおと	N:\Series\Mashiro no Oto	Animação|Drama	ja	2021	MBS|TBS
9344266a-404d-5bc5-144d-ce34aac9ce6f	ThunderCats Roar	NULL	N:\Series\ThunderCats Roar		NULL	NULL	
1a81c05c-9839-c6ce-f6dd-f64f63665129	Ti Ti Ti	NULL	N:\Series\Ti Ti Ti		NULL	NULL	
8a31e4e6-8899-7429-5ff3-d103891b2201	Tieta	NULL	N:\Series\Tieta		NULL	NULL	
927eda6c-27b1-646b-2502-28a1a17c047a	Timão e Pumba	NULL	N:\Series\Timão e Pumba		NULL	NULL	
ccbd72de-ae04-7dce-da72-8ad8b4607992	Tipo Isso	NULL	N:\Series\Tipo Isso		NULL	NULL	
2204c989-be14-1235-d78e-583d328cf2bc	Titans	NULL	N:\Series\Titans		NULL	NULL	
393f254c-11df-6ab8-5209-515904b1c5ad	Todas as Flores	NULL	N:\Series\Todas as Flores		NULL	NULL	
b6a38d4d-959a-3779-8226-ec466205a829	Todo Mundo Odeia o Chris	NULL	N:\Series\Todo Mundo Odeia o Chris		NULL	NULL	
1a355205-f763-d98e-0df7-09b5a0ab4f20	Todos Mentem	NULL	N:\Series\Todos Mentem		NULL	NULL	
b1c2113b-2107-5975-f09c-0e00d8911018	Tokyo Vice	NULL	N:\Series\Tokyo Vice		NULL	NULL	
2c616a2f-6775-02f5-27a7-2b62509d2e89	Top Model	NULL	N:\Series\Top Model		NULL	NULL	
9d1d16d6-87ac-f125-b458-2a69b565ccc1	Topíssima	NULL	N:\Series\Topíssima		NULL	NULL	
c9c6ff16-5f4b-c049-62ce-b8d0d16ee49b	Torre de Babel	NULL	N:\Series\Torre de Babel		NULL	NULL	
1b13c7a8-2b4b-0b74-935f-d871658c0661	Total Control	NULL	N:\Series\Total Control		NULL	NULL	
b595af0e-4165-685c-4b48-68f6782cd232	Totalmente Demais	NULL	N:\Series\Totalmente Demais		NULL	NULL	
888aaf25-b775-56df-609b-3657f5096a7d	Tower of God	NULL	N:\Series\Tower of God		NULL	NULL	
9d1960be-7c8a-1abd-98ec-c5b231f1349e	Toy Boy	NULL	N:\Series\Toy Boy		NULL	NULL	
59cf8c61-3a9d-169f-f249-16a8b1a1bd62	Transplant - Uma Nova Vida	NULL	N:\Series\Transplant - Uma Nova Vida		NULL	NULL	
ead57b1e-089c-c786-529f-daa654e0424f	Travelers	NULL	N:\Series\Travelers		NULL	NULL	
00cf4852-41c6-a73f-14c0-26b30b0f947d	Travessia	NULL	N:\Series\Travessia		NULL	NULL	
62f46076-7337-0d22-9cbb-ab0cfe9fd8da	Trem Infinito	NULL	N:\Series\Trem Infinito		NULL	NULL	
fe1862e6-167c-0d69-db69-6c029490dab9	Tribes of Europa	NULL	N:\Series\Tribes of Europa		NULL	NULL	
451ea4bf-92b8-4754-2f2a-f66b00f5c501	Troca de Esposas	NULL	N:\Series\Troca de Esposas		NULL	NULL	
70f07204-9769-35f4-a28c-a26718069beb	True Blood	NULL	N:\Series\True Blood		NULL	NULL	
a71c9917-85e9-705b-3b2c-38de2bba3873	True Detective	NULL	N:\Series\True Detective		NULL	NULL	
2f56e033-2ad2-91a1-21b2-c6dc4e5c84f9	True Life Crime - Reino Unido	NULL	N:\Series\True Life Crime - Reino Unido		NULL	NULL	
23c47a92-a2ab-ca6e-0d6d-40695e22aaf9	Trust	NULL	N:\Series\Trust		NULL	NULL	
3f107c93-5eb1-dfdf-1d95-616be791318f	Truth Be Told	NULL	N:\Series\Truth Be Told		NULL	NULL	
7df9b6f9-1989-08e5-c6a4-ecb0c7214312	Trying	NULL	N:\Series\Trying		NULL	NULL	
320e3fb4-5d59-aaff-5243-ae16288f897b	Tuca e Bertie	NULL	N:\Series\Tuca e Bertie		NULL	NULL	
94986014-4617-c2a0-161f-d7599dc3203a	Tudo Culpa Dela	All Her Fault	N:\Series\All Her Fault	Mistério|Crime	en	2025	Sky Atlantic
e5b56adc-81ef-0259-5529-9156df4995b1	Tudo Igual… SQN	NULL	N:\Series\Tudo Igual… SQN		NULL	NULL	
b0e6b720-0113-d36f-6efc-50540ef67546	Tudo Junto Misturado	NULL	N:\Series\Tudo Junto Misturado		NULL	NULL	
cf21eab4-4e63-43bd-a833-47e695f6f304	Tudo que amamos	우리가 사랑했던 모든 것	N:\Series\All That We Loved	Drama	ko	2023	TVING
6014f3ce-cc7e-df81-4ca2-76e71439b81a	Tudo Sob Controle	Tudo Sob Controle	N:\Series\Tudo Sob Controle (2025)	Drama	pt	2025	YouTube|Samsung TV Plus
04cd2926-c887-30f9-f625-1ec2b251fe20	Tudo Sobre os Washingtons	NULL	N:\Series\Tudo Sobre os Washingtons		NULL	NULL	
42ab489a-c07e-62fa-057b-00001170b0b7	Tulsa King	NULL	N:\Series\Tulsa King		NULL	NULL	
88010067-91de-5565-58e4-6f2fd58670cb	Túnel do Amor	NULL	N:\Series\Túnel do Amor		NULL	NULL	
c7283a42-d543-13b3-abca-754400912805	Turbo FAST	NULL	N:\Series\Turbo FAST		NULL	NULL	
71c71cca-a75b-34db-d135-6d1a63103bd2	Turma da Mônica - A Série	NULL	N:\Series\Turma da Mônica - A Série		NULL	NULL	
ea116ae9-f4c4-2711-e44c-fdd8aab1d31b	Turner e Hooch	NULL	N:\Series\Turner e Hooch		NULL	NULL	
4f1f9981-4fdf-dd26-f122-e1830986dc13	Twin Peaks	NULL	N:\Series\Twin Peaks		NULL	NULL	
ada3aae8-0544-56db-6b9c-e4be3a52b125	Two and a Half Men	NULL	N:\Series\Two and a Half Men		NULL	NULL	
b6ae54a8-1d56-8947-c302-528d79c16746	Two Sentence Horror Stories	NULL	N:\Series\Two Sentence Horror Stories		NULL	NULL	
ec94c604-f212-ba93-7c92-423666d9ae4c	Um Amor Tão Lindo	เพราะเธอคือรักแรก	N:\Series\A Love So Beautiful	Drama	th	2024	GMM 25
095211b8-844b-d71b-1dfd-b2a75f6d4e80	Um Anjo Caiu do Céu	NULL	N:\Series\Um Anjo Caiu do Céu		NULL	NULL	
7c3da0df-b822-fd03-e741-def6fe5c40ad	Um Assassino Entre Amigos	A Killer Among Friends	N:\Series\Um Assassino Entre Amigos (2025)	Crime|Documentário	en	2025	Investigation Discovery
83c75bce-d1dc-b3e0-a4ca-e7321532d810	Um Assunto Privado	NULL	N:\Series\Um Assunto Privado		NULL	NULL	
c6aba485-8fec-5e53-5138-3de1a2311a0b	Um de Nós Está Mentindo	NULL	N:\Series\Um de Nós Está Mentindo		NULL	NULL	
6447edf9-2078-b38f-2706-bdf0e6def2e6	Um Dia	One Day	N:\Series\Day One (2026)	Drama	en	2024	Netflix
2c1a0c14-cfa1-b938-d31f-5146d0e66a3d	Um Drink no Inferno	NULL	N:\Series\Um Drink no Inferno		NULL	NULL	
4abab029-3ba0-7447-a038-37edbcc85e47	Um Espião Infiltrado	A Man on the Inside	N:\Series\Inside Man	Comédia|Crime	en	2024	Netflix
77561bcd-936e-475a-a1cc-51a9d00f035f	Um Lobo como Eu	NULL	N:\Series\Um Lobo como Eu		NULL	NULL	
257af460-e0bb-aced-13d7-4ba2766c8214	Um maluco no pedaço	NULL	N:\Series\Um maluco no pedaço		NULL	NULL	
4b8b680d-d16f-13d0-a2bc-3d0ab33f6bfe	Um Milagre	NULL	N:\Series\Um Milagre		NULL	NULL	
a7139df8-af94-cb7c-3790-a3588de24ce4	Um Milhão de Coisas	A Million Little Things	N:\Series\A Million Little Things	Drama	en	2018	ABC
ee477b91-87c0-5e7f-41c7-23380a7e0899	Um Natal Nada Normal	NULL	N:\Series\Um Natal Nada Normal		NULL	NULL	
2bd47124-03a3-6a73-33a7-1626263527e7	Uma Advogada Extraordinária	NULL	N:\Series\Uma Advogada Extraordinária		NULL	NULL	
f7ae133d-adc4-3de7-4910-871c122074a1	Uma Família da Pesada	Family Guy	N:\Series\Family Guy	Animação|Comédia	en	1999	FOX
ca30b961-5339-8a0c-1a1b-ad15308fb1f8	Uma Mãe Perfeita	NULL	N:\Series\Uma Mãe Perfeita		NULL	NULL	
2cda8d83-446a-6766-9dc3-1a9819673864	Uma Turma Genial	NULL	N:\Series\Uma Turma Genial		NULL	NULL	
70d722e0-9495-6f4a-eccd-3fb489d69532	Unbreakable Kimmy Schmidt	NULL	N:\Series\Unbreakable Kimmy Schmidt		NULL	NULL	
ad02ac4c-d7bc-3476-b32d-96f1690dc857	Uncoupled	NULL	N:\Series\Uncoupled		NULL	NULL	
86e9f7b6-132f-c748-9aa6-fa8e3049e101	Under the Dome	NULL	N:\Series\Under the Dome		NULL	NULL	
01d67ea0-968a-8d9f-50ab-1536ce1e608e	Undone	NULL	N:\Series\Undone		NULL	NULL	
ec21ce9b-a1c3-4d37-5bbb-4a8dc8b23e4c	Universos Paralelos	NULL	N:\Series\Universos Paralelos		NULL	NULL	
000de62c-073c-81fb-7198-5e4137d18c5a	Upload	NULL	N:\Series\Upload		NULL	NULL	
1686c73a-a63f-170c-f746-1145d27ab8b2	Ursinhos Em Curso	NULL	N:\Series\Ursinhos Em Curso		NULL	NULL	
1ad51d2e-b687-fe9d-91d4-30c57a41a5b3	Utopia	NULL	N:\Series\Utopia		NULL	NULL	
87dda38a-f88a-90de-82e9-95c0374914ea	V Wars	NULL	N:\Series\V Wars		NULL	NULL	
89a02563-e255-f16d-5fc4-170ffb69a5f1	Vai Anitta	NULL	N:\Series\Vai Anitta		NULL	NULL	
a564feb8-5417-c777-53f2-f133c3ba1fb6	Vai Cachorro Vai!	NULL	N:\Series\Vai Cachorro Vai!		NULL	NULL	
c33b259c-c52e-41b1-2bba-7b931fceae69	Vai Que Cola	NULL	N:\Series\Vai Que Cola		NULL	NULL	
ecd24f49-f0a2-cc3c-b025-00ff92123698	Vale dos Esquecidos	NULL	N:\Series\Vale dos Esquecidos		NULL	NULL	
881c424c-14a7-802a-ed4f-130cc72f0dea	Vale Tudo	Vale Tudo	N:\Series\Vale Tudo (2025)	Soap|Drama	pt	2025	TV Globo
97745079-2514-9cdb-79e0-50db9c58b58d	Vale Tudo	NULL	N:\Series\Vale Tudo (1988)		NULL	NULL	
efaf66fe-9f0c-badf-7935-02d90e46cd12	Vale Tudo com Tim Maia	NULL	N:\Series\Vale Tudo com Tim Maia		NULL	NULL	
cf819045-1192-0fae-fc0c-60f9f628e164	Valendo Ouro	NULL	N:\Series\Valendo Ouro		NULL	NULL	
99a86949-5c13-b075-4afd-c676e8d67fbc	Valéria	NULL	N:\Series\Valéria		NULL	NULL	
bfeeb3e5-7e27-f610-96f5-6730aa5850e1	Valley of Tears	NULL	N:\Series\Valley of Tears		NULL	NULL	
008403bb-899c-fce3-7e66-97ddf377b8d5	Vamp	NULL	N:\Series\Vamp		NULL	NULL	
3c7a01be-b2c8-6db5-aa0b-520d85e7d473	Van Helsing	NULL	N:\Series\Van Helsing		NULL	NULL	
9a90133b-7530-1a22-6b6c-2de9a1e8202f	Vanished	Vanished	N:\Series\Vanished (2026)	Drama|Mistério	en	2026	MGM+
17139467-8df2-cbfe-3853-f5d0615f66c8	Veep	NULL	N:\Series\Veep		NULL	NULL	
a7eccb5d-1d0c-ee72-5f4a-136894a51336	Velho Chico	NULL	N:\Series\Velho Chico		NULL	NULL	
4d72b90e-71fa-b476-c8f8-c59723cb43fe	Velma	NULL	N:\Series\Velma		NULL	NULL	
f89ff959-0649-0a13-f088-30921982cf46	Velozes e Furiosos Espiões do Asfalto	NULL	N:\Series\Velozes e Furiosos Espiões do Asfalto		NULL	NULL	
e9437888-7c20-0407-292b-8f2d535f9898	Veneno	NULL	N:\Series\Veneno		NULL	NULL	
634297e9-32f2-adb1-329a-d2aeee15be8a	Verão 90	NULL	N:\Series\Verão 90		NULL	NULL	
165f7f64-912d-52f8-edf6-c15977a62c38	Verdades Secretas	NULL	N:\Series\Verdades Secretas		NULL	NULL	
9d1739db-5e6b-efa6-06a8-be08b1cb6d1f	Verdades Secretas 2	NULL	N:\Series\Verdades Secretas 2		NULL	NULL	
64a4ffef-0c85-5ce6-8d78-5fa13eeaea6b	Vereda Tropical	NULL	N:\Series\Vereda Tropical		NULL	NULL	
285c9d27-78b5-a19c-c783-aa65321be377	Veronica Mars	NULL	N:\Series\Veronica Mars		NULL	NULL	
f633059c-42f9-64fe-95a8-37d0c509bbbd	Veterinário das Montanhas	NULL	N:\Series\Veterinário das Montanhas		NULL	NULL	
512fcaa1-2af3-b764-6bf3-8fda70bd96ee	Vice Principals	NULL	N:\Series\Vice Principals		NULL	NULL	
1bfc2fe4-129e-9b88-4c08-b2a68f50503f	Vida	NULL	N:\Series\Vida		NULL	NULL	
3159a6b3-21c0-be9f-0ef5-b03fcba18f6c	Vida Após a Morte	NULL	N:\Series\Vida Após a Morte		NULL	NULL	
b35f736e-d8c1-f8be-81df-313b304680c9	Vida de Casal	NULL	N:\Series\Vida de Casal		NULL	NULL	
1a326dce-53db-faed-29cf-71e0b315b7df	Vida Perfeita	NULL	N:\Series\Vida Perfeita		NULL	NULL	
6d4e54c2-0bcc-1e3a-9012-01fb0365216a	Vida Remota: O Refúgio de Marty	Homestead Rescue: Raney Ranch	N:\Series\Homestead Rescue - Raney Ranch	Documentário|Reality	en	2020	Discovery
6c8951a4-8259-bc9c-d530-5239c462cc15	Vikings	NULL	N:\Series\Vikings (2013)		NULL	NULL	
aeedb6b5-8eec-0612-06f2-ddf07cbd53cf	Vikings - Valhalla	NULL	N:\Series\Vikings - Valhalla		NULL	NULL	
9786e9f8-1553-0c06-44b0-c574b15af006	Vincenzo	NULL	N:\Series\Vincenzo		NULL	NULL	
d1a6924f-6e1e-52d9-4f99-cb80836ca061	Vingança Sabor Cereja	NULL	N:\Series\Vingança Sabor Cereja		NULL	NULL	
37952c31-5aa6-0b9d-6369-f1e75a49abe8	Vinyl	NULL	N:\Series\Vinyl		NULL	NULL	
533bb4e2-2daf-1bea-253a-2aa64736432b	Violet Evergarden	NULL	N:\Series\Violet Evergarden		NULL	NULL	
da3c4509-8b57-323a-c6c5-89299664e13b	Virando o Jogo dos Campeões	NULL	N:\Series\Virando o Jogo dos Campeões		NULL	NULL	
bd422e8c-eedd-11dc-bb54-a180349f55ef	Virgin River	NULL	N:\Series\Virgin River		NULL	NULL	
86de26bc-5885-f2a5-5e79-461727570e89	Vis a Vis	NULL	N:\Series\Vis a Vis		NULL	NULL	
55a9854f-9eab-fbce-0d33-c5b0f478cd7f	Vis a Vis - El Oasis	NULL	N:\Series\Vis a Vis - El Oasis		NULL	NULL	
af3e52a1-d1ea-aace-11f1-e15375d09dac	Visitors	NULL	N:\Series\Visitors		NULL	NULL	
8e21e125-6fa9-0a51-ca9f-1a1b67b67ef0	Vivy - Fluorite Eye’s Song	NULL	N:\Series\Vivy - Fluorite Eye’s Song		NULL	NULL	
e6cbc551-99c6-fb00-33e7-48176d7cbbc4	Você	NULL	N:\Series\Você		NULL	NULL	
4eff8fd6-0692-3a5e-3397-075700007bd0	Você Nunca Esteve Sozinha - O Doc de Juliette	NULL	N:\Series\Você Nunca Esteve Sozinha - O Doc de Juliette		NULL	NULL	
38cf895a-0a1c-ffd2-79bb-df9f3a94351b	Vosso Reino	NULL	N:\Series\Vosso Reino		NULL	NULL	
b5595246-62bf-be81-1c11-0d9f16098da5	Walker	NULL	N:\Series\Walker		NULL	NULL	
55ece676-45a3-a812-fa1d-9bed3b7f1bd9	WandaVision	NULL	N:\Series\WandaVision		NULL	NULL	
032fbf5e-f126-1985-47e8-e5f77bb7f9a6	Wandering Witch: The Journey of Elaina	魔女の旅々	N:\Series\The Journey of Elaina	Animação|Action & Adventure|Sci-Fi & Fantasy|Comédia	ja	2020	AT-X|
9b50130c-7aaa-8c50-b4f8-5251a26d9be4	Wandinha	NULL	N:\Series\Wandinha		NULL	NULL	
fb927dde-665d-0071-91ee-3b5631f0a20b	Warrior	NULL	N:\Series\Warrior		NULL	NULL	
0e75e0c4-d1ec-d2f7-c677-20942ad42df2	Warrior Nun	NULL	N:\Series\Warrior Nun		NULL	NULL	
197dd5e2-692a-457d-4920-9e35ca8c3e31	Watchmen	NULL	N:\Series\Watchmen		NULL	NULL	
96d23f7b-7848-02e9-2c90-2600a95aacf6	Wayne	NULL	N:\Series\Wayne		NULL	NULL	
579e908c-79be-b9a0-2bda-1713f7345d98	Wayward Pines	NULL	N:\Series\Wayward Pines		NULL	NULL	
2ce89538-8e6b-07c0-1fe3-eb7da992d3a1	WeCrashed	NULL	N:\Series\WeCrashed		NULL	NULL	
f8a78716-ba94-f707-a9e4-3c8f268b4b1a	Weeds	NULL	N:\Series\Weeds		NULL	NULL	
dda09841-61c0-b313-1c42-e1676557fdd8	Welcome to Utmark	NULL	N:\Series\Welcome to Utmark		NULL	NULL	
54deb2aa-ef39-d536-9a36-ced44dc97ca4	Wellington Paranormal	NULL	N:\Series\Wellington Paranormal		NULL	NULL	
d427e8c3-61a7-fdfc-86f7-aeb9b67a3708	Westworld	NULL	N:\Series\Westworld		NULL	NULL	
61feb050-e695-5ec3-e52e-01e38cc79141	What If	NULL	N:\Series\What If..._		NULL	NULL	
9d0a23dc-ad38-2056-8dd9-07a2432ebcce	White Collar	NULL	N:\Series\White Collar		NULL	NULL	
f45527b1-d4dc-f17c-8deb-f03e3084bc78	Wild Frank Perdido Na África	NULL	N:\Series\Wild Frank Perdido Na África		NULL	NULL	
8b54d722-118f-7e91-aeec-5a0e258130d1	Willow	NULL	N:\Series\Willow		NULL	NULL	
5ebacc6c-71f0-4b59-2eb0-0f2b297e76f1	Wolf Creek	NULL	N:\Series\Wolf Creek		NULL	NULL	
2b948695-7e89-00ac-4521-1457fd42847f	Wynonna Earp - A Maldição dos Renascidos	NULL	N:\Series\Wynonna Earp - A Maldição dos Renascidos		NULL	NULL	
8a7048e3-e26e-b85d-1203-96ef19482bf0	xxHOLiC	NULL	N:\Series\xxHOLiC		NULL	NULL	
3f3eeb43-3bdd-f4a2-3a66-43d2dd5346d3	Y - O Último Homem	NULL	N:\Series\Y - O Último Homem		NULL	NULL	
64c89b47-1dc0-bf51-3226-a593e9379438	Yabba-Dabba Dinossauros	NULL	N:\Series\Yabba-Dabba Dinossauros		NULL	NULL	
1867158d-182f-4a49-338b-98e98a790a31	Yashahime Princess Half-Demon	NULL	N:\Series\Yashahime Princess Half-Demon		NULL	NULL	
a0d929e0-14e5-eace-a68b-1222c8beaf68	Yasuke	NULL	N:\Series\Yasuke		NULL	NULL	
55404911-8239-afc1-dffb-a95454016606	Yellowjackets	NULL	N:\Series\Yellowjackets		NULL	NULL	
ae12014b-6e02-1390-2411-e9aa19f51443	Yellowstone	NULL	N:\Series\Yellowstone		NULL	NULL	
375b910f-9b11-cc05-9627-b020c951ee98	Young Rock	NULL	N:\Series\Young Rock		NULL	NULL	
b67d92ce-e91b-d51e-255b-6d5d2965fe77	Young Royals	NULL	N:\Series\Young Royals		NULL	NULL	
679f3c13-1417-cb3d-6443-846834eafcee	Young Sheldon	NULL	N:\Series\Young Sheldon		NULL	NULL	
15e843d3-eb77-32d8-65c9-867d3eafc127	Your Honor	NULL	N:\Series\Your Honor		NULL	NULL	
b33ed202-a56d-54de-b795-97c4e772e6f4	Yu Yu Hakusho (Anime)	NULL	N:\Series\Yu Yu Hakusho (Anime)		NULL	NULL	
96c81fa0-b8bd-f196-e208-f3455fb55cee	Yu-Gi-Oh	NULL	N:\Series\Yu-Gi-Oh		NULL	NULL	
faca1ef6-e763-2e0b-0e66-14378ab67bce	Zack e Bud	NULL	N:\Series\Zack e Bud		NULL	NULL	
c191fe6b-01f7-fcb0-db40-214c8fdc03b7	Zero	NULL	N:\Series\Zero		NULL	NULL	
9fa55641-cb5f-d9c1-3a4f-fabb2e76dfdb	Zorro	NULL	N:\Series\Zorro (2024)		NULL	NULL	
dd14fbed-ab7d-abf6-764e-a000cf16eb15	Zorro	Zorro	N:\Series\Zorro	Faroeste|Action & Adventure	en	1957	ABC
5f161f49-6a6a-fcbf-c7d0-902739eecf06	베베핀	베베핀	N:\Series\Bebefinn	Animação|Kids	ko	2022	iQiyi
